company_name,phone,city,state,website,rating,review_count
"Gexa Energy",(866) 961-9399,Houston,TX,www.gexaenergy.com,4.7,27672
"Ezee Fiber",+1 346-768-3001,Houston,TX,ezeefiber.com/?utm_source=gmb&utm_medium=organic&utm_content=gmb-website,4.9,17799
"4Change Energy®",(855) 784-2426,,TX,www.4changeenergy.com,4.5,16910
"Frontier Utilities",(866) 926-8192,Houston,TX,www.frontierutilities.com,4.7,16422
"A#1 Air",(972) 460-0001,Lewisville,TX,anumber1air.com/?utm_source=google-gbp&utm_medium=organic&utm_campaign=*319*a1-air-lewisville,4.7,12419
"Walmart Supercenter",(954) 453-6538,Fort Lauderdale,TX,www.walmart.com/store/2946-fort-lauderdale-fl/?veh=seo_loc,3.9,12124
"Walmart",(858) 268-2885,San Diego,TX,www.walmart.com/store/5338-san-diego-ca?veh=seo_loc,4,10900
"Walmart Supercenter",(305) 242-4447,Florida City,TX,www.walmart.com/store/2727-florida-city-fl/?veh=seo_loc,4.1,9803
"TXU Energy",(855) 752-0086,,TX,www.txu.com/?WT.mc_id=GGLPLACES,4.7,9782
"Walmart Supercenter",(859) 282-8333,Florence,TX,www.walmart.com/store/1510-florence-ky/?veh=seo_loc,3.6,9199
"Will Fix It",(210) 866-8048,San Antonio,TX,www.willfixit.com/locations?utm_source=google&utm_medium=gbp&utm_campaign=local_seo&utm_content=gbp_website_click,4.6,8775
"IKEA",(888) 888-4532,New Haven,TX,www.ikea.com/us/en/stores/new-haven/?utm_source=google&utm_medium=organic&utm_campaign=map&utm_content=new-haven,4.3,8101
"Walmart Supercenter",(616) 784-2047,Comstock Park,TX,www.walmart.com/store/1923-comstock-park-mi/?veh=seo_loc,3.7,7678
"Walmart Supercenter",(615) 873-2222,Nashville,TX,www.walmart.com/store/4435-nashville-tn/?veh=seo_loc,3.6,7295
"Just Energy",(866) 409-1167,Houston,TX,justenergy.com/?utm_source=google&utm_medium=organic&utm_campaign=gmb,4.2,7153
"Walmart Supercenter",(561) 223-4357,Palm Springs,TX,www.walmart.com/store/5882-palm-springs-fl/?veh=seo_loc,4.1,6669
"Walmart Supercenter",(561) 742-0718,Boynton Beach,TX,www.walmart.com/store/2789-boynton-beach-fl/?veh=seo_loc,3.9,6546
"Walmart Supercenter",(931) 553-8127,Clarksville,TX,www.walmart.com/store/673-clarksville-tn/?veh=seo_loc,3.9,6472
"Midland Air Service Experts",(803) 913-8652,Lexington,TX,www.serviceexperts.com/columbia-sc/?&utm_campaign=listing&utm_medium=organic_search&utm_source=gmb&utm_content=brand,4.9,6258
"Bass Pro Shops",(972) 724-2018,Grapevine,TX,stores.basspro.com/us/tx/grapevine/2501-bass-pro-dr.html?y_source=1_MzAxMTUwOS03MTUtbG9jYXRpb24ud2Vic2l0ZQ%3D%3D,4.5,6207
"Reliant Energy",(866) 222-7100,Houston,TX,www.reliant.com/en/residential/electricity/areas-we-serve/greater-houston-area/houston,4.5,6145
"Stevenson Service Experts",(937) 862-0699,Beavercreek,TX,www.serviceexperts.com/beavercreek-oh/?&utm_campaign=listing&utm_medium=organic_search&utm_source=gmb&utm_content=brand,4.8,6104
"Walmart Supercenter",(941) 625-2399,Port Charlotte,TX,www.walmart.com/store/721-port-charlotte-fl/?veh=seo_loc,4.1,6035
"Service Experts Heating & Air Conditioning",(919) 823-6631,Raleigh,TX,www.serviceexperts.com/raleigh-nc/?&utm_campaign=listing&utm_medium=organic_search&utm_source=gmb&utm_content=brand,4.9,6016
"Stan's Heating, Air, Plumbing & Electrical",(512) 200-7614,Austin,TX,www.stansac.com/?utm_source=GMB&utm_medium=organic&utm_campaign=GMB,4.7,6007
"Abacus Plumbing, Air Conditioning, & Electrical",(512) 943-7070,Austin,TX,www.abacusplumbing.com/?utm_campaign=gmb_ab-atx_home_everyone_gmb-austin&utm_medium=gmb&utm_source=google,4.8,5861
"Costco Wholesale",(972) 772-1602,Rockwall,TX,www.costco.com/warehouse-locations/rockwall-TX-1049.html?utm_term=KW&utm_campaign=Homepage&utm_medium=GMB&utm_source=Google&utm_content=Link,4.5,5835
"Rhythm Energy",(281) 836-0774,Houston,TX,www.gotrhythm.com,4.7,5452
"Blain's Farm & Fleet - Oak Creek, Wisconsin",(414) 764-6606,Oak Creek,TX,www.farmandfleet.com/stores/blains-farm-and-fleet-of-oak-creek-wisconsin,4.3,5085
"Walmart Supercenter",(772) 336-8212,Port St. Lucie,TX,www.walmart.com/store/4260-port-st-lucie-fl/?veh=seo_loc,3.9,4994
"Quality Home Products of Texas",(281) 955-3400,Houston,TX,qualitytx.com,4.8,4867
"Walmart Supercenter",(509) 543-7934,Pasco,TX,www.walmart.com/store/3380-pasco-wa/?veh=seo_loc,3.9,4584
"Service Experts Houston",(713) 722-5000,Houston,TX,www.churchservices.com/?utm_source=google-business-profile&utm_medium=organic&utm_campaign=business-listing&utm_content=church,4.8,4428
"Best Buy",(972) 712-3939,Frisco,TX,stores.bestbuy.com/tx/frisco/3333-preston-rd-180.html/?ref=NS&loc=ns100,4.1,4332
"Window World of Houston",(713) 439-1172,Houston,TX,www.windowworldhouston.com,4.7,4330
"Best Buy",(361) 857-8300,Corpus Christi,TX,stores.bestbuy.com/tx/corpus-christi/4717-s-padre-island-dr-235.html/?ref=NS&loc=ns100,4.1,4320
"Best Buy",(915) 584-5304,El Paso,TX,stores.bestbuy.com/tx/el-paso/815-sunland-park-dr-829.html/?ref=NS&loc=ns100,4.3,4263
"Walmart Supercenter",(260) 441-7071,Fort Wayne,TX,www.walmart.com/store/4231-fort-wayne-in/?veh=seo_loc,3.8,4259
"Walmart Supercenter",(740) 380-1472,Logan,TX,www.walmart.com/store/3282-logan-oh/?veh=seo_loc,4,4039
"Best Buy",(956) 686-8633,McAllen,TX,stores.bestbuy.com/tx/mcallen/8012-n-10th-st-1473.html/?ref=NS&loc=ns100,4.3,3878
"Best Buy",(970) 225-6003,Fort Collins,TX,stores.bestbuy.com/co/fort-collins/4040-s-college-ave-225.html/?ref=NS&loc=ns100,4,3859
"IGS Energy",(877) 995-4447,Dublin,TX,www.igs.com,4.1,3818
"Best Buy",(512) 246-3120,Round Rock,TX,stores.bestbuy.com/tx/round-rock/3201-south-interstate-35-859.html/?ref=NS&loc=ns100,4.1,3813
"Lowe's Home Improvement",(915) 755-9155,El Paso,TX,www.lowes.com/store/TX-El-Paso/1137?cm_mmc=lod-_-c-_-lcl-_-awr-_-yxt-_-go-_-1137-_-na-_-0-_-0&y_source=1_MTE4NDM4OC03MTUtbG9jYXRpb24ud2Vic2l0ZQ%3D%3D,4.2,3792
"Meijer",+1 989-839-5900,Midland,TX,www.meijer.com/shopping/store-locator/108.html?cmpid=LM:Web::::05112021::GoogleGrocery,4.3,3749
"The Home Depot",(313) 341-7750,Detroit,TX,www.homedepot.com/l/Detroit-7-Mile-Meyers/MI/Detroit/48235/2781?emt=MSGMBGoogleMaps,3.9,3745
"Constellation",(888) 900-7052,Houston,TX,www.constellation.com,4.6,3715
"Rescue Air and Plumbing",(972) 201-3253,Dallas,TX,www.rescueairtx.com,4.9,3684
"Best Buy",(260) 471-5501,Fort Wayne,TX,stores.bestbuy.com/in/fort-wayne/737-northcrest-shopping-ctr-228.html/?ref=NS&loc=ns100,4.1,3626
"Blain's Farm & Fleet - Sturtevant, Wisconsin",(262) 886-2757,Sturtevant,TX,www.farmandfleet.com/stores/blains-farm-and-fleet-of-sturtevant-wisconsin,4.4,3618
"Knochelmann Service Experts",(859) 927-3814,Sharonville,TX,www.serviceexperts.com/cincinnati-oh?&utm_campaign=listing&utm_medium=organic_search&utm_source=gmb&utm_content=brand,4.9,3611
"Best Buy",(951) 343-8960,Riverside,TX,stores.bestbuy.com/ca/riverside/3900-tyler-st-110.html/?ref=NS&loc=ns100,4.2,3585
"Walmart Supercenter",(760) 730-1371,Oceanside,TX,www.walmart.com/store/5075-oceanside-ca/?veh=seo_loc,4,3580
"Walmart Supercenter",(740) 439-5743,Cambridge,TX,www.walmart.com/store/3262-cambridge-oh/?veh=seo_loc,3.8,3557
"CleanSky Energy",(888) 355-6205,Houston,TX,cleanskyenergy.com/?utm_source=local-gbp&utm_medium=organic&utm_campaign=gbp,4.6,3464
"Energy Ogre",(832) 924-7120,Houston,TX,www.energyogre.com/?utm_source=gmb&utm_medium=organic&utm_campaign=gmbprofile,4.7,3412
"Tritek Window Tinting & Paint Protection",(972) 926-5666,Garland,TX,tritektinting.com,5,3399
"Lowe's Home Improvement",(713) 426-6300,Houston,TX,www.lowes.com/store/TX-Houston/0681?cm_mmc=lod-_-c-_-lcl-_-awr-_-yxt-_-go-_-681-_-na-_-0-_-0&y_source=1_MTE4Mzg2NS03MTUtbG9jYXRpb24ud2Vic2l0ZQ%3D%3D,3.9,3383
"Vego Garden",+1 866-597-1888,Tomball,TX,vegogarden.com,4.9,3347
"Lowe's Home Improvement",(903) 581-8500,Tyler,TX,www.lowes.com/store/TX-Tyler/0463?cm_mmc=lod-_-c-_-lcl-_-awr-_-yxt-_-go-_-463-_-na-_-0-_-0&y_source=1_MTE4NDMwNi03MTUtbG9jYXRpb24ud2Vic2l0ZQ%3D%3D,3.9,3336
"Green Mountain Energy",(877) 245-7795,Houston,TX,www.greenmountainenergy.com,3.9,3293
"Walmart Supercenter",(251) 947-4424,Robertsdale,TX,www.walmart.com/store/6173-robertsdale-al/?veh=seo_loc,4,3291
"Power Home Remodeling",(214) 306-7611,Irving,TX,powerhrg.com,4.6,3283
"Colair",(956) 581-5212,Mission,TX,colairinc.com/?utm_source=google&utm_medium=organic&utm_campaign=google_business_profile,5,3264
"The Home Depot",(210) 531-9600,San Antonio,TX,www.homedepot.com/l/Fair-Ave/TX/San-Antonio/78223/503?emt=MSGMBGoogleMaps,4.2,3216
"DaBella",(971) 251-1650,Hillsboro,TX,dabella.us/location/portland/?utm_source=GBP&utm_medium=link&utm_campaign=portlandORGBP&utm_id=Google+Business+Profile+Clicks,4.4,3161
"The Home Depot",(908) 686-9804,Vauxhall,TX,www.homedepot.com/l/915/NJ/Vauxhall/07088/915,4.2,3068
"The Home Depot",(210) 932-1199,San Antonio,TX,www.homedepot.com/l/Military/TX/San-Antonio/78224/6529?emt=MSGMBGoogleMaps,4.1,3065
"The Home Depot",(281) 820-4745,Houston,TX,www.homedepot.com/l/North-Houston/TX/Houston/77037/6510?emt=MSGMBGoogleMaps,4.2,3039
"Walmart Supercenter",(859) 635-8800,Alexandria,TX,www.walmart.com/store/1961-alexandria-ky/?veh=seo_loc,3.7,3025
"Cabela's",(978) 212-6200,Hudson,TX,stores.cabelas.com/us/ma/hudson/44-highland-common.html?y_source=1_Mzk4Njc2My03MTUtbG9jYXRpb24ud2Vic2l0ZQ%3D%3D,4.5,2930
"Best Buy",(334) 272-1552,Montgomery,TX,stores.bestbuy.com/al/montgomery/7701-eastchase-pkwy-836.html/?ref=NS&loc=ns100,3.9,2863
"Power Home Remodeling",(832) 940-7074,Houston,TX,powerhrg.com,4.6,2861
"Lowe's Home Improvement",(210) 334-3150,San Antonio,TX,www.lowes.com/store/TX-San-Antonio/2786?cm_mmc=lod-_-c-_-lcl-_-awr-_-yxt-_-go-_-2786-_-na-_-0-_-0&y_source=1_MTE4Mjg0OC03MTUtbG9jYXRpb24ud2Vic2l0ZQ%3D%3D,4,2847
"Best Buy",(432) 367-4189,Odessa,TX,stores.bestbuy.com/tx/odessa/6300-e-highway-191-1526.html/?ref=NS&loc=ns100,4.1,2829
"Grasten Power Technologies",(281) 259-6500,Conroe,TX,grastengenerators.com/?utm_source=google&utm_medium=organic&utm_campaign=gbp&utm_term=houston,4.8,2808
"Lowe's Home Improvement",(956) 783-7570,Pharr,TX,www.lowes.com/store/TX-Pharr/1702?cm_mmc=lod-_-c-_-lcl-_-awr-_-yxt-_-go-_-1702-_-na-_-0-_-0&y_source=1_MTE4NDQ5OS03MTUtbG9jYXRpb24ud2Vic2l0ZQ%3D%3D,4.2,2807
"The Home Depot",(903) 581-8513,Tyler,TX,www.homedepot.com/l/Tyler/TX/Tyler/75701/6514?emt=MSGMBGoogleMaps,4.1,2771
"Baker Home Energy",(877) 409-0341,Escondido,TX,bakerhomeenergy.com/?utm_source=GBP&utm_medium=google&utm_campaign=click,4.8,2761
"The Home Depot",(361) 993-1400,Corpus Christi,TX,www.homedepot.com/l/Corpus-Christi/TX/Corpus-Christi/78411/526?emt=MSGMBGoogleMaps,4.2,2747
"Paul Bange Roofing, Inc.",(954) 981-7663,Davie,TX,www.paulbangeroofing.com,4.9,2739
"Woods Comfort Systems",(512) 881-0056,San Marcos,TX,woodscomfortsystems.com/?utm_source=GBP&utm_medium=GBP,4.9,2650
"The Home Depot",(281) 998-9669,Pasadena,TX,www.homedepot.com/l/Pasadena/TX/Pasadena/77505/565?emt=MSGMBGoogleMaps,4.2,2609
"Spark Energy, LLC",(877) 547-7275,Houston,TX,www.sparkenergy.com,4.2,2602
"The Home Depot",(210) 520-4198,San Antonio,TX,www.homedepot.com/l/Culebra/TX/San-Antonio/78251/6818?emt=MSGMBGoogleMaps,4.1,2598
"Best Buy",(951) 845-1194,Beaumont,TX,stores.bestbuy.com/ca/beaumont/1650-e-2nd-st-1441.html/?ref=NS&loc=ns100,4.3,2595
"Best Buy",(940) 384-9581,Denton,TX,stores.bestbuy.com/tx/denton/1800-s-loop-288-827.html/?ref=NS&loc=ns100,4,2550
"The Home Depot",(956) 994-1419,Pharr,TX,www.homedepot.com/l/Mcallen/TX/Pharr/78577/506?emt=MSGMBGoogleMaps,4.2,2484
"The Home Depot",(281) 980-1777,Sugar Land,TX,www.homedepot.com/l/Kingsbridge/TX/Sugar-Land/77498/6860?emt=MSGMBGoogleMaps,4.1,2457
"Harbor Freight",(817) 281-9600,North Richland Hills,TX,www.harborfreight.com/storelocator/7523-boulevard-26-n-richland-hls-76180?number=267,4.5,2447
"The Home Depot",(210) 824-9677,San Antonio,TX,www.homedepot.com/l/Alamo-Heights/TX/San-Antonio/78209/6544?emt=MSGMBGoogleMaps,4.2,2435
"ABC Home & Commercial Services",(210) 599-9500,San Antonio,TX,www.abchomeandcommercial.com/sanantonio/pest-control?utm_source=gmb&utm_medium=organic&utm_campaign=sanantonio-pest,4.8,2419
"Sunny Service",(817) 476-3051,Hurst,TX,www.sunnyservice.com/?utm_source=GMB&utm_medium=local,4.9,2378
"The Home Depot",(408) 245-3686,Sunnyvale,TX,www.homedepot.com/l/Kifer-Rd/CA/Sunnyvale/94086/640?emt=MSGMBGoogleMaps,4,2374
"Expo Home Improvement",(972) 486-9166,Farmers Branch,TX,www.expohomeimprovement.com,4.9,2374
"Best Buy",(847) 590-9849,Arlington Heights,TX,stores.bestbuy.com/il/arlington-heights/615-e-palatine-rd-303.html/?ref=NS&loc=ns100,4.1,2350
"Lowe's Home Improvement",(940) 320-1938,Denton,TX,www.lowes.com/store/TX-Denton/0183?cm_mmc=lod-_-c-_-lcl-_-awr-_-yxt-_-go-_-183-_-na-_-0-_-0&y_source=1_MTE4NDQ2NS03MTUtbG9jYXRpb24ud2Vic2l0ZQ%3D%3D,4.1,2348
"The Home Depot",(915) 585-2319,El Paso,TX,www.homedepot.com/l/West-El-Paso/TX/El-Paso/79912/523?emt=MSGMBGoogleMaps,4.3,2339
"Blain's Farm & Fleet - Rockford, Illinois",(815) 964-8320,Rockford,TX,www.farmandfleet.com/stores/blains-farm-and-fleet-of-rockford-illinois,4.4,2331
"Walmart Supercenter",(260) 244-4060,Columbia City,TX,www.walmart.com/store/1425-columbia-city-in/?veh=seo_loc,3.9,2317
"Best Buy",(360) 652-1219,Marysville,TX,stores.bestbuy.com/wa/marysville/16924-twin-lakes-ave-1415.html/?ref=NS&loc=ns100,4,2293
"TriEagle Energy",(877) 933-2453,,TX,www.trieagleenergy.com,4.2,2250
"Hart HVAC and Electric",(682) 418-5981,Weatherford,TX,www.harthvac.net/furnace-repair-weatherford-tx/?utm_source=google&utm_medium=organic&utm_campaign=gbp_weatherford,5,2235
"Elevation Solar LLC",(866) 258-4381,Gilbert,TX,www.poweredbyelevation.com,4.5,2218
"Best Buy",(972) 722-1486,Rockwall,TX,stores.bestbuy.com/tx/rockwall/995-e-i-30-1417.html/?ref=NS&loc=ns100,4.1,2209
"The Home Depot",(817) 485-4400,Richland Hills,TX,www.homedepot.com/l/North-Richland/TX/N-Richland-Hills/76180/540?emt=MSGMBGoogleMaps,4.2,2191
"Walmart Supercenter",(575) 894-0343,Truth or Consequences,TX,www.walmart.com/store/4341-truth-or-consequences-nm/?veh=seo_loc,4,2186
"Walmart Supercenter",(830) 278-9117,Uvalde,TX,www.walmart.com/store/782-uvalde-tx/?veh=seo_loc,4.2,2185
"Lowe's Home Improvement",(512) 441-0329,Austin,TX,www.lowes.com/store/TX-Austin/0689?cm_mmc=lod-_-c-_-lcl-_-awr-_-yxt-_-go-_-689-_-na-_-0-_-0&y_source=1_MTE4MzQ3Mi03MTUtbG9jYXRpb24ud2Vic2l0ZQ%3D%3D,4,2175
"Lowe's Home Improvement",(956) 664-8040,McAllen,TX,www.lowes.com/store/TX-Mcallen/2656?cm_mmc=lod-_-c-_-lcl-_-awr-_-yxt-_-go-_-2656-_-na-_-0-_-0&y_source=1_MTE4NDQ5Ny03MTUtbG9jYXRpb24ud2Vic2l0ZQ%3D%3D,4.3,2174
"The Home Depot",(516) 997-9595,Jericho,TX,www.homedepot.com/l/Jericho/NY/Jericho/11753/1213?emt=MSGMBGoogleMaps,4.2,2169
"The Home Depot",(361) 853-9173,Corpus Christi,TX,www.homedepot.com/l/Bridgepoint/TX/Corpus-Christi/78415/6584?emt=MSGMBGoogleMaps,4.3,2157
"Power Home Remodeling",(512) 961-4491,Austin,TX,powerhrg.com,4.5,2120
"The Home Depot",(956) 668-8783,McAllen,TX,www.homedepot.com/l/N-Mcallen/TX/Mcallen/78504/516?emt=MSGMBGoogleMaps,4.3,2118
"Walmart Supercenter",(661) 772-8061,Wasco,TX,www.walmart.com/store/5859-wasco-ca/?veh=seo_loc,4.2,2103
"Lowe's Home Improvement",(512) 600-0011,Round Rock,TX,www.lowes.com/store/TX-Round-Rock/0778?cm_mmc=lod-_-c-_-lcl-_-awr-_-yxt-_-go-_-778-_-na-_-0-_-0&y_source=1_MTE4MzQ3My03MTUtbG9jYXRpb24ud2Vic2l0ZQ%3D%3D,4,2065
"Lowe's Home Improvement",(817) 276-5700,Fort Worth,TX,www.lowes.com/store/TX-Ft.-Worth/2546?cm_mmc=lod-_-c-_-lcl-_-awr-_-yxt-_-go-_-2546-_-na-_-0-_-0&y_source=1_MTE4NDE0OC03MTUtbG9jYXRpb24ud2Vic2l0ZQ%3D%3D,4.1,2056
"Discount Power",(877) 455-4674,Houston,TX,www.discountpowertx.com,3.6,2036
"The Home Depot",(716) 871-8800,Buffalo,TX,www.homedepot.com/l/North-Buffalo/NY/Buffalo/14207/1234?emt=MSGMBGoogleMaps,4.2,2035
"Apple Cielo Vista Mall",(915) 774-8020,El Paso,TX,www.apple.com/retail/cielovistamall?cid=aos-us-seo-maps,4.1,1926
"Best Buy",(512) 819-0478,Georgetown,TX,stores.bestbuy.com/tx/georgetown/1015-w-university-ave-691.html/?ref=NS&loc=ns100,4.1,1899
"The Home Depot",(713) 461-9898,Houston,TX,www.homedepot.com/l/Lumpkin/TX/Houston/77043/571?emt=MSGMBGoogleMaps,4.2,1895
"Airview AC",(972) 914-7452,Van Alstyne,TX,www.airviewac.com,4.9,1875
"Apple Easton Town Center",(614) 934-2810,Columbus,TX,www.apple.com/retail/easton?cid=aos-us-seo-maps,3.8,1836
"Reliant Energy",(866) 735-4268,,TX,www.reliant.com/en/areas-we-serve/lubbock-electricity.jsp,4.4,1832
"The Home Depot",(806) 468-9100,Amarillo,TX,www.homedepot.com/l/E-Amarillo/TX/Amarillo/79109/6831?emt=MSGMBGoogleMaps,4.2,1822
"LGCY Power",(855) 502-0485,Lehi,TX,www.lgcypower.com/state/ut/lehi,4.6,1809
"Harbor Freight",(903) 581-2244,Tyler,TX,www.harborfreight.com/storelocator/3819-s-southwest-loop-323-tyler-75701?number=502,4.4,1805
"Lowe's Home Improvement",(972) 731-8003,Frisco,TX,www.lowes.com/store/TX-Frisco/1059?cm_mmc=lod-_-c-_-lcl-_-awr-_-yxt-_-go-_-1059-_-na-_-0-_-0&y_source=1_MTE4NDUyMC03MTUtbG9jYXRpb24ud2Vic2l0ZQ%3D%3D,4.1,1779
"Best Buy",(334) 737-1770,Opelika,TX,stores.bestbuy.com/al/opelika/2147-tiger-town-pkwy-662.html/?ref=NS&loc=ns100,4.1,1754
"SunVena Solar",(407) 553-9584,Sanford,TX,sunvena.com/?utm_source=google&utm_medium=gmb&utm_campaign=solar_panel_installer,4.9,1745
"Spruce Power",(888) 636-0336,Houston,TX,www.sprucepower.com,3.7,1719
"The Home Depot",(972) 735-9333,Plano,TX,www.homedepot.com/l/West-Plano/TX/Plano/75093/551?emt=MSGMBGoogleMaps,4.3,1711
"United States Home Services",(214) 301-5784,Dallas,TX,www.unitedstateshomeservices.com,5,1700
"Medley Heating Air Conditioning Plumbing",(972) 737-5655,Carrollton,TX,www.callmedley.com/?utm_source=organic&utm_medium=gbp&utm_campaign=medley_gbp,5,1689
"Best Buy",(810) 385-9830,Fort Gratiot Township,TX,stores.bestbuy.com/mi/fort-gratiot/4611-24th-ave-415.html/?ref=NS&loc=ns100,4.2,1688
"The Home Depot",(610) 532-6884,Folsom,TX,www.homedepot.com/l/Ridley-Township/PA/Folsom/19033/4142?emt=MSGMBGoogleMaps,4.2,1688
"Direct Energy",(855) 461-1926,Houston,TX,www.directenergy.com,4,1682
"The Home Depot",(214) 575-3070,Richardson,TX,www.homedepot.com/l/Coit-Rd/TX/Richardson/75080/6504?emt=MSGMBGoogleMaps,4.3,1647
"Camping World - Lubbock",(877) 349-1343,Lubbock,TX,rv.campingworld.com/dealer/lubbock-texas,4.3,1633
"On The Way AC Plumbing & Electric",(409) 310-1464,Santa Fe,TX,www.onthewaypros.com/?utm_source=google&utm_medium=business_profile&utm_campaign=website,4.9,1628
"Suntuity Renewables",(866) 956-0725,Holmdel,TX,,4.3,1627
"The Home Depot",(361) 242-0642,Corpus Christi,TX,www.homedepot.com/l/Five-Point/TX/Corpus-Christi/78410/6564?emt=MSGMBGoogleMaps,4.2,1620
"Camping World - Tyler",(877) 848-0413,Tyler,TX,rv.campingworld.com/dealer/tyler-texas,4.2,1615
"Cirro Energy",(800) 692-4776,Plano,TX,www.cirroenergy.com,3.6,1609
"Precision",(512) 379-6385,Austin,TX,www.precisionheatac.com,4.7,1608
"Couto Construction",(508) 252-0401,New Bedford,TX,www.coutoconstruction.com/locations/new-bedford?utm_campaign=gmb,4.8,1605
"Top Tier Solar Solutions",(855) 997-1213,Charlotte,TX,www.toptiersolarsolutions.com,4.1,1601
"Window World TX",(210) 399-4366,San Antonio,TX,www.windowworldtx.com,4.8,1585
"AT Automotive",(210) 734-2050,San Antonio,TX,www.atautosa.com,4.8,1584
"The Home Depot",(956) 544-5466,Brownsville,TX,www.homedepot.com/l/Brownsville/TX/Brownsville/78521/6521?emt=MSGMBGoogleMaps,4.3,1555
"Best Buy",(740) 522-6606,Heath,TX,stores.bestbuy.com/oh/heath/701-hebron-rd-145.html/?ref=NS&loc=ns100,4.1,1540
"The Home Depot",(817) 656-5274,North Richland Hills,TX,www.homedepot.com/l/Precinct-Line/TX/North-Richland-Hills/76182/6533?emt=MSGMBGoogleMaps,4.2,1511
"Power Home Remodeling",(484) 483-6216,Coraopolis,TX,powerhrg.com,4.7,1500
"Lowe's Home Improvement",+1 989-832-6347,Midland,TX,www.lowes.com/store/MI-Midland/0575?cm_mmc=lod-_-c-_-lcl-_-awr-_-yxt-_-go-_-575-_-na-_-0-_-0&y_source=1_MTE4NDU0NS03MTUtbG9jYXRpb24ud2Vic2l0ZQ%3D%3D,4.2,1479
"Sun City Plumbing & Heating",(575) 526-9758,Las Cruces,TX,www.youknowsuncity.com,4.9,1476
"Walmart Supercenter",(806) 364-5712,Hereford,TX,www.walmart.com/store/3384-hereford-tx/?veh=seo_loc,4.1,1465
"The Chill Brothers",(844) 512-4455,Spring,TX,thechillbrothers.com/ac-installation-and-services-in-spring-tx,4.6,1437
"The Home Depot",(301) 780-6555,Upper Marlboro,TX,www.homedepot.com/l/Upper-Marlboro/MD/Upper-Marlboro/20772/8550?emt=MSGMBGoogleMaps,3.9,1430
"Linear Roofing & General Contractors LLC",(469) 268-4091,Addison,TX,www.linearroofing.com,4.8,1427
"The Home Depot",(941) 698-4014,Port Charlotte,TX,www.homedepot.com/l/Englewood/FL/Port-Charlotte/33981/1855?emt=MSGMBGoogleMaps,4.2,1426
"Entrust Energy",(800) 871-8100,Houston,TX,,4.1,1422
"Lowe's Home Improvement",(972) 769-0343,Dallas,TX,www.lowes.com/store/TX-Dallas/0665?cm_mmc=lod-_-c-_-lcl-_-awr-_-yxt-_-go-_-665-_-na-_-0-_-0&y_source=1_MTE4NDUyMS03MTUtbG9jYXRpb24ud2Vic2l0ZQ%3D%3D,4.1,1401
"Mr. Handyman of Midwest Collin County",(214) 387-3474,McKinney,TX,www.mrhandyman.com/midwest-collin-county/?cid=LSTL_MHM000197&utm_source=gmb&utm_campaign=local&utm_medium=organic,4.9,1394
"Blain's Farm & Fleet - Sterling, Illinois",(815) 625-9028,Sterling,TX,www.farmandfleet.com/stores/blains-farm-and-fleet-of-sterling-illinois,4.4,1388
"Teays Valley Service Experts",(304) 832-3915,Hurricane,TX,www.serviceexperts.com/hurricane-wv/?&utm_campaign=listing&utm_medium=organic_search&utm_source=gmb&utm_content=brand,4.8,1383
"GoodCharlie",(800) 205-5230,Houston,TX,www.goodcharlie.com,4.9,1380
"Summer Moon Coffee",(210) 320-1773,San Antonio,TX,locations.summermooncoffee.com/locations/n-st-mary-street-san-antonio,4.6,1372
"Champion Energy Services",(877) 653-5090,Houston,TX,championenergyservices.com,3.8,1369
"Lowe's Home Improvement",(707) 207-2070,Fairfield,TX,www.lowes.com/store/CA-Fairfield/3164?cm_mmc=lod-_-c-_-lcl-_-awr-_-yxt-_-go-_-3164-_-na-_-0-_-0&y_source=1_MTE4Mzg1OS03MTUtbG9jYXRpb24ud2Vic2l0ZQ%3D%3D,4.1,1335
"Austin Roofing Company & Water Damage | WDR",(512) 820-6505,Austin,TX,austinroofingandwaterdamage.com,5,1329
"Tomorrow Energy",(888) 682-8082,Houston,TX,tomorrowenergy.com,4.2,1321
"W3 Electric",(972) 793-0733,Rowlett,TX,www.callw3.com,5,1302
"The Home Depot",(914) 690-9745,Port Chester,TX,www.homedepot.com/l/Port-Chester/NY/Port-Chester/10573/1212?emt=MSGMBGoogleMaps,3.9,1293
"M&M Roofing, Siding & Windows",(713) 880-8210,Houston,TX,mmroofsiding.com/locations/houston/roofing,4.9,1277
"Power Wizard",(713) 322-8533,Houston,TX,www.powerwizard.com/?utm_source=google&utm_medium=gmb&utm_campaign=houston-gmb,4.8,1261
"ESD Roofing - Solar",(800) 425-1175,Pinellas Park,TX,energysolutionsdirect.com,4.5,1261
"The Home Depot",(925) 847-9200,Pleasanton,TX,www.homedepot.com/l/Pleasanton/CA/Pleasanton/94588/629?emt=MSGMBGoogleMaps,4.1,1250
"Stream Energy",(888) 685-7693,,TX,mystream.com,4.2,1239
"Blue Hammer Roofing",(469) 564-8357,Dallas,TX,bluehammerroofing.com/areas-served/dallas/?utm_campaign=gmb&utm_medium=organic&utm_source=google,4.9,1234
"Apple Stoneridge Mall",(925) 398-1962,Pleasanton,TX,www.apple.com/retail/stoneridgemall?cid=aos-us-seo-maps,4,1226
"Apple The Greene",(937) 431-4200,Beavercreek,TX,www.apple.com/retail/thegreene?cid=aos-us-seo-maps,3.8,1226
"A-Plus Air Conditioning & Home Solutions",(512) 361-5050,Austin,TX,www.aplusac.com/?utm_source=google&utm_medium=organic&utm_campaign=gmb-profile-austin,4.9,1222
"Carabin Shaw, PC.",(210) 222-2288,San Antonio,TX,carabinshaw.com,4.9,1207
"Loanstar Title Loans",(210) 590-2026,San Antonio,TX,www.loanstartitleloans.net/locations/texas/san-antonio/5001-walzem-rd?utm_source=yextgoogle&utm_medium=organic&utm_campaign=website,5,1176
"T&S Roofing Systems",(305) 676-7043,Miami,TX,www.tsroofingsystems.com,4.8,1134
"BKV Energy",(855) 258-4797,Fort Worth,TX,bkvenergy.com/?promo=ORGSEO0002,4.6,1132
"Phillips Home Improvements",(972) 867-9792,Allen,TX,www.phillipshomeimprovements.com,4.8,1129
"Solar Source",(800) 329-1301,Altamonte Springs,TX,www.solarsource.com,4.9,1129
"The Home Depot",(203) 467-2001,East Haven,TX,www.homedepot.com/l/East-Haven/CT/East-Haven/06512/6223?emt=MSGMBGoogleMaps,4.1,1126
"SaveOnEnergy",(844) 381-2089,Fort Mill,TX,www.saveonenergy.com/?utm_source=gmb&utm_medium=review-profile&utm_campaign=hp-link,4.9,1114
"CAR•TOYS",(940) 484-4797,Denton,TX,www.cartoystx.com,4.6,1095
"Priority Roofing",(512) 884-1287,Austin,TX,priorityroofs.com/location/austin,5,1088
"Bodine-Scott Air Conditioning & Plumbing Co.",(361) 883-9900,Corpus Christi,TX,www.bodinescott.com,4.7,1083
"Clearview Energy",(800) 746-4702,Dallas,TX,www.clearviewenergy.com,4.4,1071
"A-Best Roofing",(539) 242-7966,Tulsa,TX,abestroofing.com/?utm_source=gbp&utm_medium=organic&utm_campaign=tulsa&utm_term=gbp-listing,4.7,1064
"Vivint",(806) 604-2090,,TX,www.vivint.com/locations/texas/lubbock?exid=204202?&tfn=806.604.2090,4.6,1064
"Elevated Roofing",(469) 305-0010,Frisco,TX,elevatedroofing.com/?utm_source=google&utm_medium=organic&utm_campaign=gmb-roof,4.9,1060
"Swift Movers LLC",(210) 371-5766,San Antonio,TX,www.swiftmoverz.com,4.8,1059
"Team Enoch: Electric, Plumbing, Air, Roofing",(817) 769-3712,Fort Worth,TX,teamenoch.com/hvac-fort-worth-tx/?utm_source=arlingtongmb&utm_medium=Organic,4.9,1056
"Tint World",(817) 659-2988,Grapevine,TX,www.tintworld.com/locations/tx/grapevine-016,4.8,1049
"Apple CambridgeSide",(617) 528-7970,Cambridge,TX,www.apple.com/retail/cambridgeside?cid=aos-us-seo-maps,3.9,1048
"Mechanical Technologies",(915) 544-1550,El Paso,TX,www.epmechtech.com,4.7,1044
"Dynamic EcoHome",(972) 301-7094,Richardson,TX,dynamicecohome.com,4.5,1030
"EnergySage",(888) 838-4638,Boston,TX,www.energysage.com/?utm_source=gmb&utm_medium=link&utm_campaign=google_my_business,4.8,1027
"Riverbend Sandler Pools",(972) 596-7393,Plano,TX,www.riverbendsandler.com/?utm_source=google&utm_medium=organic&utm_campaign=GBP,4.6,1003
"Evenflow Home & Commercial Services",(210) 985-4955,San Antonio,TX,www.evenflowhomeservices.com/?utm_source=gbp&utm_medium=organic&utm_campaign=webite&utm_content=web-cta&utm_term=san-antonio-tx,4.9,997
"Chariot Energy",(855) 524-2746,Houston,TX,www.chariotenergy.com/?utm_campaign=gmb,4.3,991
"Sun Stoppers Keller | Window Tinting | Paint Protection Film (PPF) | Home & Office Shades (Tint)",(817) 826-9117,Keller,TX,sunstoppers.com,4.9,978
"Spartan Solar",(321) 486-8887,Winter Park,TX,www.spartansolar.earth,4.9,978
"Climate Control Service Experts",(251) 714-2505,Mobile,TX,www.serviceexperts.com/mobile-al?&utm_campaign=listing&utm_medium=organic_search&utm_source=gmb&utm_content=brand,4.9,967
"SA Specialties",(210) 658-0440,San Antonio,TX,www.saspecialties.com,4.6,948
"Samuel's Tree Service",(940) 595-3335,Denton,TX,samuelstreeservice.com,5,946
"Vivint",(918) 379-9328,,TX,www.vivint.com/locations/oklahoma/tulsa?exid=204488?&tfn=918.379.9328,4.5,942
"Kelly Roofing",(239) 266-8289,Naples,TX,www.kellyroofing.com/?utm_campaign=gmb&utm_medium=organic&utm_source=gmb_listing,4.6,939
"Priority Roofing",(469) 615-8193,Dallas,TX,priorityroofs.com/location/dallas,5,934
"Menards",(260) 668-3625,Angola,TX,www.menards.com/store-details/store.html?store=3196&utm_source=localcard&utm_medium=organic,4.1,931
"Pulse Power Texas",(833) 785-7797,,TX,www.pulsepowertexas.com/?utm_source=google&utm_medium=organic&utm_campaign=gmb_listing,2.8,927
"Austin Habitat for Humanity ReStore",(512) 478-2165,Austin,TX,www.austinhabitat.org/restore,4.1,915
"Clayton's Auto Glass",(806) 373-2000,Amarillo,TX,claytonsautoglass.com/index.html,4.8,880
"Milestone Electric, A/C, & Plumbing",(972) 301-2994,Garland,TX,callmilestone.com/garland/plumbing,4.9,876
"Tara Energy",(866) 409-2224,Houston,TX,taraenergy.com/?utm_source=google&utm_medium=organic&utm_campaign=gmb,3.7,864
"Big Tex Trailer World - Beaumont CA",(951) 327-7701,Beaumont,TX,www.bigtextrailerworld.com/locations/txbeaumont/?utm_source=google&utm_medium=organic&utm_campaign=gbp&utm_content=txbeaumont,4.8,861
"Comfort Experts, Inc.",(817) 839-4687,Fort Worth,TX,comfortexpertsinc.com/air-conditioning/ac-repair/?utm_source=GBP&utm_medium=organic&utm_campaign=golden-heights-fort-worth,4.9,860
"Suntria | Arizona Solar Panel Installers",(877) 786-6691,,TX,suntria.com,4.3,849
"Supreme Air Austin | Air Duct Cleaning | Dryer Vent Cleaning",(512) 277-9782,Austin,TX,supremeairaustin.com,5,847
"SOLAR NAILS",(254) 741-0304,Waco,TX,nailapp4u.as.me,4.3,838
"WeLink Communications - Las Vegas",(702) 213-1463,Las Vegas,TX,welink.com,4.3,832
"Ron Hoover RV & Marine of Georgetown",(512) 930-4922,Georgetown,TX,www.ronhoover.com/?utm_source=google&utm_medium=organic&utm_campaign=gmb%20listing,4.4,825
"KPost Roofing & Waterproofing",(469) 898-8183,Dallas,TX,kpostcompany.com/?utm_source=google&utm_medium=organic&utm_campaign=GMBListing-Dallas-TX,4.9,819
"KangaRoof",(512) 388-7663,Round Rock,TX,www.callkangaroof.com,4.8,813
"Feazel Roofing",(614) 782-5489,New Albany,TX,www.feazelinc.com/columbus-oh,4.5,799
"Tarrant Roofing - Fort Worth",(817) 571-7809,Fort Worth,TX,tarrantroofing.com,4.6,785
"Wm. Masters, Inc",(309) 662-8481,Bloomington,TX,www.wmmastersinc.com,4.8,782
"Frisco Electric",(214) 387-7878,Frisco,TX,callrpp.com/?utm_source=google&utm_medium=organic&utm_campaign=gmb&utm_id=GBP,4.9,775
"Just Right Lawns - Austin",(512) 861-7802,Austin,TX,justrightlawns.com/austin-tx/lawn-care-austin?utm_source=gbp&utm_medium=organic&utm_campaign=gbp-austin,4.5,770
"Kidd Roofing",(512) 671-7791,Austin,TX,www.kiddroof.com/austin-roofing/?utm_source=gmb&utm_medium=organic&utm_campaign=austin,4.9,767
"Energy Texas",(800) 837-4099,Houston,TX,www.energytexas.com,4.3,767
"Fastrac Energy Services",(832) 413-0707,Houston,TX,www.fastracsolar.com,4.4,763
"Far Beyond Tint & Alarm, Inc.",(361) 854-8468,Corpus Christi,TX,www.farbeyondtint.com,4.7,763
"Allgood Electric",(210) 255-4663,San Antonio,TX,allgoodelectric.com/?utm_source=GMB&utm_medium=organic&utm_campaign=GMB,4.8,762
"Alta Mere",(972) 985-4625,Plano,TX,www.altamereplano.com,4.9,762
"Lamar Trailers",(903) 782-9333,Sumner,TX,www.lamartrailers.com,4.7,758
"HomePro Mobility Solutions - Mobility Equipment In Georgia",(770) 525-2027,Loganville,TX,homepromobility.com/?utm_source=google&utm_medium=organic&utm_campaign=gmb-listing,4.9,754
"Metroplex Windows & Glass",(972) 323-5200,Carrollton,TX,mydallaswindows.com,4.8,746
"Good Faith Energy & Roofing",(972) 777-6937,Addison,TX,goodfaithenergy.com,4.9,741
"Efficient AC, Electric & Plumbing",(512) 537-4700,Austin,TX,efficienttexas.com/?utm_source=google&utm_medium=organic&utm_campaign=website_link,4.8,741
"Window World of Dallas-Fort Worth",(972) 623-9993,Richardson,TX,www.windowworlddfw.com,4.7,739
"Orchards Ace Hardware",(970) 663-2230,Loveland,TX,www.myaceonline.com/?utm_source=google&utm_medium=local&utm_campaign=localmaps&utm_content=15962,4.6,739
"Corey Sly Electrical Service, Inc.",(432) 570-0229,Midland,TX,www.coreysly.com,4.9,734
"Culligan of San Antonio",(210) 226-5344,San Antonio,TX,www.culligansanantonio.com,4.7,729
"Blue Line Electric",(469) 871-8114,McKinney,TX,bluelineelectrictx.com/?utm_source=google&utm_medium=organic&utm_campaign=gbp_mckinney,4.9,728
"Stonewater Roofing",(903) 266-1205,Tyler,TX,stonewaterroofing.com/?utm_source=google&utm_medium=gbp&utm_campaign=tyler,4.9,725
"City of Lubbock Utilities",(806) 775-2509,Lubbock,TX,ci.lubbock.tx.us/departments/city-of-lubbock-utilities/pay-my-bill,1.2,718
"Glass Doctor of Bell County",(254) 870-9024,Temple,TX,glassdoctor.com/temple?cid=LSTL_MGD000191&utm_source=gmb&utm_campaign=local&utm_medium=organic,4.9,717
"Everlast Gates & Fence",(469) 212-1925,Dallas,TX,everlastgates.com,5,716
"Eco Living Home Improvement",(915) 808-7876,El Paso,TX,www.ecolivinghi.io,4.7,713
"Central Texas Window Cleaning",(512) 831-4938,Jonestown,TX,www.centraltexaswindowcleaning.com,4.9,712
"Elite Roofing LLC",(713) 804-7663,Houston,TX,www.eliteroofpro.com/areas-we-serve/leading-roofer-in-houston,4.8,692
"Renewal by Andersen Window Replacement",(469) 699-8381,Lubbock,TX,renewalbyandersenreplacement.com/locations/tx/west-texas/?utm_source=googlebusinessprofile&utm_medium=organic,4.9,669
"New View Roofing",(469) 232-7220,Dallas,TX,newviewroofing.com/?utm_source=google&utm_medium=organic&utm_campaign=gmb,4.9,669
"Green Light Solar",(832) 303-9163,Houston,TX,gl.solar,4.1,668
"Solar Max - Roofing and Solar",(727) 496-5459,Largo,TX,getsolarmax.com,4.7,667
"Gurr Brothers",(480) 826-7759,Chandler,TX,www.gurrbrothers.com,4.7,667
"SolarReviews",(877) 331-4545,Denver,TX,solarreviews.com,4.8,664
"Viewpoint of the Flower",(361) 561-2000,Corpus Christi,TX,www.visitcorpuschristitx.org/see-and-do/1373/selena-memorial-mirador-de-la-flor-overlook-of-the-flower,4.8,661
"T Rock Roofing & Contracting",(945) 425-3643,Flower Mound,TX,dallasroofer.com,5,658
"Gwyndow's Window Cleaning",(512) 444-1954,Austin,TX,gwyndows.com,4.9,658
"Lamps Plus",(972) 447-0019,Plano,TX,www.lampsplus.com/stores/texas/plano-75093,4.3,654
"Brennan Enterprises",(972) 619-9281,Arlington,TX,brennancorp.com,4.9,653
"DFW Roofing Pro",(972) 979-1070,McKinney,TX,dfwroofingpro.com,4.8,639
"Harbor Freight",(903) 875-1621,Corsicana,TX,www.harborfreight.com/storelocator/1911-w-7th-ave-corsicana-75110?number=635,4.4,636
"Koala Insulation of North Houston",(281) 749-1794,Magnolia,TX,koalainsulation.com/north-houston?utm_source=extnet&utm_medium=yext,5,633
"Telge Roofing",(281) 607-2080,Cypress,TX,www.telgeroofing.com,4.8,629
"Straight Line Roofing & Construction",(916) 985-9995,Shingle Springs,TX,www.straightlineconstruction.com/?UTM_source=GMB_listing&UTM_medium=organic,4.9,629
"Lifetime Quality Roofing",(380) 600-3047,Westerville,TX,www.lifetimequalityroofing.com/locations/columbus-ohio/?utm_source=google&utm_medium=organic&utm_campaign=gmb&utm_content=columbus-ohio,4.7,626
"Summit Roofing",(512) 828-7663,Round Rock,TX,www.summitrooftexas.com,4.9,615
"Shell Shocked Wraps",(972) 439-1411,Wylie,TX,www.shellshockedwraps.com,5,609
"Critter Stop",(469) 715-3638,Southlake,TX,critterstop.com/?utm_campaign=gmb,4.9,608
"Tint World",(972) 512-4745,Rowlett,TX,www.tintworld.com/locations/tx/rowlett-018,4.9,608
"Ace Hardware & Sports",(989) 832-8829,Midland,TX,midlandace.com,4.8,608
"Bold Roofing - DFW's Best Roofing Contractor",(972) 380-9300,Dallas,TX,www.boldroofing.com,4.7,604
"Ja-Mar Roofing & Sheet Metal - Austin",(512) 441-8437,Austin,TX,jamarroofing.com/?utm_source=google&utm_medium=gbp&utm_campaign=Austin,4.9,604
"Allied Siding & Windows",(281) 357-8801,Tomball,TX,www.alliedsidingandwindows.com,4.7,597
"Compare Power (No Deposit Lights)",(469) 298-8045,Dallas,TX,comparepower.com/contact-us/dallas-location/?utm_campaign=googlelocalresult&utm_source=googlelocalresult_dallas&utm_medium=gmb_websitelink_googlelocalresult_dallas,4.9,592
"Batteries Plus",(817) 428-8658,North Richland Hills,TX,www.batteriesplus.com/store-locator/tx/north-richland-hills/batteries-plus-155?utm_source=gmb&utm_medium=local&utm_campaign=bpb&storecode=155,4.6,590
"Kahl AC, Heating & Electrical",(936) 256-2781,Montgomery,TX,kahlach.com,5,587
"HR Phoenix Electrical & Plumbing",(817) 369-5423,Richland Hills,TX,www.hrphoenixelectrical.com/?utm_source=google&utm_medium=organic&utm_campaign=GMBListing-Richland-Hills-TX,4.7,584
"Kroger Marketplace",(859) 219-1091,Lexington,TX,www.kroger.com/stores/grocery/ky/lexington/beaumont-centre/024/00767?cid=loc_02400767_gmb,4.3,583
"Northern Tool + Equipment",(972) 602-8877,Grand Prairie,TX,www.northerntool.com/store/grandprairietx-store-grandprairie-tx,4.1,581
"Garage Tec Automatic Gates & Garage Door Repair",(469) 589-1155,Dallas,TX,garagetec.org,4.9,578
"Tractor Supply Co.",(432) 563-1579,Odessa,TX,www.tractorsupply.com/tsc/store_Odessa-TX-79765_1166,4.4,575
"Door Works Overhead Doors",(817) 386-8866,Colleyville,TX,www.door-works.com,5,570
"Northern Tool + Equipment",(409) 351-3535,Beaumont,TX,www.northerntool.com/store/beaumonttx-store-beaumont-tx,4.6,569
"American A1 Truck Wash",(254) 829-6016,Elm Mott,TX,www.americana1truckwash.com,4.4,556
"Prime Time Heating And Air LLC",(817) 888-7313,Fort Worth,TX,primetime-tx.com/?utm_source=google&utm_medium=organic&utm_campaign=gbp,5,555
"Premier Generators of Texas",(214) 945-2525,,TX,www.premiergeneratorstx.com,5,551
"Hauk Custom Pools",(972) 382-1919,Celina,TX,www.haukcustompools.com/?utm_source=google&utm_medium=organic&utm_campaign=GBP,4.8,550
"Electronic Parts Outlet",(713) 784-0140,Houston,TX,www.epohouston.com,4.8,548
"ClearVue Professional Window & Solar Panel Cleaning",(575) 993-6405,Las Cruces,TX,www.clearvue-lc.com,5,541
"JP Exteriors",(512) 960-3191,Austin,TX,jpexteriorstx.com/?utm_source=googlebusinessprofile&utm_medium=organic&promo=gbp,4.9,540
"EZ Roof and Construction",(832) 979-5409,Houston,TX,ezroofhouston.com/?utm_source=google&utm_medium=organic&utm_campaign=gmb,4.9,539
"CLC Roofing Inc.",(972) 304-4431,Coppell,TX,www.clcroofing.com/?utm_source=GMB&utm_medium=organic&utm_campaign=website,4.9,538
"512 Solar",(512) 827-3775,Austin,TX,512solar.com,5,537
"Buzz Custom Fence - Fort Worth",(817) 263-9788,Fort Worth,TX,buzzfence.com,4.5,537
"Cool Roofs - Austin",(512) 980-1297,Austin,TX,coolroofs.co/location/austin,5,537
"Jireh Electric - Electrician San Antonio TX",(210) 405-4407,San Antonio,TX,jirehelectric.com/?utm_campaign=gmb,4.9,536
"Blindster.com",+1 888-256-8672,Jersey Village,TX,www.blindster.com,4.5,532
"EZ Attic Insulation",(713) 909-0390,Houston,TX,ezatticinsulation.com,4.8,528
"Altex Computers & Electronics",(361) 814-8882,Corpus Christi,TX,www.altex.com,4.5,527
"Good News Roofing & Solar",(512) 630-1440,Kyle,TX,goodnewsroofing.com,5,527
"Pest Defense Solutions",(915) 265-4507,El Paso,TX,elpaso.pestdefensesolutions.com/?utm_source=google&utm_medium=gmb&utm_campaign=el_paso,4.9,520
"TruEnergy",(855) 625-3205,Dallas,TX,truenergy.com/?utm_source=google&utm_medium=organic&utm_campaign=google_my_business,4.8,519
"Armstrong Garden Centers",(619) 276-9970,San Diego,TX,armstronggarden.com/armstrong-garden-centers-morena,4.7,513
"Lon Smith Roofing & Construction",(817) 926-8400,Fort Worth,TX,www.lonsmith.com,4.7,511
"Elliott's Hardware",(972) 312-0700,Plano,TX,www.elliottshardware.com/?utm_source=GMB&utm_medium=Organic&utm_campaign=GMB&utm_content=Plano,4.7,511
"Morton Lumber",(806) 273-6261,Borger,TX,www.acemortonlumber.com/?utm_source=google&utm_medium=local&utm_campaign=localmaps&utm_content=06564,4.5,510
"Basin Plumbing",(432) 552-8385,Odessa,TX,basinplumbing.com,4.9,505
"Energy Home Pros",(210) 742-4866,San Antonio,TX,www.energyhomepros.com,4.9,503
"Austin Lone Star",(512) 444-6322,Austin,TX,www.sunoutdoors.com/texas/austin-lone-star-rv-community?utm_source=google&utm_medium=organic&utm_campaign=gbp_listing,4.3,498
"ASAP Roofing",(903) 287-5729,Tyler,TX,asaproofing.com,4.9,498
"Infinity Tree Service",(214) 914-2777,Balch Springs,TX,infinitytreeservice.com,4.8,494
"Tint World",(956) 329-6555,Pharr,TX,www.tintworld.com/locations/tx/pharr-145,4.9,494
"Solar Smart Living, LLC",(915) 400-2995,Santa Teresa,TX,solarsmartliving.com,4.8,494
"DaBella",(512) 402-3655,Austin,TX,dabella.us/location/austin/?utm_source=GBP&utm_medium=link&utm_campaign=austinGBP&utm_id=Google+Business+Profile+Clicks,4.7,487
"Superior Attic",(817) 221-8090,Southlake,TX,www.superiorattic.com,4.9,477
"Quick Roofing",(817) 477-0999,Kennedale,TX,www.quickroofing.com/dallas-fort-worth-tx,4.5,476
"Mr. Electric of Frisco",(214) 872-6210,Frisco,TX,mrelectric.com/frisco?utm_source=google&utm_medium=organic&utm_campaign=gbp_listing,4.8,476
"Windshields Xpress",(956) 283-9080,Pharr,TX,windshieldsxpress.com,4.5,474
"A&A GenPro, Inc.",(936) 251-0986,Houston,TX,aagenpro.com/?utm_campaign=gmb,4.7,466
"Rivertech Heating & Air Conditioning",(423) 702-5423,Chattanooga,TX,heatingandairchattanooga.com,4.8,466
"Reliant Energy",(512) 501-8367,Pflugerville,TX,www.reliant.com,4.3,459
"North Dallas Window Cleaning",(469) 871-5448,Dallas,TX,northdallaswindowcleaning.com/?utm_campaign=gmb,4.9,459
"SWAT Roofing & Contracting",(817) 501-8660,Haslet,TX,swatroofing.com,4.9,458
"Texas Direct Roofing & Construction",+1 817-775-3540,Hurst,TX,txdroofing.com,4.9,456
"Proper Roofing",(832) 554-7830,Houston,TX,www.properroof.com,4.6,455
"Matthew Lorand Roofing",(512) 623-7407,Austin,TX,matthewlorandroofing.com/?utm_source=google&utm_medium=organic&utm_campaign=gbp,5,452
"Northern Tool + Equipment",(214) 501-5139,Plano,TX,www.northerntool.com/store/planotx-store-plano-tx,4.4,452
"Shades of Texas - Windows, Tint & Shades - Austin",(512) 335-8908,Cedar Park,TX,shadesoftx.com/austin?utm_source=gmb&utm_medium=local&utm_campaign=austin,4.8,452
"Unicity Solar Energy",(727) 945-6060,Tampa,TX,unicitysolar.com,4.7,451
"Starwood Distributors dba Starwood Shutters & Shades",(214) 718-7304,Richardson,TX,starwooddistributors.com/?utm_source=GMB&utm_medium=organic&utm_campaign=GMB,5,447
"Northern Tool + Equipment",(956) 467-4979,McAllen,TX,www.northerntool.com/store/mcallentx-store-mcallen-tx,4.6,443
"A Degree Above HVAC, Refrigeration, and Electrical",(903) 451-4202,Mabank,TX,www.adatherest.com,4.8,443
"Peak Roofing and Construction",(972) 335-7325,Frisco,TX,www.peakroofingconstruction.com,4.9,442
"Wow Windows & Glass, LLC",(469) 892-6662,Carrollton,TX,www.wowwindowsglass.com,5,440
"Evolution Plumbing LLC | #1 Plumber Plano, TX",(972) 440-0496,Plano,TX,,4.6,440
"Northern Tool + Equipment",(903) 705-4360,Tyler,TX,www.northerntool.com/store/tylertx-store-tyler-tx,4.5,438
"DENTON AUTO TINT",(940) 382-3114,Denton,TX,dentonautotint.net,4.9,437
"Texas Tint Pro",(945) 284-9727,McKinney,TX,texastintpro.com,4.8,436
"Stevens Drilling and Water Well Services",(830) 947-0245,La Vernia,TX,stevensdrilling.com,4.9,436
"INNOVATIVE TRADES, LLC PLUMBING, ELECTRICAL & HVACR",(915) 455-6900,El Paso,TX,www.wecanfixitforyou.com,4.9,436
"Frontline Home Solutions",(956) 261-5712,Pharr,TX,www.yourfrontline.com,4.7,436
"Flagstone Roofing & Exteriors",(512) 225-0123,Austin,TX,flagstoneroofing.com,4.8,436
"Target",(260) 485-8640,Fort Wayne,TX,www.target.com/sl/ft-wayne-ne/1933,4.2,434
"Smart Charge America Charging Station",(512) 900-1858,Austin,TX,smartchargeamerica.com,4.9,434
"Southland Hardware",(713) 529-4743,Houston,TX,www.southlandhardware.com,4.5,433
"BH Roofing",(210) 267-9029,San Antonio,TX,bhroofingsa.com,4.9,431
"Outlaw Kitchens",(210) 300-4728,San Antonio,TX,www.outlawkitchens.com,4.7,430
"Rubinsky Roofing",(833) 876-6346,Dallas,TX,www.rubinskyroofing.com,4.7,427
"Air Central",(512) 601-4451,Austin,TX,www.aircentralusa.com,5,423
"Miller Storm Roofing & Reconstruction",(817) 646-9815,Fort Worth,TX,www.millerstorm.com,4.8,423
"Family Christian Doors Fort Worth",(469) 535-7611,Fort Worth,TX,familychristiandoors.com,4.9,423
"Austin Pro Siding, Windows & Roofing",(512) 550-0000,Austin,TX,www.austinprosiding.com,4.9,422
"Just Energy",(866) 629-8392,Waco,TX,justenergy.com/?utm_source=google&utm_medium=organic&utm_campaign=JE_GMB_Waco_WacoDr,4.8,420
"Performance Roofing",(972) 360-8042,McKinney,TX,www.performanceroofingtx.com,4.8,418
"Advantage Roofing & Solar",(903) 939-3168,Tyler,TX,www.advantageroofingcompany.com,4.9,417
"Quality Exteriors",(737) 308-2035,Austin,TX,www.qualityexteriorsatx.com,5,415
"Green Attics Insulation",(214) 305-5449,Farmers Branch,TX,greenatticstx.com,4.9,415
"Shine of Lakeway",(512) 784-9680,,TX,shine-windowcleaning.com/location/lakeway/?utm_source=GMB&utm_medium=organic&utm_campaign=Lakeway,4.9,415
"Midwest Energy & Communications",(800) 492-5989,Cassopolis,TX,www.teammidwest.com,4,414
"SolQ",(888) 903-8511,Hills,TX,solq.com,4.8,414
"Round Rock Window Tinting | XPEL PPF & Ceramic Coatings",(512) 296-2213,Round Rock,TX,www.roundrockwindowtinting.com,5,413
"Everlast Gates & Fence",(682) 299-6114,Fort Worth,TX,everlastgates.com/fort-worth-tx,5,412
"Freedom Power",(713) 332-9716,Houston,TX,gofreedompower.com,4.3,408
"Base Power",(512) 518-1009,Austin,TX,basepowercompany.com,4.9,408
"Solatube Home",(469) 251-7920,Dallas,TX,solatubehome.com/dallas-fort-worth-texas,5,408
"Blue Compass RV Tyler",(903) 515-4111,Tyler,TX,www.bluecompassrv.com/locations/texas/tyler?utm_source=google-gmb&utm_medium=organic&utm_campaign=tyler,4.5,407
"Tint on Wheels",(956) 682-2915,McAllen,TX,tintonwheels.info,4.8,407
"Solar-Estimate.org",(844) 442-5029,Denver,TX,www.solar-estimate.org,4.6,407
"Roofing and Siding Smiths",(903) 456-9956,Greenville,TX,roofingandsidingsmiths.com,5,405
"Trinity Exteriors",(952) 920-9520,Eden Prairie,TX,www.trinityexteriors.com,4.8,403
"Sunshine Ace Hardware",(239) 262-2940,Naples,TX,www.sunshineace.com,4.7,401
"Precision Roof Crafters, Inc.",(713) 497-1211,Houston,TX,precisionroofcrafters.com/?utm_campaign=gmb,4.9,400
"Top Star Air Pros",(832) 990-9333,Stafford,TX,www.topstarairpros.com,4.9,395
"Central Transportation Systems",(210) 899-2995,San Antonio,TX,centralsystems.com,4.9,394
"Power of Sea Moss",(346) 701-7874,Houston,TX,powerofseamoss.com,4.9,386
"Hydro Solutions",(956) 254-0493,McAllen,TX,www.hydrosolutionsus.com,5,384
"Shade Shop Window Tinting & Paint Protection",(512) 200-8438,Austin,TX,www.windowtintingserviceaustin.com,4.9,383
"Generator Supercenter",(972) 563-3800,Rockwall,TX,generatorsupercenterofdallas.com,4.7,383
"Ideal Precision Roofing & Exteriors LLC",(210) 485-1553,San Antonio,TX,www.idealprecisionroofing.com,4.9,383
"Evergreen Garden Center",(210) 735-0669,San Antonio,TX,www.evergreengardencenter.com,4.6,380
"Lake Air Pool Supply",(254) 754-4551,Waco,TX,lakeairpoolsupply.com,4.9,378
"Patriot Restoration Co",(469) 402-8229,Frisco,TX,gurrbrothersroofing.com/?page_id=1342,4.9,377
"Roofs By Nicholas of Midland",(432) 278-3831,Midland,TX,www.roofsbynicholas.com,4.9,374
"Castillo Roofing Solutions",(254) 214-9916,Lorena,TX,www.castilloroofingsolutions.com/contact,5,373
"Tampa Bay Solar",(813) 827-6527,Tampa,TX,www.tampabaysolar.com,4.7,373
"Roofing Ranger",(469) 810-0444,Carrollton,TX,roofingranger.com/?utm_source=google&utm_medium=organic&utm_campaign=gmb,5,370
"Sugar Roofing",(832) 353-2887,Sugar Land,TX,sugarroofs.com,4.8,368
"Emerson Roofing & Siding",(972) 573-5854,Dallas,TX,emersonproservices.com/roofing-siding,5,368
"911 Exteriors Roofing and Construction",(972) 243-6700,Irving,TX,www.911exteriors.com,5,367
"Revival Restoration ATX",(737) 204-1475,Austin,TX,www.revivalrestorationatx.com,5,367
"Tesla Plano Legacy West",(469) 331-9677,Plano,TX,www.tesla.com/findus/location/store/planotexas,4.1,366
"Screenmobile of Dallas",(214) 440-3651,Richardson,TX,screenmobile.com/locations/dallas,4.9,365
"Schuele Ace Hardware",(716) 259-8428,Buffalo,TX,www.acehardware.com/mystore/index.jsp?store=15396&cid=localstore15396,4.6,360
"Accurate Home Services",(469) 966-9347,Crandall,TX,accurateairtx.com,4.8,358
"Affordable Solar",(505) 944-4220,Albuquerque,TX,affordable-solar.com,4.9,358
"Interstate All Battery Center",(361) 572-9699,Victoria,TX,www.interstatebatteries.com/locations/all-battery-center-victoria-tx?utm_source=google&utm_medium=local&utm_campaign=localmaps&utm_content=9011,4.7,356
"Walker Honey Farm",(254) 983-2899,Rogers,TX,www.walkerhoneyfarm.com,4.9,355
"Energy Attic",(972) 548-0088,Richardson,TX,energyattic.com,4.8,354
"Mr. Electric of Waco",(254) 304-7893,Hewitt,TX,mrelectric.com/waco?cid=LSTL_MRE000196&utm_source=gmb&utm_campaign=local&utm_medium=organic,4.9,354
"Arise Roofing & Construction, LLC",(903) 910-7187,Terrell,TX,ariseyourroof.com,5,354
"Batteries Plus",(903) 509-8400,Tyler,TX,www.batteriesplus.com/store-locator/tx/tyler/batteries-plus-149?utm_source=gmb&utm_medium=local&utm_campaign=bpb&storecode=149,4.4,353
"Abundance Energy",(833) 495-0127,Lubbock,TX,abundanceenergy.com,4.5,352
"Green Power Network",(800) 417-2936,,TX,greenpn.com,4.9,351
"Texan Window Cleaning",(972) 214-9904,Heartland,TX,www.texanwindowcleaning.com/?utm_source=Google&utm_medium=Local&utm_campaign=GMB,5,348
"Tint World",(281) 392-7507,Katy,TX,www.tintworld.com/locations/tx/katy-021,4.7,347
"All American Window Tinting",(682) 241-9882,Fort Worth,TX,www.allamericantinttx.com,5,346
"Roof Smith",(806) 622-9501,Amarillo,TX,www.roofsmithconstruction.com,4.9,345
"Green Solar Technologies",(844) 994-3396,North Hollywood,TX,greensolartechnologies.com,4,343
"Efficient Home Solutions of Plano",(972) 441-2308,Plano,TX,ehshvac.com,4.8,343
"Absolute Power Electrical Contractors",(210) 981-6868,San Antonio,TX,www.absolute-pwr.com,4.9,341
"Priority Roofing",(281) 380-0357,Houston,TX,priorityroofs.com/location/houston,5,341
"Billy Sims Trailer Town",(432) 580-3000,Odessa,TX,www.anrv4u.net,4.3,341
"Hail King Professional Roofing",(682) 235-2880,Colleyville,TX,www.hailkingpros.com,5,340
"Excel Construction Group",(817) 380-1500,Haltom City,TX,www.excelcg.com,4.5,340
"Smart Home Remodeling",+1 832-835-7165,Houston,TX,smarthomeremodelingtx.com,4.7,338
"Gillean Brothers Roofing",(940) 315-7663,Denton,TX,rooferindentontx.com,4.9,337
"Vivint Smart Home",(817) 864-8975,Arlington,TX,www.vivintsmarthomesystems.com/location/Dallas-Arlington?utm_source=Google&utm_medium=GMB-Arlington&utm_campaign=GMB,3.9,334
"Universal Windows Direct of Central Texas",(254) 329-3465,Woodway,TX,universalwindowscentraltexas.com/?utm_campaign=gmb,4.9,333
"Sutherlands HomeBase",(806) 373-3057,Amarillo,TX,homebaselumber.com,4,332
"Arrington Roofing",(214) 698-8443,Dallas,TX,arringtonroofing.com,4.9,332
"ADIS ELECTRIC",(214) 949-4175,Plano,TX,www.adiselectric.com/?utm_campaign=gmb&utm_medium=organic&utm_source=google,4.8,331
"Batteries Plus",(281) 693-7587,Katy,TX,www.batteriesplus.com/store-locator/tx/katy/batteries-plus-468?utm_source=gmb&utm_medium=local&utm_campaign=bpb&storecode=468,4.6,329
"Limitless Electric",(833) 292-2950,Spring,TX,limitlesselectric.online,4.9,329
"IntegriBuilt Roofing",(817) 421-0295,Irving,TX,integribuiltroofing.com,4.9,329
"Best Roofer Solar",(682) 688-7727,Southlake,TX,bestroofersolar.com,4.9,328
"TZ Electric Inc",(518) 678-1230,Catskill,TX,tzelectricinc.com/?utm_source=google&utm_medium=organic&utm_campaign=gbp,5,328
"Integrity Roofing & Siding",(210) 340-7663,San Antonio,TX,integritysa.com/?utm_source=google&utm_medium=organic&utm_campaign=gbp,4.8,327
"Advanced Seamless Rain Gutter Solutions",(512) 200-7632,Kyle,TX,www.asrgs.com/?utm_source=google&utm_medium=organic&utm_campaign=gbp-kyle-website-actions,5,324
"Apple Roofing",(469) 908-4323,Plano,TX,appleroof.com/dallas/?utm_source=GoogleBusinessProfile&utm_medium=organic&utm_campaign=Plano-TX,4.8,324
"Patterson Plumbing",(903) 202-0477,Greenville,TX,pattersonplumbingtx.com/?utm_source=google&utm_medium=organic&utm_campaign=GMBListing-Greenville-TX,4.8,323
"Sunni Energy",(832) 205-8195,Houston,TX,www.sunnienergy.com,5,323
"2020 Companies",(817) 490-0100,Southlake,TX,www.2020companies.com,4.5,322
"S & J Fence Co",(361) 885-0503,Corpus Christi,TX,www.sjfenceco.com,4.9,322
"Northern Tool + Equipment",(361) 288-4994,Corpus Christi,TX,www.northerntool.com/store/corpuschristitx-store-corpuschristi-tx,4.3,322
"Window World of Austin",(512) 383-1222,Austin,TX,www.windowworldaustin.com,4.8,321
"Action Exteriors Austin",(512) 844-1802,Georgetown,TX,actionexteriors.com/austin,4.9,321
"Bob's Screen & Glass, LLC",(254) 634-4005,Killeen,TX,bobsglasstx.com,4.7,320
"Falcon Roofing & Restoration",(512) 200-1539,Austin,TX,falconroofingtexas.com,5,320
"Tint World",(972) 872-8468,Dallas,TX,www.tintworld.com/locations/tx/dallas-013,4.8,319
"High Performance Roofing",(469) 225-2559,Frisco,TX,hprtexas.com,4.9,319
"Window World TX",(361) 266-1088,Corpus Christi,TX,www.windowworldcc.com/?utm_source=google&utm_medium=organic&utm_campaign=gbp,4.8,319
"Budget Blinds of Austin & Hill Country",(512) 593-5505,Austin,TX,www.budgetblinds.com/austin,4.9,319
"PROCO Roofing",(833) 467-7626,Grapevine,TX,procoroof.com,4.8,317
"Ace Roofing Company",(512) 836-7663,Austin,TX,aceroofingtexas.com,4.8,314
"Solomon Shade Solutions",(713) 485-4373,Houston,TX,solomonshadesolutions.com/?utm_source=googlebusinessprofile&utm_medium=organic,5,314
"Frazier Roofs and Gutters",(817) 677-6664,Arlington,TX,www.frazierservices.com,4.8,313
"Top Notch Electrician",(972) 379-8646,Van Alstyne,TX,topnotchelectrician.com,4.9,313
"Zinga's Dallas",(214) 380-2741,Carrollton,TX,zingashome.com/locations/dallas/?utm_source=Local-SEO-Dallas&utm_medium=Digital,4.9,313
"Elefant ""Xterior"" Experts",(512) 786-1211,Austin,TX,austinelefant.com,4.9,312
"ROAM Roof & Solar",(254) 877-7663,Belton,TX,roamroof.com,5,312
"Spectrum Association Management",(512) 834-3900,Georgetown,TX,spectrumam.com/texas/austin-hoa-management,4.4,312
"Denton Co Ace-66 Hardware",(940) 566-1666,Denton,TX,www.acehardware.com/store-details/17995?utm_source=google&utm_medium=local&utm_campaign=localmaps&utm_content=17995,4.6,311
"Budget Blinds of Lubbock",(806) 771-7395,Lubbock,TX,www.budgetblinds.com/swlubbock,5,311
"Doc's Roofing & Construction",(214) 284-0695,Royse City,TX,docsroofing.net,4.9,310
"Northern Tool + Equipment",(940) 230-2652,Denton,TX,www.northerntool.com/store/dentontx-store-denton-tx,4.4,308
"Rocky Ridge Tyler RV Center",(903) 597-1471,Tyler,TX,www.rockyridgerv.com,4.3,308
"SLM Roofing",(936) 236-9754,Houston,TX,slmroofing.com/areas-we-serve/roofing-and-inspections-houston-tx,5,305
"Clear Choice Roofing - Austin",(512) 712-4906,Austin,TX,www.clearchoiceroofingatx.com,4.9,305
"Thermo King of Springfield",(417) 862-1901,Springfield,TX,hoathermoking.com,4.4,305
"Eldridge Home Improvements, Inc.",+1 281-999-4663,Spring,TX,www.peoplebeforeprofit.com,4.8,304
"Bob Jay's Heating, Air Conditioning, and Plumbing Inc.",(806) 373-2221,Amarillo,TX,mybobjays.com,4.9,303
"Riddle Brothers Roofing & Construction",(214) 884-8346,Rowlett,TX,riddlebrothersroofing.com,4.9,302
"Russ Electric",(972) 272-8803,Garland,TX,www.russelectricllc.com,4.9,300
"Culligan Water Conditioning of West Texas",(432) 563-2690,Midland,TX,www.culliganwt.com,4.7,299
"IntegrateSun",(855) 999-1850,Houston,TX,integratesun.com,4.2,297
"Batteries Plus",(512) 600-7800,Round Rock,TX,www.batteriesplus.com/store-locator/tx/round-rock/batteries-plus-141?utm_source=gmb&utm_medium=local&utm_campaign=bpb&storecode=141,4.4,297
"Empire Refrigeration",(915) 787-0747,El Paso,TX,weneedair.com,4.4,297
"Tint World",(432) 897-4848,Midland,TX,www.tintworld.com/locations/tx/midland-059,4.4,296
"Northern Tool + Equipment",(432) 614-5500,Odessa,TX,www.northerntool.com/store/odessatx-store-odessa-tx,4.1,295
"Veritas Roofing",(817) 455-0117,Fort Worth,TX,veritasroofingtx.com/?utm_source=gbp&utm_medium=organic&utm_campaign=gbp_profile_fort_worth,4.9,291
"Upshur Rural Electric Co-Op",(903) 843-2536,Gilmer,TX,urecc.coop,1.9,290
"Green Door Lofts",(254) 722-2842,Waco,TX,www.greendoorlofts.com,5,290
"Blue Compass RV Midland",(989) 835-7878,Midland,TX,www.bluecompassrv.com/locations/michigan/midland?utm_source=google-gmb&utm_medium=organic&utm_campaign=midland,4.6,289
"Intelligent Air Services, LLC (iAir)",(512) 323-2500,Cedar Park,TX,www.iairservices.com/?utm_source=google&utm_medium=organic&utm_campaign=gbp,4.8,288
"Lifetime Fence Company",(817) 908-3882,Fort Worth,TX,www.lifetimewarrantyfence.com/fort-worth-tx,4.9,287
"Sunspot Solar Observatory",(575) 434-7190,Sunspot,TX,sunspot.nmsu.edu,4.7,286
"Wortham Brothers Roofing",(214) 971-8838,McKinney,TX,www.wbroofing.com,4.8,284
"Caleb's mobile Car Care",(210) 570-8477,,TX,calebscarcare.com,4.9,284
"HomeBase",(785) 242-8200,Ottawa,TX,www.homebaseusa.com/?ottawa-ks,4.2,281
"Serenity Roofing & Construction",(713) 283-8143,Houston,TX,www.serenityroofingandconstruction.com,5,280
"Northern Tool + Equipment",(432) 203-4540,Midland,TX,www.northerntool.com/store/midlandtx-store-midland-tx,4.5,280
"Colvin Electric Inc",(512) 388-2271,Pflugerville,TX,colvinelectric.com,4.8,280
"Sun Stoppers PPF & Tint- XPEL",(432) 695-6366,Midland,TX,sunstoppers.com/locations/texas/window-tinting-midland,4.9,278
"James Kate Roofing & Restoration",(972) 400-4707,Mansfield,TX,www.dallasftworthroofer.com/mansfield-tx/?utm_source=gbp&utm_medium=organic&utm_campaign=mansfield,4.9,278
"Batteries Plus",(361) 444-0061,Corpus Christi,TX,www.batteriesplus.com/store-locator/tx/corpus-christi/batteries-plus-461?utm_source=gmb&utm_medium=local&utm_campaign=bpb&storecode=461,4.4,278
"Wilson Roofing",(512) 263-3157,Austin,TX,www.wilsonroofing.com,4.7,276
"Spartan Energy",(832) 240-8091,Killeen,TX,www.spartanenergy.com,5,275
"Sutherlands HomeBase",(417) 667-3100,Nevada,TX,www.homebaseusa.com/?nevada-mo,3.8,273
"BVS Home Heating and AC Repair",+1 979-399-7381,Sealy,TX,gobvs.com/ac-repair/?utm_campaign=gmb,4.9,273
"Built To Last Roofing",(469) 364-8198,Dallas,TX,btolroofing.com/?utm_source=google&utm_medium=organic&utm_campaign=gmb-primary-link-dallas,4.9,269
"Elotitos Corn Bar",(726) 999-2609,San Antonio,TX,www.elotitossa.com,4.6,268
"Blinds Brothers",(817) 502-6200,Southlake,TX,blindsbrothers.com/?utm_source=GMB&utm_medium=organic&utm_campaign=GMB,4.9,267
"Peitz Service Experts",(605) 777-7406,Pierre,TX,www.serviceexperts.com/pierre-sd/?&utm_campaign=listing&utm_medium=organic_search&utm_source=gmb&utm_content=brand,4.8,267
"Thunder Auto Tint",(214) 469-8780,Allen,TX,thunderautotint.wixsite.com/thunder-auto-tint,4.6,266
"Switch Solar LLC",(833) 776-5271,Orlando,TX,www.switchsolarusa.com,4.9,266
"Apple Moving - San Antonio Movers",(210) 310-0139,San Antonio,TX,www.applemoving.com/locations/san-antonio,4.1,265
"Infinite Roofing GC",(469) 300-5400,Plano,TX,infiniteroofing.com,4.8,264
"SolaresdeVenta.com",(956) 386-1507,Edinburg,TX,solaresdeventa.com,4.9,264
"A&O Texas Solutions Fence and Patio DFW",(817) 438-6654,Arlington,TX,aotexassolutions.com,4.7,263
"Lotus Leaks & Roof Restorations",(214) 499-1898,Plano,TX,lotusroofrestoration.com,4.9,263
"Batteries Plus",(316) 613-3872,Wichita,TX,www.batteriesplus.com/store-locator/ks/wichita/batteries-plus-195?utm_source=gmb&utm_medium=local&utm_campaign=bpb&storecode=195,4.6,262
"R&S Roofing",(832) 241-8101,Katy,TX,rs-roofs.com/katy-roofing,5,260
"Advocate Construction",(214) 935-9152,Carrollton,TX,advocateconstruction.com,4.7,260
"Austin Roofing and Construction",(512) 629-4949,Austin,TX,www.austinroofingandconstruction.com,4.8,259
"Mayer",(972) 265-9860,Plano,TX,www.mayersolar.com,4.8,259
"Texas RV Guys",(817) 439-4161,Haslet,TX,www.texasrvguys.com/?utm_source=google&utm_medium=gmb&utm_campaign=seo,4.7,259
"Belton Glass & Door",(254) 933-7475,Belton,TX,www.beltonglassdoor.com,4.9,258
"NRG Clean Power",(888) 650-4750,Canoga Park,TX,www.nrgcleanpower.com,4.5,258
"Kidd Roofing",(832) 717-9174,Cypress,TX,www.kiddroof.com/houston-roofing/?utm_source=gmb&utm_medium=organic&utm_campaign=houston,5,257
"Glass Rehab",(737) 239-5932,Austin,TX,www.glassrehab.com,4.9,257
"Discount Electric",(361) 533-6185,Corpus Christi,TX,discountelectriccorpuschristitx.com,5,257
"Hargrove Roofing",(214) 550-2875,Grapevine,TX,www.hargroveroofing.com,5,256
"Ready Solar",(713) 589-5299,Houston,TX,www.goreadysolar.com,4.5,256
"Erie Home",(346) 594-0905,Houston,TX,eriehome.com/locations/roofing/houston-tx/?utm_source=gbp&utm_medium=roofing&utm_campaign=Houston,4.4,256
"Go Kleen LLC",(512) 729-8796,Round Rock,TX,www.gokleentexas.com/?utm_campaign=gmb,4.9,255
"Brownsville Public Utilities",(956) 983-6100,Brownsville,TX,www.brownsville-pub.com,1.7,255
"Solar Eclipse Window Tint",(830) 832-8516,New Braunfels,TX,www.facebook.com/solareclipsewindowtint,5,252
"Vivint",(505) 431-4331,,TX,www.vivint.com/locations/new-mexico/santa-fe?exid=204409?&tfn=505.431.4331,4.9,250
"Buchanan Electric",(979) 482-6882,Brazoria,TX,buchananelectric.org,4.9,250
"Airstream of Austin",(512) 312-1478,Buda,TX,www.airstreamofaustin.com/?utm_source=google-gmb&utm_medium=organic&utm_campaign=airstreamaustin,4.6,250
"STX Roofing",(281) 601-7663,Huffman,TX,stxroofing.com,4.9,249
"The HeatBusters",(512) 767-0105,Austin,TX,www.theheatbusters.com,4.9,249
"Tx Platinum Construction",(214) 682-3400,Frisco,TX,txpworks.com,5,246
"Battery Joe (S. Georgia)",(806) 331-0022,Amarillo,TX,batteryjoe.com,4.5,244
"Enchanted Electric",(505) 988-3532,,TX,www.enchantedelectric.com,4.9,244
"Astrawatt Solar",(816) 489-4154,Kansas City,TX,astrawatt.com/?utm_source=google&utm_medium=organic&utm_campaign=kc-gmb-listing,4.7,242
"M&M Roofing, Siding & Windows - Beaumont",(409) 727-8327,Beaumont,TX,mmroofsiding.com/locations/beaumont/roofing,4.9,242
"Brava Roof Tile",(844) 290-4196,Washington,TX,www.bravarooftile.com,4.8,242
"Batteries Plus",(941) 488-2120,Venice,TX,www.batteriesplus.com/store-locator/fl/venice/batteries-plus-037?utm_source=gmb&utm_medium=local&utm_campaign=bpb&storecode=037,4.4,242
"Great Brother Electrical Solutions LLC",(214) 881-2623,,TX,greatbrotherelectrical.com,5,241
"Fenix Electric ETX",(903) 316-4007,Tyler,TX,fenixelectrictylertx.com,5,241
"TrueWorks Roofing",(713) 903-7663,Houston,TX,www.trueworksroofing.com,5,240
"McAllen Valley Roofing Co.",(956) 673-0780,McAllen,TX,www.mcallenvalleyroofing.com,4.5,239
"Sun City Solar Solutions",(915) 274-5825,El Paso,TX,facebook.com/barroterantx,4.9,239
"BluLadder Exterior Cleaning",(469) 345-7702,McKinney,TX,bluladder.com/?utm_campaign=gmb,5,238
"Tuscany at Faudree Apartment Homes",(432) 218-3295,Odessa,TX,texas.weidner.com/apartments/tx/odessa/tuscany-at-faudree/index.aspx?rcstdid=Mg%3D%3D-YRjTEizZPgM%3D,4.6,238
"Solar Power Pros",(303) 797-6527,Centennial,TX,solarpowerpros.com/?utm_campaign=gmb,4.8,238
"Stoneside Blinds & Shades Dallas",(469) 903-5535,Dallas,TX,www.stoneside.com/office/dallas-texas?utm_source=google&utm_medium=local&utm_campaign=gmb-dallas-local,4.9,237
"Koala Insulation of Pearland",(346) 230-0303,Pearland,TX,koalainsulation.com/pearland?utm_source=extnet&utm_medium=yext,4.9,237
"Precision Home Pros",(888) 412-5580,McKinney,TX,precisionhomepro.com,4.8,236
"A-1 Guaranteed Heating & Air, Inc",(707) 674-5874,,TX,a-1guaranteed.com/?utm_medium=organic&utm_source=gmb_profile-,4.9,236
"Elite Roofing LLC",(512) 379-7663,Austin,TX,www.eliteroofpro.com/areas-we-serve/leading-roofer-in-austin,4.9,236
"Sicar Farms Ltd",(956) 581-6080,McAllen,TX,sicarfarms.com,2.9,235
"Oncor Electric Delivery - Headquarters",(888) 313-6862,Dallas,TX,www.oncor.com,1.8,235
"FenceMaxx",(512) 710-6299,Austin,TX,www.fencemaxx.com,5,235
"Harbor Freight",(430) 300-3636,Jacksonville,TX,www.harborfreight.com/storelocator/1712-s-jackson-street-jacksonville-75766?number=3228,4.6,234
"Houston Strong Roofing Company",(832) 271-7783,Cypress,TX,houstrongroofing.com,4.9,233
"Sutherlands HomeBase",(318) 484-9900,Alexandria,TX,www.homebaseusa.com/?alexandria-la,4.2,233
"Northern Tool + Equipment",(325) 603-3900,Abilene,TX,www.northerntool.com/store/abilenetx-store-abilene-tx,4.6,233
"Digital Smart Home Security,LLC",(409) 333-1575,Beaumont,TX,digismarthomesetx.com,4.9,232
"Air Force One Plumbing Heating & Air, now part of A-Star Air Conditioning & Plumbng",(469) 476-4846,,TX,astardfw.com/air-force-one-plumbing-heating-and-air,4.6,231
"Houston Window Experts",(713) 547-4311,Houston,TX,houstonwindowexperts.com/?utm_campaign=gmb,4.8,231
"Gotcha Covered of El Paso",(915) 800-0282,El Paso,TX,www.gotchacovered.com/el-paso,4.9,230
"Frame Restoration",(214) 308-9227,Frisco,TX,framerestoration.com,4.9,229
"Driftwood Builders Roofing",(512) 894-0129,Manchaca,TX,driftwoodbuildersroofing.com,4.9,228
"Infinity Roofing & Siding",(281) 855-2331,Houston,TX,www.infinityroofer.com,4.6,228
"Proverbs 3:5 Pressure Washing & Exterior Cleaning LLC",(512) 831-8295,Mountain City,TX,www.proverbs35pw.com,5,227
"All Pest Solutions",(972) 442-1169,Wylie,TX,allpestsolutions.com,4.9,226
"Fair Finance Loans",(210) 227-9331,San Antonio,TX,www.fairfinanceloans.com,4.8,226
"ABC Blind & Drapery ATX LLC",(512) 459-6561,Austin,TX,www.abcblind.com,4.9,226
"RV Station Tyler",(903) 881-0140,Tyler,TX,www.rvstation.com,4.6,225
"AAAA Contractors and Roofing",(915) 852-3104,El Paso,TX,aaaacontractors.com/?utm_source=gmb&utm_medium=organic&utm_campaign=elpaso,4.9,225
"Lighthouse Solar",(512) 476-5555,Austin,TX,lighthousesolartx.com,4.9,224
"JML Roofing Solutions",(972) 244-3168,Rockwall,TX,www.jmlroofingsolutions.com,5,223
"Sutherlands HomeBase",(940) 468-4540,Mineral Wells,TX,www.homebaseusa.com/?mineral-wells-tx,4,222
"Air Patrol Air Conditioning & Heating",(214) 261-0034,Farmers Branch,TX,www.airpatrolac.com/?utm_source=google&utm_medium=organic&utm_campaign=gbp,5,222
"Batteries Plus",(940) 293-8890,Denton,TX,www.batteriesplus.com/store-locator/tx/denton/batteries-plus-153?utm_source=gmb&utm_medium=local&utm_campaign=bpb&storecode=153,4.5,222
"Apex Premier Roofing & General Contracting",(817) 410-0937,Grapevine,TX,www.apexpremierroofing.com,4.9,222
"Shadow Tinting",(806) 632-7503,Lubbock,TX,shadowtintingllc.com,5,221
"Vertical Solutions Roofing & Construction",(214) 706-2749,Carrollton,TX,www.verticalsolutionsroofing.com,4.9,221
"Astoria Lighting Co - Houston",(346) 231-0679,Houston,TX,astorialightingco.com/locations/houston-tx/?utm_source=llm&utm_medium=organic&utm_campaign=local-listing,4.9,220
"Shingle Hut Complete Roofing Services",(832) 240-7854,Cypress,TX,www.shinglehutroofing.com/?utm_campaign=gmb,4.9,220
"TriSMART Solar",(888) 485-5551,San Antonio,TX,www.trismartsolar.com,4.1,219
"Home Pro Solutions",(915) 888-7837,El Paso,TX,homeprosolution.com,4.7,219
"XP Services LLC Appliance HVAC Repair, Service, Parts",(214) 310-9966,Garland,TX,,5,218
"Tint World",(806) 686-6010,Lubbock,TX,www.tintworld.com/locations/tx/lubbock-012,4.4,218
"King Country Trailer & Service",(806) 605-5464,Amarillo,TX,kingcountrytrailer.com/?page_id=311,4.6,217
"CRV Construction - Roofing & Remodeling Experts",(956) 467-0455,McAllen,TX,www.crvconstruction.com,4.9,216
"Area Wide Services",(903) 467-5620,,TX,www.areawideservices.com,4.6,216
"XYZ Roofing and Restorations",(956) 230-2259,McAllen,TX,xyzroofingandrestorations.com/roofing-in-mcallen-tx,4.9,216
"Maximum Power",(806) 805-4096,Lubbock,TX,www.maximum-power.com,5,216
"Holden Roofing San Marcos",(512) 250-5981,San Marcos,TX,holdenroofing.com/contact-us/san-marcos-roofing,4.8,215
"Cen-Tex Roof Systems",(254) 751-7700,Elm Mott,TX,www.centexrs.com,4.5,215
"JR Electrical Services LLC",(832) 853-8919,Cypress,TX,cypresselectricianservices.com,5,215
"Ahlers Roofing and Construction LLC",(817) 793-2424,Haltom City,TX,www.ahlersroofing.com,4.5,214
"Conservation Construction of Dallas",(817) 416-8005,Grand Prairie,TX,conservationconstructionofdallas.com,4.4,214
"Storm Guardian Generators",(281) 399-4578,Alvin,TX,www.stormgg.com,4.3,213
"Nomic Power Solutions",(512) 851-0650,Austin,TX,nomicpower.com/?utm_campaign=gmb,5,213
"Auer's RV Service Center",(512) 863-2030,Georgetown,TX,auersrv.com,4.9,212
"Kangaroo Contractors",(972) 974-5720,McKinney,TX,www.kangaroocontractors.com/?UTM_source=GMB_listing&UTM_medium=organic,4.9,212
"Trinity Valley Electric Co-Op",(972) 932-2214,Kaufman,TX,www.tvec.net,3,212
"AK Lighting",(972) 439-5548,,TX,aklighting.net,4.9,210
"Clean Green Power Washing",(512) 566-3486,Austin,TX,cleangreenpowerwashing.com/?utm_source=google&utm_medium=organic&utm_campaign=gbp,5,210
"Everlast Gates & Fence",(469) 551-8521,Frisco,TX,everlastgates.com,5,210
"Battery Joe (19th Street)",(806) 687-7668,Lubbock,TX,www.batteryjoe.com,4.3,210
"Houstonian Services, Inc.",(713) 344-4707,Houston,TX,www.houstonianservicesinc.com,5,210
"Rooftop Solutions",(832) 512-5758,Pinehurst,TX,www.rooftopsolutionstx.com,5,209
"Blue Hammer Roofing",(737) 258-3054,Round Rock,TX,bluehammerroofing.com/areas-served/austin/?utm_source=google&utm_medium=organic&utm_campaign=gmb_austin,4.8,208
"Ron Hoover RV & Marine of Amarillo",(806) 318-5544,Amarillo,TX,www.ronhooverrvs.com,4.6,208
"Crestview RV Waco",(254) 857-3525,Hewitt,TX,www.crestviewrv.com,4.5,208
"DaBella",(682) 647-5549,Arlington,TX,dabella.us/location/fort-worth/?utm_source=GBP&utm_medium=link&utm_campaign=fortworthGBP&utm_id=Google+Business+Profile+Clicks,4.7,208
"Click Wise Design",(469) 854-0025,Allen,TX,clickwisedesign.com,4.9,208
"Ron Hoover RV & Marine of Laredo",(956) 218-7000,Laredo,TX,www.ronhoover.com/?utm_source=google&utm_medium=organic&utm_campaign=gmb%20listing,4.6,208
"Shield Roofing & Solar",(469) 297-8684,Cedar Hill,TX,myshieldroof.com,5,207
"Kresta Roofing",(210) 934-9604,San Antonio,TX,krestaroofing.com/roofing-contractor-san-antonio-tx,4.9,207
"SolarEdge Technologies Inc.",(510) 498-3200,Milpitas,TX,www.solaredge.com/us,3.5,207
"Energy Improvements",(800) 256-5867,Tyler,TX,www.energyimprovements.net,4.8,206
"Hage Energy",(713) 560-0600,Houston,TX,www.hagenrg.com,5,205
"All Star Roofing & Construction, LLC",(915) 503-5543,El Paso,TX,allstar-roofing.com,4.7,205
"arc electric + lighting",+1 281-909-4299,Cypress,TX,arcelectricandlighting.com,4.8,205
"Salvador Roofing Services LLC",(512) 563-3615,Kyle,TX,salvadorroofingservicellc.com,4.9,204
"A & A Sun Screens of Laredo, TX",(956) 568-0555,Laredo,TX,aasunscreens.com,5,204
"Integris Roofing Houston",(713) 587-6195,Houston,TX,www.integrisroofing.com/?utm_campaign=gmb,5,204
"ABP Construction",(817) 504-6341,Fort Worth,TX,abpconstructionllc.com,4.8,204
"Apex Sun Solutions",(512) 765-5067,,TX,apexsunsolutions.com,5,203
"Triple Crown Glass and Mirror",(254) 327-3480,Belton,TX,glassandmirrorshopbelton.com,4.8,203
"Garage Tec Automatic Gates & Garage Door Repair",(469) 430-2094,Frisco,TX,garagetec.org/frisco-tx,4.9,203
"Status Roofing LLC",(469) 424-4623,Frisco,TX,www.statusroofingllc.com,5,202
"M&M Lighting",(713) 667-5611,Houston,TX,www.mmlighting.com,4.4,202
"SecureNet Loan Services",(210) 236-7454,San Antonio,TX,securenetloanservices.com,4.6,201
"Texas Electricity Ratings",(866) 505-8192,Dallas,TX,www.texaselectricityratings.com/electricity-rates/texas/dallas?utm_source=gbp_dallas&utm_medium=google_organic,4.9,201
"DTX Construction",(469) 820-3830,Dallas,TX,www.dtxroofing.com,4.9,201
"Arrowhead Solar Screens",(817) 697-3007,Lewisville,TX,www.arrowheadsolarscreen.com,5,201
"Energy One Windows of Dallas/Ft. Worth",(972) 719-7801,Irving,TX,energyonewindows.com,5,201
"Texan Glass & Solar Control",(361) 814-2000,Corpus Christi,TX,www.texanglass.com,4.8,200
"We Roof Dallas, Inc",(972) 600-8259,Dallas,TX,weroofdallas.com,5,200
"A-Bear Pest Control",(210) 650-3200,San Antonio,TX,abearpestcontrol.com,5,200
"Thornton's Roofing Company",(325) 513-7663,Abilene,TX,www.thorntonsroofingcompany.com,5,199
"Royal Tint & Glass",(832) 488-2345,Houston,TX,www.royaltinthouston.com,4.8,199
"Classic Roofing and Solar",(817) 282-0161,Arlington,TX,classicroofingandsolar.com,4.6,197
"Heat Wave Glass & Window Tinting",(254) 732-0755,Waco,TX,windowtintingwaco.com,4.6,197
"Batteries Plus",(972) 548-7740,McKinney,TX,www.batteriesplus.com/store-locator/tx/mckinney/batteries-plus-407?utm_source=gmb&utm_medium=local&utm_campaign=bpb&storecode=407,4.3,196
"Window World of Lubbock",(806) 799-1545,Lubbock,TX,www.windowworldoflubbock.com,4.8,195
"Vivint",(940) 202-2332,,TX,www.vivint.com/locations/texas/denton?exid=200874&tfn=940.202.2332,4.1,195
"Vivint",(505) 340-3692,,TX,www.vivint.com/locations/new-mexico/albuquerque?exid=203801&tfn=505.340.3692,3.5,194
"Sun City Texas by Del Webb- 55+ Retirement Community",(512) 729-1228,Georgetown,TX,www.delwebb.com/homes/texas/austin/georgetown/sun-city-texas-16369,4.5,193
"Green Army",(888) 537-4555,Richardson,TX,greenarmy.com,4.8,193
"Harsin Energy Services",(214) 732-7241,,TX,www.energysaversdallas.com,4.9,191
"Tint World",(325) 480-8001,Abilene,TX,www.tintworld.com/locations/tx/abilene-108,4.8,191
"Solera Energy LLC",(855) 420-0251,Springfield,TX,soleraenergyllc.com/?utm_source=google&utm_medium=organic&utm_campaign=GMBListing-springfield-mo,4.7,190
"Dodson Electric",(817) 409-8918,Haslet,TX,www.dodsonelectric.com,4.9,190
"Batteries Plus",(346) 980-5959,Houston,TX,www.batteriesplus.com/store-locator/tx/houston/batteries-plus-610?utm_source=gmb&utm_medium=local&utm_campaign=bpb&storecode=610,4.4,189
"Azael Electrical And Lighting Design LLC",(682) 233-4611,Arlington,TX,azaelelectrical.com,5,189
"The Brothers That Just Do Gutters",(469) 780-8648,Frisco,TX,little-elm.brothersgutters.com/?utm_source=GMB&utm_medium=organic?utm_source=GMB&utm_medium=organic,4.9,189
"BrightWire Electrical Solutions",(832) 225-2003,Montgomery,TX,getbrightwire.com,5,189
"ACT Home Energy Specialists",(817) 781-8781,Fort Worth,TX,www.actenergysavers.com,5,189
"RoofHero",(469) 975-7377,McKinney,TX,www.myroofhero.com/?utm_source=gbp&utm_medium=gbp_link&utm_campaign=fbm_gbp,5,189
"PV-National",(214) 396-7587,McKinney,TX,www.solarmaintenancetx.com,5,189
"Northern Tool + Equipment",(432) 242-3565,Midland,TX,www.northerntool.com/store/nmidlandtx-store-midland-tx,4.2,188
"Koala Insulation of Dallas",(214) 919-8641,Dallas,TX,koalainsulation.com/dallas?utm_source=extnet&utm_medium=yext,5,188
"Texas Gas Service",(800) 700-2443,El Paso,TX,www.texasgasservice.com,2.3,187
"Austin Roofing Company | Texas Choice Roofing",(512) 774-9149,Austin,TX,txchoiceroofing.com/austin-roofing,5,187
"JWC General Contractors",(214) 972-4266,Southlake,TX,jwconstructiongroup.net/?utm_source=google&utm_medium=local&utm_campaign=gbp-southlake,4.9,186
"Koala Insulation of North Texas",(469) 638-9544,Frisco,TX,koalainsulation.com/north-texas?utm_campaign=gmb&utm_medium=yext&utm_source=extnet,4.9,185
"Bryan Texas Utilities",(979) 821-5700,Bryan,TX,www.btutilities.com,2.5,184
"Fence Supply Inc.",(972) 226-0004,Sunnyvale,TX,fencesupplyinc.com,4.5,184
"Pickle Roofing Solutions",(469) 397-4021,Allen,TX,pickleroofing.com/roofing-contractor-allen-tx/?utm_source=google&utm_medium=business_profile&utm_campaign=website,4.8,184
"Platinum Contracting LLC | Texas's Best Commercial/Residential Roofing Contractor",(855) 675-7663,Crandall,TX,platinumcontract.com,4.9,184
"Mojo Home Solutions LLC",(903) 402-7696,Trenton,TX,www.mojo-solutions.com,5,183
"Ready Roofing & Solar",(972) 736-9468,Dallas,TX,readyrooftx.com,4.9,182
"All Attic Insulation",(713) 817-1769,Houston,TX,www.allatticinsulation.com,4.9,182
"RADIANT Windows & Glass",(817) 565-3652,Southlake,TX,www.radiantwindowsglass.com/?utm_source=gmb&utm_medium=organic&utm_campaign=Maps,5,181
"⭐️HonestRoof.com⭐️",(817) 966-2863,Arlington,TX,www.honestroof.com/about-us,5,181
"Texan Glass & Solar Control",(281) 296-6200,The Woodlands,TX,www.texanglass.com,4.8,181
"Solar Reflections",(832) 823-0198,Spring,TX,www.texastintbiz.com/?utm_source=google&utm_medium=wix_google_business_profile&utm_campaign=7767677240185188646,5,181
"Adhesive Pro Window Tinting",(214) 668-6438,Duncanville,TX,adhesiveprodfw.com,4.8,179
"Attica Air Duct Cleaning",(737) 264-7555,Georgetown,TX,atticaairductcleaning.com,5,178
"Broad River Electric Cooperative, Inc.",(866) 687-2667,Cowpens,TX,www.broadriverelectric.com,1.5,178
"Mammoth Roofing & Solar of Austin",(512) 596-2944,Round Rock,TX,www.mammothroofs.com/locations/austin-tx/?utm_source=google&utm_medium=organic&utm_campaign=gmb&utm_content=round_rock,4.8,178
"Ultra Home Solutions",(915) 500-3739,El Paso,TX,www.ultrahomesolutionsep.com,4.8,178
"Genesis Power Solutions",(855) 954-5414,Mesa,TX,www.gps.solar,4.2,177
"Hometown Roofing & Restoration",(830) 428-2820,Boerne,TX,www.hometownroofingtx.com,4.8,177
"BMS CAT Austin",(512) 812-7537,Round Rock,TX,www.bmscat.com/locations/austin/?utm_source=google&utm_medium=organic&utm_campaign=gmb-homepage,4.1,177
"Elevation Roofing & Restoration LLC",(832) 551-2679,Houston,TX,elevationrr.com,4.9,177
"Equal Heat And Air",(469) 669-9111,Wylie,TX,www.equalheatandair.com,4.9,177
"Ryan Roofing",(432) 777-7663,Midland,TX,ryanroofs.com,4.9,176
"PEG Energy",(956) 203-0669,Laredo,TX,www.pegenter.com,4.3,176
"Lone Star Solar Screens",(972) 445-0856,Irving,TX,lonestarsolarscreens.com,4,175
"Shadeotech Window Fashions",(469) 499-3322,Carrollton,TX,shadeotech.com,5,175
"Energy One Windows of Austin",(512) 342-8700,Round Rock,TX,energyonewindows.com,4.6,174
"Disciple Window Tint in Tyler, Texas",(903) 600-6899,Tyler,TX,discipletinttyler.com,4.9,174
"Springtree Restoration - Allen, TX",(972) 332-4143,Allen,TX,www.springtreetx.com,4.8,173
"OneSource Roofing and Restoration",(972) 928-2988,Frisco,TX,www.onesourceroofs.com,5,173
"Allied Siding & Windows",(972) 888-9988,Grapevine,TX,www.alliedsidingandwindows.com,4.4,173
"Hargrove Roofing",(713) 425-3771,Houston,TX,www.hargroveroofing.com,5,172
"Sparkle Squad of Round Rock-Cedar Park-Leander",(512) 882-1444,,TX,sparklesquad.com/cedar-park-tx/?utm_source=googlebusinessprofile&utm_medium=organic&utm_campaign=Qiigo,5,172
"L-E Electric, Inc.",(575) 526-8483,Las Cruces,TX,www.le-electric.com,4.8,171
"SCI Roofing & Remodeling Company",(214) 578-0850,Anna,TX,www.sciroofingandremodeling.com,5,170
"Charge Pro Texas",(512) 379-8532,,TX,www.chargeprotexas.com,5,170
"Window Genie of Waco",(254) 218-5703,,TX,www.windowgenie.com/waco/?cid=LSTL_WDG000206&utm_source=gmb&utm_campaign=local&utm_medium=organic,4.8,170
"Integrity First Roofing & Construction",(972) 836-9196,Frisco,TX,constructionwithintegrity.com,5,169
"Coppell Heating and Air Conditioning",(972) 462-1882,Coppell,TX,www.coppellac.com,4.8,168
"Fun Town RV Amarillo",(833) 242-1194,Amarillo,TX,www.funtownrv.com/locations/amarillo,4.7,168
"K2 Fence & Stain",(512) 855-2565,Austin,TX,k2fence.com,5,168
"Power Up Solar Cleaning, LLC",(469) 212-4484,,TX,powerupsolarclean.com,5,168
"Infuse Energy LLC",(844) 463-8732,Houston,TX,www.infuseenergy.com,2.8,168
"Two Brothers Roofing",(210) 361-4013,San Antonio,TX,twoprobros.com,4.9,166
"SunState Solar Inc",(505) 225-8502,Albuquerque,TX,sunstatesolar.com/?utm_source=gbp&utm_medium=organic&utm_campaign=sunstatesolar,5,166
"Simplicity Roofing",(817) 541-9800,North Richland Hills,TX,,4.9,166
"Tarrant Roofing",(512) 401-3345,Austin,TX,tarrantroofing.com/austin-tx-roofing-services/roofing-company-austin-texas,4.9,166
"Blue Moon Mobile RV",(972) 323-5050,Carrollton,TX,bluemoonrv.com,4.4,165
"Firehouse Roofing",(817) 402-8171,Colleyville,TX,firehouseroofing.com/colleyville,4.9,165
"Thermo King of Tulsa",(918) 446-1431,Tulsa,TX,hoathermoking.com,4.6,165
"Roofing OnTop & Construction",(469) 617-7701,McKinney,TX,www.roofingontop.com,5,164
"Str8Forward Roofing",(469) 328-1753,Allen,TX,str8forwardroofing.com,5,164
"Kingfisher Roofing",(512) 831-7228,Austin,TX,www.kingfisher-roofing.com/?utm_source=google&utm_medium=organic&utm_campaign=gbp,4.9,164
"E&D Premier Roofing & Solar LLC",(469) 363-0187,Garland,TX,edpremierroofing.com/?utm_source=gmb&utm_medium=referral,4.9,164
"ABC Supply Co. Inc.",(817) 284-6100,Fort Worth,TX,www.abcsupply.com/locations/location?BranchNumber=011,4.1,163
"Renfro Glass Inc",(972) 228-1962,Lancaster,TX,www.renfroglassinc.com,4.7,163
"Onward Roofing",(512) 643-0087,Austin,TX,onwardroofing.com,5,162
"Fort Tex Metals & Roofing",(682) 313-4066,Fort Worth,TX,www.ftmandroofing.com,5,162
"Branch Energy",(833) 730-3037,Houston,TX,branchenergy.com,4.7,161
"Lanham Window Company",(817) 546-2000,Fort Worth,TX,www.lanhamwindows.com,4.9,161
"ESI Fire & Security Protection (Commercial Security & Fire Services)",(281) 385-5300,Channelview,TX,www.esifire-security.com,5,160
"PDQ Electric",(702) 382-1100,Las Vegas,TX,pdqelectricnv.com,4.9,160
"Major League Roofing",(469) 708-7663,Frisco,TX,mlroof.com,4.9,160
"Awake Solar",(866) 292-5389,Houston,TX,www.awakesolar.com,4.9,160
"Reliant Chimney Sweeps",(469) 213-3070,Grapevine,TX,reliantchimneysweeps.com,4.5,159
"Sienna Roofing",(281) 598-9020,Sugar Land,TX,www.siennaroofing.com,5,158
"Hartman Roofing, Inc",(432) 522-1117,Midland,TX,www.hartmanroofing.com,4.8,158
"StoneBridge Heating & Air Conditioning",(903) 405-4143,Tyler,TX,stonebridgeac.com,4.4,158
"Martin Roofing And Solar",(832) 617-4037,Houston,TX,martinroofingandsolar.com,5,157
"King's Window Services LLC",(817) 512-5714,North Richland Hills,TX,www.kingswindowservices.com/?utm_medium=organic&utm_source=google&utm_campaign=gbp,4.9,157
"Johnny Walker Roofing & Construction",(940) 412-8994,North Richland Hills,TX,jwrandc.com,5,157
"Hydrostatic Plumbing & Air",(210) 740-2790,San Antonio,TX,san-antonio-plumber.com,5,157
"Tint World",(281) 812-3800,Conroe,TX,www.tintworld.com/locations/tx/conroe-131,4.8,156
"Harbor Freight",(682) 990-8383,Fort Worth,TX,www.harborfreight.com/storelocator/1460-eastchase-pkwy-fort-worth-76120?number=3386,4.6,156
"Greenleaf Roofing",(972) 379-9109,Plano,TX,www.greenleaf-roofing.com,5,156
"Monarch Roofing Houston",(832) 215-0987,Houston,TX,www.monarch-roofing.com/?utm_source=google&utm_medium=organic&utm_campaign=gbp,4.7,156
"Alamo Auto Sound & Security",(210) 737-8252,San Antonio,TX,alamoautosound.com,4.6,156
"Auto Eclipse",(972) 302-1502,McKinney,TX,www.mckinneywindowtint.com,4.6,155
"NeRD",(866) 572-2637,San Antonio,TX,www.nerdfam.com,4.3,155
"Nimbus Roofing",(214) 612-6696,McKinney,TX,www.nimbusroofing.com,4.9,154
"Carolina Custom Roofing Services",(336) 594-2833,,TX,www.ccroofingservices.com,4.9,154
"Green Sun Energy Services, LLC",(732) 410-7818,Middletown Township,TX,greensunnj.com,5,154
"ABC Supply Co. Inc.",(214) 630-3940,Dallas,TX,www.abcsupply.com/locations/location?BranchNumber=041,4.2,154
"Falcon Point Roofing",(512) 550-6786,Round Rock,TX,falconpointroofing.com/locations/round-rock-roofing-company,5,153
"Solara Specialty Hospitals McAllen",(956) 632-4880,McAllen,TX,www.solarahospitals.com/locations/texas/McAllen,4.3,153
"X Roofing and Solar",(682) 376-2497,Irving,TX,xroofandsolar.com,5,152
"Vivint",(575) 725-2570,,TX,www.vivint.com/locations/new-mexico/roswell?exid=204391&tfn=575.725.2570,4.6,152
"Arborilogical Services",(972) 442-1524,Wylie,TX,www.arborilogical.com,4.7,152
"Apex Construction Group",(469) 880-4504,Richardson,TX,www.apexcgrp.com,5,152
"Denali Electric LLC",(210) 686-2700,San Antonio,TX,www.denalielectricllc.com,5,151
"Handyman Eddie Services",(214) 687-8092,Irving,TX,handymaneddieservices.com,4.8,151
"Genuine Texas Exteriors",(512) 745-5676,Austin,TX,genuinetexasexteriors.com,5,151
"SunSmart Windows and Doors",(817) 601-7035,Fort Worth,TX,fortworth.sunsmarthome.com,4.8,151
"Dwell Roofing & Exteriors",(972) 994-6386,Plano,TX,dwellroofing.com,4.9,151
"The Glass Guru",(903) 308-5904,Tyler,TX,www.theglassguru.com/locations/tyler-tx/?utm_source=gmb&utm_medium=profile_website_link,5,150
"Mendoza Electric",(760) 260-5049,,TX,www.mendozaelectric.org,4.9,150
"FairClaims Roofing & Construction",(972) 292-7444,McKinney,TX,www.fairclaimsroofing.com,5,149
"CB Adventure Supply",(817) 330-4466,Fort Worth,TX,www.cbadventuresupply.com,5,149
"Steele Roofing LLC",(903) 630-5751,Tyler,TX,steeleroofingtyler.com/?utm_source=google&utm_medium=organic&utm_campaign=gmb&utm_content=gmb-button,4.8,149
"L & J Beauty Studio",(210) 701-8161,San Antonio,TX,www.landjbeautystudio.com,4.7,149
"Brohn Homes Corporate Office",(512) 320-8833,Austin,TX,brohnhomes.com,4.2,149
"May Electric Solar",(727) 819-2862,Hudson,TX,www.mayelectricsolar.com,4.7,148
"Joshhobbs.com Solar Screens",(512) 351-5762,Austin,TX,www.joshhobbs.com,5,148
"Precision Outdoors",(972) 954-5300,,TX,www.precisionoutdoorstx.com,5,148
"Budget Blinds of North Plano, Addison and Carrollton",(972) 955-2072,,TX,budgetblinds.com/northplano,5,148
"Oak Farms Dairy San Antonio",(210) 732-1111,San Antonio,TX,deanfoods.com,3.9,147
"Baker Glass Co. Inc.",(915) 566-9461,El Paso,TX,www.bakerglass.com,4.5,147
"Fossil Ridge Roofing and Construction",(903) 624-4900,Denison,TX,fossilridgeroofing.com,4.7,146
"Home Quality Solutions Roofing",(972) 743-0331,Dallas,TX,homequalitysolutions.com,4.9,146
"Bowie-Cass Electric Cooperative , Inc",(903) 846-2311,Douglassville,TX,www.bcec.com,1.9,146
"Epiphany",(859) 559-1889,Midway,TX,epiphanyfoam.com/spray-foam-insulation-lexington-ky,4.9,146
"Maverick Roofing",(806) 705-8373,Lubbock,TX,maverickroofing.com,5,145
"TSG Roofing",(832) 678-3444,Houston,TX,tsgroofing.com/houston-tx,4.9,144
"Hub City Solar",(806) 790-3388,Lubbock,TX,hubcitysolar.com,5,144
"Creative Blinds",(713) 489-1606,Houston,TX,creativeblinds.com/hunter-douglas-houston-memorial/?utm_source=google&utm_medium=organic&utm_campaign=my+business+location+page,4.9,144
"The Junction Antiques",(210) 273-3439,San Antonio,TX,facebook.com/thejunctionsanantonio,4.3,144
"Alpha Exteriors and Construction",(214) 444-8209,Coppell,TX,alphaeac.com,5,143
"Hurst Glass and Screen",(817) 282-9121,Hurst,TX,www.hurstglass.com,4.7,143
"Lone Star Drone",(817) 642-7499,Arlington,TX,www.lsdrone.com,4.7,142
"Tri-State Water Power and Air",(877) 301-7693,Addison,TX,tristatewhywait.com,4.6,142
"SolRa Tech",(346) 562-1286,Houston,TX,www.solratech.us,5,142
"Lonestar Exterior",(940) 368-3848,Denton,TX,lonestarexterior.com/?utm_source=GoogleBusinessProfile&utm_medium=organic,5,141
"NXT LEVEL HOMES",(469) 415-7685,Richardson,TX,nxtlevel.homes,4.8,141
"Real Simple Energy",(877) 789-5350,Dallas,TX,www.realsimpleenergy.com,4.7,140
"Garland Power & Light",(972) 205-2650,Garland,TX,www.gpltexas.org,1.9,139
"Mpact Roofing",(512) 886-1536,Pflugerville,TX,www.mpactroofing.com,4.9,139
"Zilker Roofing",(512) 893-7663,Austin,TX,zilkerroofing.com,4.9,139
"Half Price Solar Screens and Elegant Interiors Corpus Christi",(361) 480-5430,Corpus Christi,TX,halfpricesolarscreens.com,5,139
"ADU Water Fire Mold Storm",(469) 778-7662,Dallas,TX,www.alldryus.com/texas/dallas,4.9,138
"Lochridge-Priest, Inc.",(800) 460-1562,Corsicana,TX,residential.lochridgepriest.com/?utm_source=google-business-listing&utm_medium=organic&utm_campaign=website-button,4.7,138
"Texas State Roofing Company",(361) 884-7663,Corpus Christi,TX,www.texasstateroofing.com,4.6,138
"Cook DFW Roofing & Restoration",(469) 652-7787,Van Alstyne,TX,www.cookdfw.com/?utm_campaign=gmb&utm_medium=organic&utm_source=google,5,138
"RRC Quality Solar Screens",(956) 212-8900,McAllen,TX,www.rrcsolarscreens.com,5,138
"Precision Solar Tint",(210) 849-1305,San Antonio,TX,www.precisionsolartint.com,4.7,138
"EnergyUnited",(800) 522-3793,Statesville,TX,www.energyunited.com,2.5,137
"NM Solar Group",(505) 415-6172,Albuquerque,TX,nmsolargroup.com,4.1,137
"Craddock Roofing",(713) 465-8090,Houston,TX,www.craddockroofing.com,4.9,137
"RCSA Roofing & Construction",(972) 360-7891,Plano,TX,www.rcsausa.com,5,136
"Simple Power",(661) 505-9000,Bakersfield,TX,gosimplepower.com,4.9,136
"Invictus Roofing and Construction",(469) 649-0288,Little Elm,TX,www.invictusroofing.com,4.9,135
"streamline energy",(833) 677-8732,,TX,www.streamlinegreen.com,4.2,135
"RE Roofing and Construction",(214) 449-5732,Allen,TX,reroofingconstruction.com,5,135
"Dynamic Roofing General Contractor LLC",(972) 449-9336,Plano,TX,dynroofing.com,4.9,134
"Positive Energy Solar",(505) 344-0071,Albuquerque,TX,www.positiveenergysolar.com,4.9,134
"The Glass Guru of Frisco",(469) 425-8879,Prosper,TX,www.theglassguru.com/locations/frisco-tx/?utm_source=gmb&utm_medium=profile_website_link,4.9,134
"Malachi Roofing",(512) 996-0255,Cedar Park,TX,www.malachiroofing.com,4.9,134
"Clean and Green Solutions",(713) 256-3966,Houston,TX,cleanandgreensolutions.com,4.9,134
"Window World of Northeast Texas",(903) 561-1110,Whitehouse,TX,www.windowworldtylertexas.com,4.8,134
"Poly Energy",(855) 497-6527,Columbia,TX,www.mypolyenergy.com,4.3,133
"Montgomery Roofing - Waco Roofers",(254) 655-1024,Waco,TX,roofstexas.com/waco-roofers,4.9,133
"Everlast Gates & Fence",(469) 716-5138,Carrollton,TX,everlastgates.com,4.9,133
"Winton & Associates",(915) 584-8629,El Paso,TX,www.wintonhomes.com,3.8,133
"A.M. Sun Solar & Roofing",(805) 772-6786,Paso Robles,TX,amsunsolar.com,4.6,133
"AllTex Home And Commercial Services",(512) 710-3535,Round Rock,TX,www.alltexhomeandcommercialservices.com,5,132
"Alamo Wraps",(210) 810-7654,,TX,www.alamowraps.com,5,132
"NT Window Inc.",(800) 969-8830,Fort Worth,TX,www.ntwindow.com,4.5,132
"Country 3 Corners Hardware and Building Materials",(603) 529-7539,Weare,TX,www.doitbest.com/country-3-corners,4.5,132
"Talent Corps",(972) 468-9111,Plano,TX,www.talentcorps.com,4.8,132
"Tesla Motors Inc",(346) 762-6700,Richmond,TX,www.tesla.com,3.7,131
"TriStar Built",(940) 280-0080,Denton,TX,www.tristarbuilt.com,4.7,131
"Rivertop Roofing",(888) 909-5424,Plano,TX,www.rivertoproofing.com,4.9,131
"Profamily Roofing Group",(956) 688-9925,Pharr,TX,profamilyroofinggroup.com,4.9,131
"Bacon Roofing",(972) 945-7544,Rowlett,TX,baconroofing.com/?utm_campaign=gmb,4.9,131
"Johnson Solar - San Diego County's Best Veteran Owned Solar Installation Company",(619) 784-8401,El Cajon,TX,johnsonsolar.com,4.9,130
"Denton Municipal Electric",(940) 349-8700,Denton,TX,www.dmepower.com,2.1,130
"LSCG Roofing Contractors LLC",(469) 571-2003,Arlington,TX,lscgcontractors.com,4.8,130
"Blue Eagle General Contractors",(800) 217-8110,Fort Worth,TX,blueeaglegc.com,4.9,129
"Slick Blinds - Your Blinds LLC| Blind Store in Prosper, TX| Translucid Drapes in Frisco, TX",(469) 552-5550,Prosper,TX,slickblinds.com/prosper-tx,5,129
"Shading Texas",(512) 264-1500,Austin,TX,www.shadingtexas.com/?utm_source=localfx&utm_medium=organic&utm_campaign=gbp,5,129
"SEI Roofing",(972) 696-7259,Carrollton,TX,seiroofing.com/?utm_source=google&utm_medium=organic&utm_campaign=gmb,4.8,128
"D & M Fencing",(325) 307-2704,Abilene,TX,www.dandmfencing.com,4.6,128
"Legacy Roofing Pros",(512) 316-3628,Round Rock,TX,legacyroofingpros.com/?utm_source=googlemybusiness&utm_medium=organic&utm_campaign=gmbwebsite,4.7,127
"TriSMART",(915) 218-5345,El Paso,TX,www.trismartsolar.com/el-paso,4.5,127
"SunMasters Automotive",(972) 934-1114,Carrollton,TX,,4.3,126
"Octopus Energy US",(833) 628-6888,Houston,TX,www.octopusenergy.com,4,126
"Solar SME, INC.",(240) 673-3896,Bowie,TX,solarsme.com,4.5,126
"Houser Roofing, LLC.",+1 979-472-9176,Sealy,TX,www.houserroofingtx.com,4.7,126
"Tritek Auto Tinting",(214) 570-8468,Richardson,TX,www.facebook.com/tritektintrichardson,4.8,126
"HomeWorx Solutions",(915) 339-9679,El Paso,TX,homeworxsolutions.com,4.8,126
"Accurate Roof Systems",(903) 894-6418,Flint,TX,accurateroofsystems.com,4.7,125
"Red Ladder Roofing & Construction",(940) 736-8577,Denton,TX,www.redladderroofing.com,5,125
"Synergy Home",(972) 845-5521,Highland Village,TX,synergyhomeeco.com,4.8,125
"Builders",(214) 823-7663,Plano,TX,restorbuilders.com/locations/plano-texas/?utm_source=gmb&utm_medium=organic&utm_campaign=plano,4.7,125
"Finger Lakes Power Systems",(315) 692-0093,,TX,www.flpowersystems.com,4.9,125
"Home Flash Services",(915) 239-6700,El Paso,TX,www.homeflashservices.com,4.9,125
"Innovate Roofing & Solar",(469) 496-7300,,TX,www.innovateroofingsolar.com,5,125
"Aurum Roofing",(512) 764-5609,Pflugerville,TX,www.aurumroofing.com,5,124
"iFOAM Insulation of Denton",(469) 716-6845,Denton,TX,www.ifoam.com/denton-tx,5,124
"Bernardy Lighting , LLC",(817) 542-6445,,TX,www.bernardylightingllc.com,5,124
"Galvan Roofing and Construction",(361) 444-5606,Corpus Christi,TX,galvanroofingtx.com,4.8,124
"Korrect General Contracting",(817) 888-8827,Fort Worth,TX,www.korrect.net/?utm_campaign=gmb,4.8,123
"Entergy Corporation",(800) 368-3749,New Orleans,TX,www.entergy.com,2.5,123
"Buford Roofing & Construction Inc.",(817) 329-7663,Grapevine,TX,www.bufordroofing.com,4.8,123
"Double T Screened Patios",(469) 402-4647,Celina,TX,doubletpatios.com/?utm_source=gmblisting&utm_medium=organic,4.8,123
"Bill Sprauer Austin Roofing Company",(737) 703-6290,Austin,TX,www.sprauerroofingco.com,4.7,123
"Patriot SoftWash",(972) 402-6810,Plano,TX,www.txpatriotsoftwash.com,5,122
"CK Electric, LLC",(214) 208-7754,Carrollton,TX,ckelectrictx.com,4.9,122
"Advantage Remodeling and Roofing",(214) 891-5907,McKinney,TX,advantageremodelingandroofing.com/?utm_source=google&utm_medium=organic&utm_campaign=gmb-allen&utm_content=website,4.9,122
"Morza Prowash Pressure Washing LLC",(903) 261-7242,Longview,TX,www.morzaprowash.com,5,122
"McLeod Electric LLC",(210) 852-7653,Von Ormy,TX,,5,122
"Lucid Services",(713) 814-8799,Houston,TX,www.lucidservicesco.com,5,122
"Tarrant County Door & Gate",(817) 456-2958,North Richland Hills,TX,tarrantcountydoorandgate.com/?utm_campaign=google&utm_medium=organic&utm_source=google_business_profile,4.9,121
"Sun Gun",(512) 202-6548,,TX,sungunatx.com,4.9,121
"Insulation First",(214) 812-9001,Dallas,TX,www.insulation1st.com,5,121
"Energy One Windows of San Antonio",(210) 549-4177,San Antonio,TX,energyonewindows.com,4.8,121
"Advanced Roofing Inc",(954) 522-6868,Fort Lauderdale,TX,www.advancedroofing.com,4.5,120
"Interstate All Battery Center",(903) 509-3240,Tyler,TX,www.interstatebatteries.com/locations/all-battery-center-tyler-tx?utm_source=google&utm_medium=local&utm_campaign=localmaps&utm_content=9127,4.7,120
"iRGO Roofing",(915) 777-1443,El Paso,TX,www.irgoroofing.com,4.8,120
"M&M Roofing, Siding & Windows - Austin",(512) 219-1242,Austin,TX,mmroofsiding.com/locations/austin/roofing,4.8,120
"Everlast Gates & Fence",(940) 340-3444,Denton,TX,everlastgates.com,5,120
"Y Energy Solution",(832) 731-0131,Spring,TX,www.yenergysolution.com,5,120
"Green Knight Metal Roofing",(512) 866-1599,Austin,TX,greenknight.com/?utm_source=google&utm_medium=organic&utm_campaign=gmb,4.8,120
"The Guild Collective",(830) 816-3322,Boerne,TX,guildtx.com,5,120
"Living EcoWater",(281) 626-5894,Houston,TX,livingecowater.com,4.7,119
"Tesla El Paso",(915) 352-2852,El Paso,TX,www.tesla.com/findus/location/store/elpaso7825,4.4,119
"Phillips Roofing",(361) 815-3866,Corpus Christi,TX,phillipsroof.com,5,119
"Benton Roofing",(828) 693-3362,Flat Rock,TX,www.bentonroofing.com/?utm_source=google&utm_medium=google_profile&utm_campaign=Google+Profile+,4.9,119
"Koala Insulation of Greater Fort Worth",(817) 984-8797,Southlake,TX,koalainsulation.com/greater-fort-worth?utm_source=extnet&utm_medium=yext,4.9,118
"Spark Lighting - LED Lighting Installation",(832) 583-2664,Houston,TX,www.sparklighting.com/?utm_campaign=gmb,5,118
"Morgan Pro Services",(713) 466-7426,Houston,TX,www.morganproservices.com,4.9,118
"TAG Roofing & Exteriors",(737) 258-4430,Georgetown,TX,www.tagroofingexteriors.com/?utm_source=GMB&utm_medium=local&utm_campaign=georgetown-tx,5,118
"Lone Star Blinds & Shutters",(817) 428-3311,Fort Worth,TX,lonestarblinds.net,5,118
"Energy One Windows of Houston",(281) 436-6055,Spring,TX,energyonewindows.com,4.9,118
"Invision Roofing",(210) 838-6062,San Antonio,TX,www.invisionroofing.com/?utm_source=google&utm_medium=organic&utm_campaign=gmb,4.6,118
"Swiff Security",(512) 264-4001,Austin,TX,swiffsecurity.com,5,118
"Moy Construction & Remodeling LLC",(915) 355-9900,El Paso,TX,www.moyconstruction.com,4.6,118
"Blattner Company",(320) 356-7351,Avon,TX,www.blattnercompany.com,3.7,117
"Electronic Power Design",(713) 923-1191,Houston,TX,www.electronicpowerdesign.com,4.9,117
"Tall City Tint",(432) 212-3612,Midland,TX,www.tallcitytintmidland.com,4.2,117
"Absolute Glass and Mirror",(903) 372-9356,Whitehouse,TX,glasstyler.com,5,117
"Action Electric",(806) 239-7595,Lubbock,TX,actionelectriclbk.com,4.9,117
"Sunforce Solar",(575) 652-6806,Las Cruces,TX,sunforce.solar,5,117
"New Age Plumbing LLC",(915) 822-1865,El Paso,TX,www.newageplumbingep.com,4.2,117
"The Catch-All",(903) 636-3100,Tyler,TX,thecatchall.com,4.9,116
"TXO Restoration",(818) 943-7028,Cedar Hill,TX,www.txoroof.com/cedar-hill,5,116
"GWR Water Well Service, Llc",(409) 457-7929,Santa Fe,TX,www.gwrwaterwells.com,4.8,116
"EZ Fix Electric",(469) 685-9788,,TX,ezfixelectrictx.com,5,116
"YES INSTALLATION",(866) 352-8931,Dallas,TX,yesinstallation.com,4.9,116
"MD Roofing, LLC",(214) 402-5385,Cedar Hill,TX,mdroofing.com,4.9,116
"Lifetime Quality Roofing",(216) 270-7555,Independence,TX,www.lifetimequalityroofing.com/locations/cleveland-ohio/?utm_source=google&utm_medium=organic&utm_campaign=gmb&utm_content=cleveland-ohio,4.7,116
"Eva's All Seasons Glass,LLC",(214) 223-9691,Van Alstyne,TX,evasallseasonsglass.com,4.9,115
"Spyder Roofing",(972) 707-1875,Garland,TX,www.spyderroofing.com/?utm_source=google&utm_medium=organic&utm_campaign=gmb-garland&utm_content=website,5,115
"B&C Quality General Contractors",(469) 226-9198,Carrollton,TX,www.bncqualityroofs.com,5,115
"BlueSun Services",(945) 215-0539,Irving,TX,bluesunsvcs.com,5,115
"Mr. Painter",(210) 895-9595,,TX,mrpaintertexas.pro,5,115
"Heroes Roofing & Construction LLC",(915) 777-9030,El Paso,TX,www.heroeseptx.com/book-appointment,4.8,115
"Texas Roofing & Construction Inc",(469) 667-0176,Wylie,TX,www.roofingnorthtexas.com,5,115
"Penguin Insulation",(469) 777-1815,Lewisville,TX,www.penguininsulationtx.com/commercial-insulation-services,4.9,114
"Northern Tool + Equipment",(254) 651-2600,Waco,TX,www.northerntool.com/store/wacotx-store-waco-tx,4.5,114
"Koryente LLC - Electrical Contractors",(214) 810-6681,Van Alstyne,TX,www.koryente.us,5,114
"Sanchez Fence",(832) 830-1240,Austin,TX,sanchezfenceaustin.com,5,114
"A Solar Screen",(956) 686-2953,McAllen,TX,asolarscreen.com/contact,5,114
"Dal-Tex Glass & Screens, LLC",(972) 285-5458,Mesquite,TX,,4.9,114
"Star Gate & Fence",(469) 778-0871,,TX,stargateandfence.com,4.8,114
"Lonestar Roofing And Construction",(888) 421-1688,Arlington,TX,lonestarrac.com,5,113
"Innovative Skylights",(713) 466-1551,Houston,TX,innovativeskylights.com,4.8,113
"4 Sure Gates - Repair & Installation",(817) 965-7873,Fort Worth,TX,www.4suregates.com,4.7,113
"Eastwood Energy Group",(713) 487-1975,Houston,TX,www.eweg.com,5,112
"Roof Rescue",(830) 223-2032,Boerne,TX,roofrescueus.com/?utm_source=google&utm_medium=gmb&utm_campaign=GMB,4.8,112
"Lonestar Electric Supply",(972) 947-9700,Dallas,TX,www.lonestarelectricsupply.com,4.6,112
"Clear Vision Construction",(972) 839-0407,Frisco,TX,www.clearvisionroofing.com,5,111
"TSG Roofing",(512) 737-1414,Austin,TX,tsgroofing.com/austin-tx,4.9,111
"Austin Window Screens",(512) 757-9267,,TX,www.austinwindowscreens.com,5,111
"Roof Kings of Texas",(254) 340-0968,McGregor,TX,www.roofkingstx.com,5,111
"Bass Brothers Roofing LLC.",(575) 585-7663,,TX,bassbrothersroofingllc.com,4.5,111
"Sali's Roofing",(469) 677-0239,Dallas,TX,salisroofing.com/?utm_source=google&utm_medium=organic&utm_campaign=gbp_listing&utm_content=salis_roofing,5,110
"Exterior Pressure Pros LLC",(903) 218-7787,Tyler,TX,www.exteriorpressurepros.com/contact,5,110
"Rockwall Roofing & Gutters, LLC",(972) 832-7618,,TX,rockwallroofingtx.com,5,110
"Bass Roofing & Restoration LLC",(888) 407-6634,Fort Worth,TX,bassroof.com,5,110
"Blind Outfitters: Blinds Austin, Shutters, Shades",(512) 331-8380,Austin,TX,www.blindoutfitters.com,4.9,110
"Capitol Roofing & Construction LLC",(972) 474-8955,Rowlett,TX,www.capitolrcllc.com,4.9,109
"Farmers Electric Cooperative, In",(903) 455-1715,Greenville,TX,www.farmerselectric.coop,3.6,109
"Artisan Roofing and Solar",(972) 854-9212,Dallas,TX,acsroofing.net,5,109
"Empire Roofing and Solar LLC",(972) 379-9769,Dallas,TX,empireroofing-solar.com,4.9,109
"Hi-Line Electrical Services LLC",(737) 900-3386,,TX,www.hi-lineelectricaltx.com,5,109
"Angler's Attic Insulation",(817) 727-0424,,TX,www.anglersatticinsulation.com,5,109
"Omicron Solutions",(915) 843-9800,El Paso,TX,omicronsolutions.net,4.6,109
"Gate Openers Direct",(713) 330-3333,Houston,TX,www.gateopenersdirect.com,4.8,109
"Chill Pro LLC",(915) 219-1060,El Paso,TX,chillprosolutions.com,4.8,108
"Phoenix Exteriors",(512) 872-4904,Round Rock,TX,www.phoenixexteriors.com,4.8,108
"Invoke Roofing & Construction",(817) 523-9950,North Richland Hills,TX,invokeroofing.com,4.9,108
"Total Wireless",(210) 254-9824,San Antonio,TX,total.victra.com/stores/tx-san-antonio-fredericksburg-tbv,4.8,108
"Jordan Roofing",(903) 843-7663,Seven Points,TX,jordanroofco.com,5,107
"Staycation Fiberglass Pools",(210) 997-7665,San Antonio,TX,staycationfiberglasspools.com/?utm_source=gmb&utm_medium=organic,4.9,107
"K&L Contractors",(469) 237-7694,Frisco,TX,klconstructioncompany.com,4.8,107
"Eversource",(877) 659-6326,Springfield,TX,www.eversource.com/content/wma,1.5,107
"Collin Bryan Construction",(214) 927-5263,Addison,TX,www.collinbryan.com,4.6,106
"Solar Screens N More",(972) 639-3499,Grand Prairie,TX,www.solarscreensnmore.com/?utm_source=Google&utm_medium=Organic&utm_campaign=Ad+Pages,4.7,106
"Momma Bear Roofer LLC",(512) 740-2217,Cedar Park,TX,mommabearroofer.com,5,106
"Miller Electric Inc",(903) 499-5477,Tyler,TX,meityler.com,4.9,106
"Banner Roofing & Construction",(682) 207-1586,Frisco,TX,www.banner-roofing.com,5,106
"Right Now Electric",(254) 327-6477,Waco,TX,rightnow-electric.com,4.8,106
"HiTech Shading LLC",(512) 601-0400,Hutto,TX,hitechshading.com,5,105
"Perennial Roofing LLC",(512) 591-6203,Round Rock,TX,www.perennialroofing.com,5,105
"S2 Solar Supply Store",(903) 321-7512,Sulphur Springs,TX,signaturesolar.com,4.9,105
"Quality Tops Roofing",(817) 469-8677,Arlington,TX,qualitytopsroofing.com,4.9,105
"Pinnacle Roofing Partners",(512) 710-6850,Austin,TX,www.pinnroofing.com/?utm_campaign=gmb&utm_id=gsc&utm_source=gbp,5,105
"Primitive",(855) 779-0329,Gilbert,TX,www.primitivepower.com,4.5,104
"Efficient Home Solutions of Dallas",(214) 612-7493,Dallas,TX,ehshvac.com/?utm_source=google&utm_medium=organic&utm_campaign=ehsdallasfbmopo,4.8,104
"Capital City Gates",(512) 856-4283,,TX,www.fixmygateaustin.com,4.8,104
"Simple Power",(775) 786-4006,Reno,TX,www.simplepowersolar.com,4.9,104
"Integrity Automatic Gates",(512) 877-9353,,TX,www.integrityautomaticgates.com,4.9,104
"Northern Tool + Equipment",(806) 731-4224,Amarillo,TX,www.northerntool.com/store/amarillotx-store-amarillo-tx,4.3,104
"BT Xteriors LLC",(903) 662-1916,Denison,TX,btxteriors.com,5,103
"Cherokee County Electric Co-Op",(903) 683-2248,Tyler,TX,www.cceca.net,2,103
"Cardinal TX. Remodeling and Roofing,LLC",(469) 247-9347,Allen,TX,cardinalroofingtx.com,5,103
"Home Restorer P&G, LLC.",+1 346-307-0607,Katy,TX,homerestorerpg.com,4.8,102
"Statewide Energy Solutions Inc.",(214) 960-2798,,TX,statewideenergysolutions.com,4.7,102
"All Access Towing",(210) 773-9333,San Antonio,TX,,4.1,102
"Bartlett Electric Cooperative Inc.",(254) 527-3551,Bartlett,TX,www.bartlettec.coop,2,102
"NewRüf",(512) 642-6005,Round Rock,TX,newruf.com/?utm_source=google&utm_medium=organic&utm_campaign=gmb-primary-link&utm_content=round-rock,4.8,102
"Advantage Roofing & Solar",(214) 909-8006,Prosper,TX,advantageroofingcompany.com,5,102
"Energy Solar Experts",(512) 815-8942,Round Rock,TX,energysolarexperts.com,4.9,102
"Wise Electric Cooperative",(940) 627-2167,Decatur,TX,wiseec.com,3.1,102
"Contigo Insurance Agency",(210) 736-0722,San Antonio,TX,www.contigoagency.com/location/insurance-san-antonio,4.9,102
"G-Power",(956) 429-4055,Mission,TX,,3.4,101
"Skyline Designs Roofing",(346) 355-7663,Cypress,TX,skylinedesignstx.com,5,101
"Dynamic Solar Design",(877) 233-9626,,TX,www.dynamicsolardesign.com,5,101
"Quick Roofing - Houston",(281) 980-0315,Katy,TX,www.quickroofing.com/houston,4.7,101
"ARC Roofing, LLC",(575) 936-2727,Las Cruces,TX,arcxteam.com,4.7,100
"Energy Defense Systems",(409) 457-8373,,TX,www.energydefensesystems.com,5,100
"Elite Pro Remodeling & Construction",(800) 476-7608,Dallas,TX,eliteproremodeling.com,4.9,99
"BAM Window Cleaning",(214) 578-5004,McKinney,TX,bamwindows.com,4.7,99
"Kingdom Electric",(325) 232-8628,Abilene,TX,www.kingdomelectrictx.com,4.6,99
"Texas Well and Pump, LLC Central",(469) 383-0644,Waxahachie,TX,www.texaswellandpump.com,4.9,99
"Wells Legacy Roofing",(817) 559-9377,Brock,TX,wellslegacyroofing.com/?utm_campaign=gmb,4.7,98
"DFW Window Film Inc",(214) 888-3456,Dallas,TX,www.dfwwindowfilm.com,5,98
"Hale Roofing & Construction, LLC",(325) 668-3655,,TX,www.haleroofingconstruction.com,5,98
"Solar Alternatives, Inc.",(504) 267-1660,New Orleans,TX,www.solalt.com/areas-we-serve/new-orleans/?utm_source=google&utm_medium=gmbhome&utm_campaign=NewOrleans&utm_term=SolarEnergyContractor&utm_content=idgmb,4.4,98
"Roofing Technologies Unlimited",(832) 866-9595,Katy,TX,roofingtechnologiesunlimitedtx.com,5,97
"Attic InsulationDFW",(972) 209-1966,Richardson,TX,atticinsulationdfw.com,5,97
"Blue Roofing, LLC",(214) 499-3591,Frisco,TX,www.roof.blue,5,97
"Gotcha Covered Contracting",(817) 812-2703,Richland Hills,TX,www.gccrooferstx.com,4.8,96
"Vertical Solutions Roofing and Construction",(512) 254-3093,Round Rock,TX,verticalsolutionsroofing.com,5,96
"MidSouth Electric Co-op",(936) 825-5100,Montgomery,TX,midsouthelectric.com,1.7,95
"Bright Solar",(855) 519-3444,,TX,gobrightsolar.com,4.4,95
"Solar System Auto Accessories",(832) 666-2757,Houston,TX,,4.8,94
"Bandera Electric Cooperative",(866) 226-3372,Bandera,TX,www.banderaelectric.com,3.7,94
"ADT Security Services",(210) 468-1423,Edinburg,TX,www.adt.com/local/tx/edinburg?utm_source=google&utm_medium=localseo&utm_campaign=website,4.4,94
"Caden Roofing",(512) 364-0278,Austin,TX,cadenroofing.com,4.9,93
"Solar screen savers",(972) 679-0133,Dallas,TX,solarscreensavers.com/?utm_source=gmb&utm_medium=referral,4.9,93
"Organ Mountain Solar & Electric",(575) 288-1792,Las Cruces,TX,www.organmountainsolar.com,4.9,93
"Refined Roofing TX",(469) 919-6925,Prosper,TX,www.refinedroofingtx.com,5,93
"Clean and Simple Solar Solutions, LLC",(915) 694-0103,El Paso,TX,,4.8,93
"Omega Solar Energy",(501) 604-0087,Little Rock,TX,omegasolarenergy.com,5,92
"Hill Country Fence and Ranch",(210) 595-9121,Boerne,TX,www.fenceandranch.com,4.7,92
"MKJ Roofing Systems LLC",(254) 855-1136,McGregor,TX,www.mkjroofingsystems.com,5,91
"Golden Nail Roofing LLC",(972) 954-1264,Irving,TX,www.goldennailroofing.com,4.9,91
"Green Hill Remodeling",(737) 529-4322,Austin,TX,greenhillremodeling.com,5,91
"Hooked Up Electric",(325) 660-4493,Abilene,TX,www.hookedupelectrictexas.com/?utm_source=gmb&utm_medium=siteclickabilene&utm_campaign=seo,4.9,91
"CPR Roofing & General Contractors",(214) 900-4964,Richardson,TX,www.cprroofinggc.com,5,90
"Midland RV Sales",(989) 631-1231,Midland,TX,www.midland-rv.com,4.3,90
"Advance Clean Soft Washing",(361) 652-3429,,TX,advsoftwash.com,4.9,90
"SCS Contracting & Remodeling",(469) 456-8833,Fort Worth,TX,scscontractingandremodelingdfw.com,4.9,89
"Greater Austin Roofing",(512) 957-9422,Austin,TX,greateraustinroofing.com,5,89
"Duque Roofing Inc.",+1 281-565-7663,Rosenberg,TX,www.duqueroofing.com,5,89
"Pacesetter Homes",(512) 323-6420,Pflugerville,TX,www.pacesetterhomestexas.com/austin,4,89
"Blackhill Roofing Systems",(800) 931-1962,Round Rock,TX,blackhillroofing.com,5,89
"G&G Electric",(817) 279-7777,Granbury,TX,ggelectricservice.com,5,89
"Tint World",(817) 642-7682,Pantego,TX,www.tintworld.com/locations/tx/pantego-155,5,89
"Bumble Bee Blinds of Houston Heights",(832) 583-1447,Houston,TX,www.bumblebeeblinds.com/houston-heights-tx,4.9,89
"Sunrgy Solar Distribution",(832) 786-5050,Missouri City,TX,www.sunrgy.com,4.9,89
"Stellar Window Cleaning & Pressure Washing",(817) 524-5904,Southlake,TX,stellarwindowcleaners.com,5,89
"Supersun Electrical Services",(737) 351-2007,,TX,supersunelectric.com,4.9,88
"Navarro County Electric Cooperative",(903) 874-7411,Corsicana,TX,www.navarroec.com,2.3,88
"Renew Electric LLC",(575) 680-6411,,TX,,4.9,88
"Spartan Exteriors",(903) 262-5842,Tyler,TX,spartanexteriors.com,4.9,88
"Pink's Windows Round Rock",(512) 900-5621,Round Rock,TX,pinkswindows.com/round-rock-texas,4.9,87
"Modern Tiny Living",(614) 259-7042,Columbus,TX,www.moderntinyliving.com,4.8,87
"Round Rock RV Mobile Repair- Pflugerville",(512) 765-2855,Coupland,TX,www.roundrockrvrepair.com,5,87
"AZUMA Leasing - San Antonio",(800) 707-1188,,TX,www.azuma.com,4.8,86
"Daystar Electric",(903) 534-5850,Flint,TX,www.daystar-electric.com,4.9,86
"Empower Home Services",+1 346-660-3937,Houston,TX,www.empoweryourhome.com/houston-tx-electrician,4.9,86
"Aura Solar And Roofing",(512) 962-7771,,TX,pflugervillesolarpanelinstallation.com,4.9,86
"Elios",(888) 625-0336,Dallas,TX,www.eliossolar.com,4.6,86
"Art's Electric",(915) 755-5832,El Paso,TX,www.elpasoelectricalservices.com,4.8,86
"Quality Assurance Roofing",(806) 641-8841,Amarillo,TX,www.qa-roofing.com,5,86
"Legacy Home Improvements",(210) 272-7272,Windcrest,TX,www.legacytx.com,4.9,86
"Ideal Roofing",(713) 896-1122,Houston,TX,www.idealroofingservices.com,4.3,86
"Wilco Contractors",(214) 453-3600,Mesquite,TX,wilcoroofing.com,4.9,85
"Evergreen Roofing & Solar",(903) 242-8443,Tyler,TX,evergreenroofingtx.com,4.9,85
"American Window Film - Commercial & Home Window Tinting Houston",(346) 643-0900,Houston,TX,americanwindowfilm.com/locations/houston-texas-window-film,5,85
"Spray Foam Tyler TX LLC",(903) 326-7085,,TX,sprayfoamtylertx.com,4.8,85
"Kainos Roofing & Exteriors",(713) 487-5255,Houston,TX,www.kainosroofing.com,4.8,85
"Better Built Fence & Outdoor Living",(469) 264-7742,Plano,TX,callbetterbuilt.com/?utm_source=Ad+Pages+-+GMB+-+Better+Built+Fence+%26+Outdoor+Living&utm_medium=Ad+Pages+-+GMB+-+Better+Built+Fence+%26+Outdoor+Living&utm_campaign=Ad+Pages+-+GMB+-+Better+Built+Fence+%26+Outdoor+Living,4.4,85
"Freedom HVAC",(512) 861-0078,Austin,TX,www.gofreedompower.com,5,84
"EPX Energy",(214) 551-2907,Crowley,TX,epxenergy.com,5,84
"Waymaker A/C and Heating",(210) 550-8308,,TX,waymakerac.com,5,84
"Texas Heat Tint LLC",(832) 629-6852,,TX,www.thtint.com,5,84
"Gate Crafters",(813) 792-9726,Odessa,TX,www.gatecrafters.com,3.1,84
"TX Roofing & Services",(786) 797-9134,Houston,TX,www.txroofingandservices.com,4.9,84
"360 Inspired Electrical",(830) 340-2642,,TX,360inspiredelectrical.com/?utm_source=google&utm_medium=local&utm_campaign=1&utm_content=primary,4.9,84
"Power House Roofing & Construction, LLC",(817) 720-6465,Haslet,TX,www.pwrhouseroofing.com,4.8,84
"A-1 Rent All - Tyler East",(903) 595-3518,Tyler,TX,a1rentalltexas.com,3.9,83
"Super Roofer LLC",(832) 707-9085,Houston,TX,www.mysuperroofer.com,5,83
"AR GLOBAL INC. ROOFING & CONSTRUCTION",(903) 808-8002,Dallas,TX,arglobalroofing.com,5,83
"HDR Systems Gate , Fence & Garage doors",(945) 444-6555,,TX,www.hdrsyst.com,5,82
"Solar Patios and Pergolas",(214) 336-7504,,TX,www.solarpatiosandpergolas.com,4.9,82
"Texas Construction Group",(817) 330-4409,Grapevine,TX,www.texasconstructiongrouptx.com,5,82
"Transcendent Roofing Of Austin",(512) 387-8448,Austin,TX,transcendentroofing.com,4.8,82
"Adams Family Roofing",(903) 484-4231,Flint,TX,adamsfamilyroofing.com,5,82
"Neri Roofing",(210) 264-8884,San Antonio,TX,neriroofing.com,4.8,82
"Budget Blinds of North Austin",(512) 310-3000,Austin,TX,www.budgetblinds.com/northaustin,4.9,82
"Next Gen Roofing & Construction",(512) 641-5369,Wimberley,TX,nextgenroofing.com/?utm_source=google&utm_medium=gbp,4.9,81
"Alexander and Sons Roofing",(817) 455-4745,Hurst,TX,www.alexanderandsonsroofing.com,5,81
"Payless Insulation",(713) 868-1021,Houston,TX,www.paylessinsulation.com/?utm_source=google&utm_medium=organic&utm_campaign=gmbhouston,4.7,80
"Outdoor Lighting Perspectives of North Dallas",(972) 544-5636,,TX,www.outdoorlights.com/north-dallas,5,80
"RTS Roofing LLC",(512) 769-1050,Round Rock,TX,www.rtsroofs.com,5,80
"Rolling Suds of Fort Worth-Arlington",(817) 587-8459,Fort Worth,TX,rollingsudspowerwashing.com/fort-worth-metro,4.9,79
"Budget Blinds of Bethesda & Silver Spring",(301) 926-2334,Kensington,TX,budgetblinds.com/bethesda,4.9,79
"DKG Roofing Contractor LLC",(940) 497-2833,Corinth,TX,dkgroofing.com,4.9,79
"Klein Pressure Washing",+1 281-990-3043,Spring,TX,kleinpressurewashing.com/?utm_source=google&utm_medium=organic&utm_campaign=gbp-website-link,5,79
"Hausmann Millworks",(210) 884-6390,San Antonio,TX,hausmannmillworks.net,5,78
"SB Window Film Home & Office Window Tinting",(832) 998-9635,League City,TX,sbwindowfilms.com,5,78
"Navasota Valley Electric Co-Op",(979) 828-3232,Franklin,TX,www.navasotavalley.com,2.2,78
"Buds N' Suds Pressure Washing",(956) 212-6787,McAllen,TX,www.facebook.com/budsnsudsRGV,4.8,78
"SOLRITE",(877) 705-7483,Fort Worth,TX,www.solriteenergy.com,4.1,78
"Simplicity Power",(682) 271-9796,Richardson,TX,www.simplicitypower.io,4.4,78
"Drain Right Seamless Gutters",(972) 429-0928,Rowlett,TX,www.drain-right.com,4.9,77
"Solar Tint & Graphics",(361) 570-7867,Victoria,TX,www.solarstoptx.com,5,77
"Big Beard Battery",(903) 386-0668,,TX,www.bigbeardbattery.com,5,77
"Nexa Roofing",(469) 609-1693,,TX,nexaroofing.com,4.9,77
"Ramon Roofing",(817) 402-2493,Fort Worth,TX,www.ramonroofing.com/?utm_campaign=gmb,4.9,76
"Eco Green",(214) 239-9087,,TX,www.ecogreenwindowclean.com,4.9,76
"Kstylez Roofing & Construction",(512) 910-8009,Round Rock,TX,kstylezrc.com,4.8,76
"Meta Roofing LLC",(915) 252-2738,El Paso,TX,metaep.com,5,76
"Roofs by Shiloh",(972) 789-5153,Rowlett,TX,roofsbyshiloh.com/?utm_source=gbp&utm_medium=organic&utm_campaign=localseo&utm_content=websitelink,5,76
"Wortham Construction Roofing",(254) 242-9959,Waco,TX,www.worthamconstructionroofing.com,5,75
"8 Square Roofing & Construction",(512) 422-1776,Austin,TX,8squareroofing.com,5,75
"San Antonio Detours",(512) 962-8636,San Antonio,TX,sanantoniodetours.com/?utm_source=google&utm_medium=organic&utm_campaign=gbp,4.9,75
"Premium Solar",(866) 480-4420,Dallas,TX,www.premiumsolarpatios.com,3.9,75
"Eco Centro",(210) 486-0417,San Antonio,TX,www.alamo.edu/sac/about-sac/college-offices/eco-centro,4.9,75
"Roof Experts, LLC",(817) 754-9484,Arlington,TX,roofexpertsllc.com/?utm_source=gmb&utm_medium=organic&utm_campaign=Maps,4.9,75
"Red Oaks Pergolas",(915) 873-1822,El Paso,TX,,4.9,75
"MP2 Energy",(832) 510-1030,Houston,TX,www.mp2energy.com/?utm_source=local&utm_medium=organic&utm_campaign=gmb,2.6,75
"Electrx LLC",(512) 661-4373,Round Rock,TX,electrxllc.com,4.9,74
"Five Points Home Services",(469) 630-3388,,TX,fivepointshomeservices.com,4.9,74
"Stonewater Roofing",(512) 768-9890,Austin,TX,stonewaterroofing.com/location/austin-texas/?utm_source=google&utm_medium=gbp&utm_campaign=austin,4.7,74
"FOX Roofing | Dallas",(214) 505-3374,,TX,www.foxroofing.co,5,74
"Clark Energies",(915) 219-5300,El Paso,TX,clarkenergies.com,4.8,74
"Richardson Glass",(972) 235-5206,McKinney,TX,richardsonglassco.com,4.6,74
"Southern Painting Katy",+1 713-465-7717,Katy,TX,www.southernpainting.com/katy,4.7,73
"TruServ Energy Solutions",(214) 945-0790,,TX,www.truservenergy.com,5,73
"Superior Attic",(940) 312-7598,Denton,TX,www.superiorattic.com/areas-we-serve/denton-insulation-services,5,73
"Roof It Pros",(512) 337-3456,Austin,TX,roofitpros.com,5,73
"The Blind Place",(903) 561-9296,Tyler,TX,blindplacetyler.com,4.8,73
"Lioncraft Roofing & Solar",(833) 269-7663,,TX,www.lioncraftcorp.com,5,73
"Tri-Tex Roof Systems",(512) 583-0500,,TX,www.tritexroofing.com,4.8,73
"Affordable Radiant Barrier",(469) 777-8595,Rowlett,TX,arbarrier.com,5,72
"Radiant Glass Window Cleaning",(214) 608-4822,Tyler,TX,radiantglasstx.com,5,72
"Rhino General Contracting, LLC",(512) 766-5489,Austin,TX,rhinoroofingtx.com,4.9,72
"Metal Craft Company",(575) 265-5085,Las Cruces,TX,www.metalcraftco.com/?utm_source=google&utm_medium=organic&utm_campaign=gbp-profile,4.6,72
"Tallent Roofing Inc. & Construction",(972) 562-9100,Melissa,TX,www.tallentroofing.com,4.6,72
"A&M Roofing El Paso",(915) 342-2000,El Paso,TX,www.amroofingelpaso.com/?utm_source=gmb&utm_medium=organic&utm_campaign=gmb&utm_content=website,4.9,71
"Photon Solar",(915) 209-4858,El Paso,TX,www.gophotonsolar.com,4.9,71
"Trake Roofing and Consruction",(972) 922-2422,Rockwall,TX,trakeconstruction.com,4.9,71
"CM General Contracting, LLC",(915) 526-5699,El Paso,TX,cmgeneralcontractingllc.com,5,71
"Houston Home Battery Backup - VPP Texas",(346) 742-0653,Houston,TX,learn.vpptexas.com,4.9,71
"Astrawatt Solar",(877) 937-4786,Webster,TX,www.astrawatt.com/?utm_source=google&utm_medium=organic&utm_campaign=hou-gmb-listing,4.9,71
"Aura Home Remodeling and Construction",(832) 777-7077,Houston,TX,www.aurahomeremodeling.com,4.3,71
"Solar Kings",(915) 626-5114,El Paso,TX,,4,71
"Parish Roofing Solutions",(214) 227-8488,McKinney,TX,parishroofingsolutions.com,5,71
"Victoria Electric Cooperative",(361) 573-2428,Victoria,TX,www.victoriaelectric.coop,3.7,71
"Buildpro Roofing",(972) 885-6686,Dallas,TX,,4.7,71
"Southwest Projects",(915) 221-4898,El Paso,TX,www.southwest-projects.com/?utm_source=google&utm_medium=wix_google_business_profile&utm_campaign=17775769790712753042,4.9,71
"Texan Glass & Solar Control",(409) 242-2413,Beaumont,TX,www.texanglass.com/beaumont,4.9,70
"Heat of Texas Roofing",(214) 554-0789,,TX,heatoftexasroofing.com,5,70
"StarAlt Solar",(956) 445-5359,McAllen,TX,www.staraltsolar.com,4.3,70
"Imperium Exteriors",(737) 376-5800,Austin,TX,imperiumexteriors.com,5,70
"ARC Restoration and SolarX",(915) 996-2018,El Paso,TX,arcxteam.com,5,70
"Acura Roofing Inc",(512) 280-6875,Austin,TX,www.acuraroofing.com,5,70
"Tesla Electric DFW",(202) 400-9299,Frisco,TX,teslaelectricdfw.com,4.9,69
"A to Z Roofing and Construction",(903) 353-1110,Tyler,TX,atozroofs.com,5,69
"TEXAS HOME UPGRADE",(832) 703-9111,Houston,TX,www.texashomeupgrade.com,4.7,69
"Skylight Solutions",(972) 263-6033,Dallas,TX,www.skylightsolutions.com,4.9,69
"ProLux Energy",(217) 846-8056,,TX,proluxenergy.com,4.8,69
"Power Solutions Electric",(915) 252-0571,Canutillo,TX,powersolutionsep.com,4.8,69
"All Star Sheet Metal & Roofing, LLC",(806) 372-6621,Amarillo,TX,amarillotxroofing.com,4.8,69
"Sunrgy Solar Distribution",(469) 786-2003,Dallas,TX,www.sunrgy.com,4.9,69
"Dallas Metal Roofs LLC",+1 214-244-5349,Dallas,TX,www.dallasmetalroofs.com,5,68
"Dynamic EcoHome",(972) 521-6014,Houston,TX,www.dynamicecohome.com,4,68
"San Antonio kitchen and bath llc",(210) 807-1526,San Antonio,TX,,4.9,68
"Outdoor Lighting Perspectives of El Paso",(915) 975-7728,,TX,www.outdoorlights.com/el-paso,5,68
"New Life Tint",(469) 986-8165,Lubbock,TX,www.newlifetint.com/?utm_source=google&utm_medium=wix_google_business_profile&utm_campaign=14552698104822339374,4.8,68
"Buzz Custom Fence",(972) 670-3254,Grand Prairie,TX,buzzfence.com/service-areas/grand-prairie,4.8,68
"Dark Shade Window Tint - Commercial, Home, Security",(832) 205-4685,Houston,TX,www.darkshadewindowtint.com/?utm_source=google&utm_medium=organic&utm_campaign=gmb,4.8,68
"Enhanced Outdoor Light & Design, Inc.",(737) 258-5144,Austin,TX,www.enhancedoutdoorlighting.com/cities-we-serve/austin-tx/?utm_campaign=gmb,5,68
"GAF Energy",(877) 423-7663,San Jose,TX,www.gaf.energy,2.4,68
"HG Contractors, Inc.",(915) 849-1223,El Paso,TX,hgcontractorsinc.com/?y_source=1_MTMzNDc0MjMtNzE1LWxvY2F0aW9uLndlYnNpdGU%3D,4.6,68
"HVACerz",(408) 819-5000,San Jose,TX,www.hvacerz.com,5,68
"Stonebridge Roofing",(469) 882-6697,Addison,TX,www.sbroofingusa.com,4.9,68
"Surface Roofing & Construction LLC",(832) 841-7844,Katy,TX,surfaceroofing.com,5,68
"JCT ELECTRIC .LLC",(956) 500-9487,Brownsville,TX,sites.google.com/view/jctelectric/home?authuser=0,5,67
"Window World TX",(830) 632-6125,New Braunfels,TX,www.windowworldtx.com/locations/new-braunfels/?utm_source=google&utm_medium=organic&utm_campaign=gbp,4.5,67
"Northern Tool + Equipment",(469) 678-8200,McKinney,TX,www.northerntool.com/store/mckinneytx-store-mckinney-tx,3.8,67
"Fish Window Cleaning",(940) 808-0177,Denton,TX,www.fishwindowcleaning.com/Denton-TX-614,4.7,67
"Ramirez Innovations LLC",(956) 431-2375,San Benito,TX,ramirezinnovationsllc.com,4.9,67
"Anderson fencing & Custom Welding",(469) 474-1172,Wills Point,TX,www.anderson--fencing.com,4.9,67
"Solar Shades",(512) 710-4757,Austin,TX,solarshadesatx.com,5,66
"Vivint.Louisiana",(318) 402-4138,Bossier City,TX,www.vivint.com/locations/louisiana/bossier-city?exid=203862&tfn=318.402.4138,4.8,66
"Attic Breeze, LLC",(254) 865-9999,Gatesville,TX,www.atticbreeze.com,4.7,66
"1st Choice Softwash Solutions",(239) 994-1374,,TX,1stchoicesoftwash.com,4.9,66
"Rockstar Roofing",(214) 215-5411,Heath,TX,rockstaroofing.com,4.8,66
"TLC Roofing and Restoration",(254) 433-7663,McGregor,TX,www.tlc-roofing.com,4.8,65
"Sancen Roofing",(469) 543-7470,Plano,TX,www.sancencontracting.com,5,65
"San Antonio Copy Concierge, LLC",(210) 223-2679,San Antonio,TX,sacopy.com,4.8,65
"Skywall Construction",(512) 798-2222,Austin,TX,www.skywallconstruction.com,5,65
"Green Collar Operations",(512) 986-7045,Austin,TX,greencollaroperations.com/?utm_campaign=gmb&utm_medium=organic&utm_source=gmblisting,4.8,65
"Top Sun Roofing",(844) 486-7786,Dallas,TX,www.topsunroofing.com,4.9,65
"HomePro Roofing and Restoration",(877) 558-4377,Richardson,TX,homeproroof.com,4.9,65
"4 U Roofing and Construction",(469) 620-0010,Cedar Hill,TX,www.4uroofing.us,5,65
"Elevation",(866) 634-5291,,TX,www.poweredbyelevation.com,3.8,65
"Solar Energy Solutions",(859) 762-2955,Lexington,TX,www.sesre.com/?utm_source=gmb_profile&utm_medium=organic&utm_campaign=lexington,4.8,64
"Batteries Plus",(469) 209-4650,Wylie,TX,www.batteriesplus.com/store-locator/tx/wylie/batteries-plus-1100?utm_source=gmb&utm_medium=local&utm_campaign=bpb&storecode=1100,4.3,64
"Texas Warrior, LLC",(469) 249-8666,Round Rock,TX,txwarrior.org,4.1,64
"Dan White's Screens & Things",(512) 892-2150,Austin,TX,www.danwhitesscreens.com/?utm_source=GMBlisting&utm_medium=organic,4.8,64
"T Rock Roofing & Contracting",(469) 931-9867,McKinney,TX,dallasroofer.com,5,64
"USA Insulation of Austin",(512) 855-4747,Pflugerville,TX,usainsulation.net/austin?utm_source=gbp&utm_medium=organic&utm_campaign=gbp-austin,4.9,64
"Texas Blue Lake Pools",(806) 358-4551,Amarillo,TX,www.texasbluelake.com,3.8,64
"Rhino Roofing and General Contracting, LLC",(844) 387-4466,Wylie,TX,rhinoroofingtx.com,4.7,64
"Catalyst Solar",(469) 214-9565,,TX,www.catalystssolar.com,4.5,63
"STP Nuclear",(361) 972-3611,Bay City,TX,www.stpnoc.com,4.5,63
"Aimhigh Electricians of Katy",(281) 748-9700,Katy,TX,www.aimhighelectrical.com,4.4,63
"Ripple Roofing & Construction",(512) 763-5277,Round Rock,TX,rippleroofs.com,5,63
"Roof Right Now",(512) 379-7339,,TX,texas.roofrightnow.com,5,63
"Tesla Rogers",(612) 486-9600,Rogers,TX,www.tesla.com/findus/location/store/rogers22015,4.3,63
"Rainbow Vacuum Authorized Distributor",(210) 735-2600,San Antonio,TX,www.rainbowvacuumsanantonio.com,4.9,63
"ABC Supply Co. Inc.",(956) 425-6631,Harlingen,TX,www.abcsupply.com/locations/location?BranchNumber=065,4.7,62
"Illuminations",(956) 682-6986,McAllen,TX,www.illuminationsrgv.com,4.4,62
"Surveillance Tech Group",(833) 732-8730,Mansfield,TX,www.stgtexas.com,4.9,62
"Stormnation Roofing and Solar",(972) 360-8623,Dallas,TX,stormnationroofing.us,4.7,62
"Divine Energy Solar",(469) 732-4911,Dallas,TX,www.divineenergysolar.co,4.9,62
"Shine of Southlake",(817) 807-8851,,TX,www.shine-windowcleaning.com/southlake/?utm_source=GMB&utm_medium=organic&utm_campaign=Southlake,4.7,62
"Forster Construction",(806) 794-5600,Lubbock,TX,forsterconstruction.com,4.7,62
"JJ's Solar Screens",(713) 302-6749,,TX,,5,62
"Truficient Energy Solutions, LLC",(214) 238-4350,Richardson,TX,www.truficient.com,4.9,61
"Johnson Roofing - Waco",(254) 662-5571,Waco,TX,www.jroof.com,4,61
"Mark's Water Well Services Inc",(432) 381-7128,Odessa,TX,www.marksww.com,4,61
"Stoneside Blinds & Shades Southlake",(817) 484-1692,Southlake,TX,www.stoneside.com/office/southlake-texas?utm_source=google&utm_medium=local&utm_campaign=gmb-southlake-local,5,61
"Modern Era Solar",(915) 504-4752,El Paso,TX,modernerasolar.com,4.6,61
"King Pools, Inc.",(972) 723-2800,Midlothian,TX,www.kingpoolsinc.com,4,61
"Made in the Shade East Texas",(903) 395-6487,,TX,mitsetx.com,5,61
"360 Innovations Roofing | Richardson TX Roofing Pros",(214) 402-6943,Richardson,TX,www.mydfwroofing.com,4.7,61
"Premier Solar Texas",(432) 315-0086,Midland,TX,,3.1,61
"BRM Roofing & Construction Services, Inc.",(817) 672-7077,Colleyville,TX,brmconstruction.com,4.8,61
"Black Tie Roofing and Construction",(817) 401-6440,Haslet,TX,www.blacktieroofs.com,5,60
"Shine of Plano-Frisco",(972) 665-8141,,TX,shine-windowcleaning.com/location/frisco-plano/?utm_source=GMB&utm_medium=organic&utm_campaign=Frisco-Plano,4.9,60
"Crawford Electric Supply",(512) 448-1100,Austin,TX,www.crawfordelectricsupply.com/?utm_source=google&utm_medium=organic&utm_campaign=gmb-listing&utm_content=austin-branch,4,60
"Becker Roofing and Exteriors",(817) 898-7175,Fort Worth,TX,www.brexteriors.com,4.9,60
"League Electric",(254) 358-7299,Waco,TX,www.leagueelectric.com,5,60
"Erie Home",(737) 520-7176,Austin,TX,eriehome.com/locations/roofing/austin-tx/?utm_source=gbp&utm_medium=roofing&utm_campaign=Austin,4.7,60
"Signarama San Antonio (Downtown), TX",(210) 224-5100,San Antonio,TX,signarama.com/locations/tx-san-antonio-downtown,4.7,60
"AMW Roofing & Construction",+1 346-774-8556,Katy,TX,www.amwcr.com,4.9,60
"Divergent Solar",(512) 200-4131,Austin,TX,divergentsolar.com,4.9,60
"Sunny Side Roofing",+1 817-714-8682,Fort Worth,TX,www.sunnysideroof.com,5,60
"Shay Roofing & Construction LLC",(817) 223-6925,Fort Worth,TX,www.shayroofing.net,5,60
"Meritage Homes - Dallas Corporate Office",(833) 684-6527,Coppell,TX,www.meritagehomes.com,3.3,60
"All Shades of Texas",(210) 440-0007,,TX,www.allshadesoftx.net,5,60
"Poulin Solar Pro",(505) 596-4495,Albuquerque,TX,poulinsolarpro.com,4.3,59
"SGC Roofing & Construction",(817) 539-6892,Arlington,TX,www.sgcroofs.com,5,59
"Ember Roofing",(682) 430-1261,,TX,www.emberroof.com,5,59
"OTNT Roofing LLC",(817) 441-0545,Arlington,TX,www.otntroofing.com,5,59
"Discount Roof, USA",(512) 488-1810,,TX,,3.9,59
"Green Attics",(817) 203-8730,,TX,,4.9,59
"RadiantGUARD-PRO Attic Insulation and Radiant Barrier",(972) 704-2116,Frisco,TX,www.radiantguard-pro.com,5,59
"Firehouse Pressure Cleaning LLC",(817) 991-0141,Haslet,TX,www.firehousepressurecleaning.com,4.9,59
"Waterboys Exterior Solutions LLC",(806) 654-5987,Amarillo,TX,www.waterboys806.co/?utm_source=google&utm_medium=wix_google_business_profile&utm_campaign=2856819016673164530,5,59
"Bear Creek Painting Inc.",(682) 561-7048,Grapevine,TX,bearcreekpainting.com,4.8,59
"AMP Roofing & Exteriors",(512) 675-3323,Austin,TX,amproofing.com/?utm_source=google&utm_medium=organic&utm_campaign=gmb_listing,4.7,58
"Salazar Roofing",(214) 679-4903,Fate,TX,www.salazarrr.com,4.9,58
"Salem Electric",(503) 362-3601,Salem,TX,www.salemelectric.com,4.2,58
"The Roof Haus",(713) 380-0569,Houston,TX,www.theroofhaustexas.com,4.8,58
"Electrician Lubbock Pro",(806) 464-4220,Lubbock,TX,www.electricianlubbocktx.com,4.6,58
"Ambit Energy Round Rock",(512) 843-8630,Round Rock,TX,vipenergyservice.com/round-rock,4.8,58
"Texas Southern Water Well Drilling",(832) 793-9411,Columbus,TX,texassoutherndrilling.com,4.8,58
"LED Landscape Lighting By J Bell",(469) 523-2919,Dallas,TX,www.ledlandscapelightingbyjbell.com,4.9,57
"The Complete Backyard, Inc.",(817) 441-6878,Aledo,TX,www.thecompletebackyard.com,4.8,57
"Xcel Energy",(800) 895-4999,Amarillo,TX,tx.my.xcelenergy.com/s,1.7,57
"Brizo Construction",(409) 316-4764,Houston,TX,www.brizoconstruction.com,4.7,57
"Your Home Expert Remodeling",(469) 777-8834,Addison,TX,www.myexpertdfw.com,4.7,57
"Complete Pressure Washing",(269) 372-1692,,TX,completepressurewash.com,4.8,57
"C.H.A. Roofing",(469) 489-7773,Plano,TX,,4.8,57
"Baker Roofing & Construction, Inc",(855) 766-3777,Dallas,TX,baker-roofing.com,4.9,57
"Lighthouse Technology Solutions, LLC",(832) 531-5993,Montgomery,TX,www.lhtus.com,5,57
"STARCON",(281) 291-5200,La Porte,TX,www.cianbro.com/starcon,4.2,57
"Clean Air Heating & Air Conditioning",(210) 370-7333,San Antonio,TX,www.cleanairac.com,4.8,56
"Ambit Energy Irving",(469) 960-6946,,TX,vipenergyservice.com/irving,4.9,56
"Hays Electrical Services",(281) 601-4866,Houston,TX,www.hayselectrical.com,4.4,56
"Pool Xperts",(469) 215-7946,Rockwall,TX,www.pool-xperts.com,4.9,56
"Server Monkey",(713) 430-2182,Houston,TX,www.servermonkey.com,4.5,56
"Gold Ladder Roofing And Construction",(915) 491-4609,El Paso,TX,goldladderroofing.com,4.9,56
"CenterPoint Energy - HO Clark Service Center",(713) 207-2222,Houston,TX,www.centerpointenergy.com,1.3,56
"Caprock RV Services",(806) 368-0005,Lubbock,TX,www.caprockrvservices.com,4.9,56
"Llagua Roofing LLC - Roofing Contractor in Austin",(512) 882-0165,,TX,llaguaroofing.com,4.9,56
"The Light Group USA",(844) 440-7322,DeSoto,TX,www.thelightgroupusa.com,4.8,56
"Lunar FX",(469) 340-9535,Plano,TX,www.lunarfx.com,4.9,56
"Double T",(937) 304-1908,Huber Heights,TX,doubletroofing.com/?utm_source=omg-gbp&utm_medium=webclick,5,56
"TORO Garage Co.",(726) 842-4099,,TX,www.torogarageco.com,4.9,56
"AJ Glass & Window Repair LLC",+1 832-379-3735,Houston,TX,www.ajglasshouston.com,4.2,56
"Roofs by Peterson",(214) 519-9478,,TX,www.roofsbypeterson.com,5,56
"Daylight Electrical Contractors",(915) 790-8932,El Paso,TX,,5,55
"Barzaga Inc Electrical Contractor",(214) 875-3090,Frisco,TX,barzagainc.com,5,55
"Vivo Energy",(888) 228-3609,Provo,TX,vivosolarenergy.com,4.3,55
"Bumble Roofing of West Houston",(832) 246-7119,Houston,TX,bumbleroofing.com/west-houston,5,55
"Powersol Window Tint & Solar",(575) 915-5502,Las Cruces,TX,powersolenergy.com,4.9,55
"Air Castles, LLC",(210) 543-7227,San Antonio,TX,www.aircastlemoonwalks.com,4.4,55
"Currie Drilling Co, Inc.",(806) 655-1048,Canyon,TX,www.curriedrilling.com/?y_source=1_MzUxODQxNjQtNzE1LWxvY2F0aW9uLndlYnNpdGU=,4.7,55
"Anthony Sosa Roofing and Construction",(575) 288-5615,Las Cruces,TX,anthonysosaroofing.com,4.9,55
"Brotherhood Roofing, LLC",(972) 742-5332,Frisco,TX,brotherhoodroofing.com,4.8,55
"RVsOffGrid & Van Power RV Solar Installer",(817) 623-4709,Burleson,TX,rvsoffgrid.com,5,55
"DTE Energy - Western Wayne Center",(800) 477-4747,Belleville,TX,dteenergy.com/?utm_campaign=yext&utm_source=google+business+profile&utm_medium=local,1.6,55
"Bullard Siding Co Inc",(903) 526-5080,Tyler,TX,www.bullardsiding.com,4.9,55
"Blue Angel Roofing and General Contractors",(214) 389-2966,Allen,TX,blueangelroofinggc.com,4.7,55
"T.O.T.L. Roofing",(844) 367-8685,Midland,TX,www.totlconstruction.com,5,55
"Noble Roofing",(346) 586-0842,,TX,www.nobleroofing.co/?utm_source=GoogleBusinessProfile&utm_medium=organic,5,55
"Evolve Construction TX",(469) 949-4997,Dallas,TX,www.evolveconstruction.com,4.7,54
"EverLights",+1 214-544-9902,Dallas,TX,myeverlights.com/?utm_source=google&utm_medium=organic&utm_campaign=google-business-profile&utm_content=website-click-dallas,4.4,54
"BrightSun Energy- TX",(214) 302-7211,,TX,brightsun.solar,3.8,54
"Roof Experts",(214) 349-7663,,TX,www.roofexperts.com,4.5,54
"Big Texas Roofing and Solar",(512) 781-0973,Austin,TX,www.bigtexasroof.com,4.6,54
"North Texas Roofing",(940) 367-6761,Denton,TX,www.northtexasroofing.com,4.9,54
"Budget Blinds of Abilene",(325) 698-8800,Abilene,TX,www.budgetblinds.com/Abilene,5,54
"BEXAR AUTOMOTIVE REPAIR",(210) 733-0491,San Antonio,TX,,4.3,53
"SunWatt Energy LLC",(915) 300-0411,El Paso,TX,www.sunwattenergyllc.com,3.7,53
"Solar Screens by Josh",(512) 876-8102,Austin,TX,solarscreensbyjosh.info,5,53
"Westway Window Cleaning",(432) 813-2853,,TX,www.westwaywindowcleaning.com,5,53
"TruPowur",(833) 469-7283,Plano,TX,www.trupowur.com,4.9,53
"MIBA Energy",(956) 437-4553,McAllen,TX,mibaenergy.com,4.6,53
"Underwater green fishing lights/ Clearwater LED",(281) 724-9914,La Marque,TX,underwatergreenfishinglights.com,4.6,53
"Global Solar Group & Home Improvement",(915) 299-6776,El Paso,TX,www.globalsolargroup.co,4.5,53
"Sooner Recon LLC",(918) 894-1115,Tulsa,TX,soonerrecon.com,4.5,53
"Sunfire Solar Systems LLC",(575) 571-4269,Las Cruces,TX,www.sunfiresolar.com,4.9,53
"SunRey Technologies",(432) 348-2100,Odessa,TX,www.sun-rey.com,4.9,53
"Stonewater Roofing",(936) 247-1994,Nacogdoches,TX,stonewaterroofing.com/location/nacogdoches-texas/?utm_source=google&utm_medium=gbp&utm_campaign=nacogdoches,5,53
"EnergyBot",(888) 743-1870,Dallas,TX,www.energybot.com,4.7,53
"Proximity Roofing",(512) 200-7709,Austin,TX,www.proximityroofing.com,4.9,52
"Custom Drapery Designs, LLC",(972) 881-5222,Richardson,TX,www.customdraperydesigns.net,5,52
"Sprout Roofing",(512) 503-8969,Austin,TX,www.sproutroofs.com,4.7,52
"LM Electric",(830) 318-6993,San Antonio,TX,www.lmelectricsa.com,4.9,52
"Solar Supply Inc",(713) 868-4551,Houston,TX,solarsupply.us,4.5,52
"Solar Energy Solutions",(915) 257-2652,El Paso,TX,solarpanelselpasotx.com,5,52
"Taylor Electric Cooperative Inc.",(325) 793-8500,Abilene,TX,www.taylorelectric.com,2.3,52
"Solar Made Simple LLC.",(915) 356-6522,El Paso,TX,,4.6,52
"Schneiders Solar Screens",(210) 710-4420,San Antonio,TX,www.schneiderssolarscreens.com,4.8,52
"AmeriTint Window Replacement and Installation",(972) 243-8468,,TX,ameritint.com,4.8,52
"A+ Glass Tinting",(956) 624-6363,McAllen,TX,windowtintmcallen.com,5,52
"HOLDEN SECURITY & STORM SHUTTERS",(956) 688-5994,McAllen,TX,holdenshutters.com,4.9,51
"CC SOLAR",(361) 461-8362,Houston,TX,www.ccsolarenergy.com,4.9,51
"Ambit Energy Waco Tx, Independent",(956) 754-1816,Waco,TX,elsamoreno.myambit.com/rates-and-plans,4.7,51
"Specialty Exterior Works",(512) 400-3478,Austin,TX,specialtyexteriorworks.com,4.9,51
"TRX Roofing & Construction",(806) 683-1015,Amarillo,TX,trxroofing.com,4.8,51
"Aveco roofing",(972) 754-9722,Rowlett,TX,avecoroofing.net,5,51
"Tesla Tech Llc",(361) 230-2099,Rockport,TX,www.teslatechllc.com,5,51
"KLM Roofing & General Contracting",(817) 753-0777,Grapevine,TX,www.facebook.com/KLMRoofingDFW,4.8,51
"Roofing Tyler TX",(903) 560-4072,Tyler,TX,www.roofingtylertxpro.com,4.8,51
"Goen South San Antonio DMC",(210) 736-5006,San Antonio,TX,goensouthevents.com,4.9,51
"Miller Storm Roofing & Reconstruction",(737) 710-0744,Round Rock,TX,www.millerstorm.com,4.4,51
"American Dream Solar LLC",(817) 768-0382,,TX,www.adsolarusa.com,5,51
"Allied Services Company",(512) 593-1272,Austin,TX,www.alliedservicesaustin.com,4.9,51
"AEP Texas",(877) 373-4858,Corpus Christi,TX,www.aeptexas.com/?utm_campaign=aeptexas-gmb&utm_medium=organic&utm_source=google-business,2.4,51
"Associates Roofing Unlimited",(832) 837-0447,Houston,TX,www.associatesroofingunlimited.com,4.8,51
"Universal Green Group",(866) 765-2795,Plano,TX,www.universalgreengroup.com,4.5,51
"GRC Contractors LLC",(915) 799-3634,El Paso,TX,,4.2,50
"Quick Roofing",(806) 503-6350,Lubbock,TX,www.quickroofing.com/lubbock-tx,4.5,50
"Commercial Film Specialists",(281) 815-1299,Houston,TX,commercialfilmspecialists.com,5,50
"Lone Star Solar Screens",(281) 807-0900,Houston,TX,lonestarsolarscreens.com,3.9,50
"Keith Barker Roofing",(512) 447-7663,Austin,TX,www.barkerroof.com,4.3,50
"CoolVu - Commercial & Home Window Tint",(469) 868-0555,McKinney,TX,www.coolvu.com/mckinney,5,50
"Righteous Air Mechanical, LLC",(817) 204-9409,Burleson,TX,facebook.com/righteousairmechanical,4.8,50
"Fayette Power Project Plant",(979) 249-3111,La Grange,TX,www.lcra.org/energy/electric-power/facilities,3.3,50
"Elevation Roofing",(214) 949-0562,Waxahachie,TX,www.elevationroofrepair.com,4.9,50
"Arched Cabins LLC",+1 832-930-2724,Houston,TX,www.archedcabinsllc.com,4.4,49
"ASAP Roofing",(936) 305-5279,Nacogdoches,TX,www.asaproofingnacogdoches.com,4.8,49
"Overland Expedition Outfitters",(940) 218-6560,Denton,TX,www.overlandeo.com,5,49
"Granger-Hunter Improvement",(801) 968-3551,West Valley City,TX,www.ghid.gov,2.1,49
"Batteries Plus",(469) 599-1402,Irving,TX,www.batteriesplus.com/store-locator/tx/irving/batteries-plus-446?utm_source=gmb&utm_medium=local&utm_campaign=bpb&storecode=446,4.2,49
"McEntire Construction Services - Home Remodeling Denton",(940) 514-2209,Denton,TX,www.mcentireconstructionservicesllc.com/?utm_source=GMBlisting&utm_medium=organic,5,49
"Longhorn - Screens. Shades. Shutters.",(940) 565-8200,Denton,TX,www.longhornsolarscreens.com,4.6,49
"Runway Roofing",(469) 819-4183,Carrollton,TX,runwayroofing.com/carrollton,5,49
"Gorilla Contracting LLC",(210) 400-8779,San Antonio,TX,gorillacontractingsa.com,5,49
"Dr. Detail Services",(817) 880-9020,,TX,drdetaildfw.com/home,5,49
"Edge",(469) 689-0614,Dallas,TX,www.poweredgetx.com,4.7,49
"The Battery Exchange",(214) 676-7715,Cedar Hill,TX,,4.8,49
"Pegasus Window Washing",(469) 439-1749,,TX,pegasuswindowwashing.com,5,49
"New Image Roofing and Construction",(817) 806-7746,Burleson,TX,newimagesrc.com,5,48
"JM Electric Co.",(469) 504-1212,Princeton,TX,,5,48
"Cover 3 Roofing and Construction",(903) 765-7089,Tyler,TX,cover3roofing.com,4.4,48
"Brown and Sons Plumbing",(940) 315-6908,,TX,www.brownandsonsplumbing.com,4.6,48
"Sunshine City Solar",(915) 465-4475,El Paso,TX,sunshinecitysolar.com,4.9,48
"Roofing Pups, Roofing & Siding",(410) 970-9007,,TX,roofingpups.com/maryland/?utm_source=gbp&utm_medium=organic&utm_campaign=maryland_gbp,4.8,48
"The Townsend Co Roofing and Construction",(214) 233-5359,Allen,TX,www.thetownsendco.com,5,48
"Absolute Merit Roofing",(972) 543-8403,Allen,TX,www.absolutemeritroofing.com,5,48
"Cool Roofs - Beaumont",(409) 710-5041,Beaumont,TX,coolroofs.co,5,48
"Ambit Energy McAllen",(956) 278-3991,Laredo,TX,vipenergyservice.com/mcallen,4.9,48
"Unlimited Screens",(361) 334-0226,Corpus Christi,TX,unlimitedscreens.carrd.co,4.8,48
"The Solar Scouts",(972) 433-5979,,TX,thesolarscouts.com,4.9,47
"Russell Glass Company",(512) 863-4527,Georgetown,TX,www.russellglass.com,4,47
"Mena screen and window",(479) 216-8057,,TX,,5,47
"Ace of Shadez - Tint Pros",(361) 319-4417,Beeville,TX,aceofshadeztx.com,5,47
"Varela American Electric Inc.",(832) 361-8176,Houston,TX,www.allforelectric.com,4.9,47
"Leo electric services",(214) 355-8429,Frisco,TX,,4.8,47
"Helios Installations",(915) 249-0102,El Paso,TX,heliosinstallations.com,4.8,47
"Azure Oasis Swimming Pools",(915) 219-9633,El Paso,TX,sites.google.com/view/azureoasisswimmingpools/home,4.6,47
"Verde Roofing & Construction",(214) 687-1951,Plano,TX,www.verderoofing.com,5,47
"Tejas Ranch & Game Fence",(903) 292-0525,Athens,TX,tejasranchfence.com,5,47
"Emertech Electrical",(972) 640-8443,Irving,TX,www.emertechelectrical.com,4.8,47
"Prime TX Roofing & Construction, LLC",(817) 330-4169,White Settlement,TX,www.primetxrc.com,5,47
"Constellation Home",(844) 823-4663,,TX,www.constellationhome.com,3.2,47
"Water X3",(737) 225-8353,Dallas,TX,www.solarx3.com,5,46
"Art Electric & HVAC Inc",(214) 316-5944,,TX,www.artelectrichvacinc.com,4.9,46
"Accurate Roofing Systems",(817) 225-5977,Southlake,TX,www.accurateroofingsystems.com,4.9,46
"Solergy",(956) 777-0744,McAllen,TX,solergytexas.com,4.7,46
"Austin Southwest Roofing",(512) 926-3039,Manor,TX,www.aswroofing.com,4.7,46
"Martin Roofing And Solar",(512) 298-2944,Austin,TX,www.martinroofingandsolar.com,5,46
"Affordable Outdoor Buildings",(254) 644-2663,Elm Mott,TX,affordableoutdoorwaco.com,4.5,46
"Tiny House Building Company, LLC",(540) 322-0355,,TX,tinyhousebuildingcompany.com,4.3,46
"Galev Electric",(469) 815-8825,,TX,www.galevelectric.com,5,46
"Alpine Roofing",(682) 257-4631,Fort Worth,TX,alpineroofingandsolar.com,4.7,46
"PenTex Energy",(940) 759-2211,Muenster,TX,www.pentex.com,3,46
"Texas Direct Solar",(832) 905-8974,Houston,TX,texasdirectsolar.com,4.9,46
"HighPoint Exteriors",(469) 400-6980,McKinney,TX,highpointexteriors.com,4.8,46
"US Energy Windows And Doors TX, Inc.",(817) 538-9217,Arlington,TX,usenergywindows.com,4.5,46
"Green Bear Solutions",(888) 455-4220,Dallas,TX,www.greenbearsolutions.com,4.6,45
"DFW RVRoof",(817) 692-2696,Denton,TX,dfwrvroof.com,5,45
"PYTES Energy",(626) 734-3692,Lewisville,TX,www.pytesusa.com,5,45
"Clutch Roofing Performance, LLC",(214) 949-3966,Fate,TX,www.clutchroof.com,5,45
"Convoy Servicing – Thermo King of Mount Pleasant",(903) 577-3600,Mt Pleasant,TX,www.convoyservicing.com/?y_source=1_MTAwODU3MjQtNzE1LWxvY2F0aW9uLndlYnNpdGU=,4.2,45
"Luminate Energy",+1 832-209-8920,,TX,luminate.solar,4.9,45
"Patriot Construction DFW",(469) 514-2917,Fort Worth,TX,www.patriotconstructiondfw.com,4.7,45
"Empire Roofing",(817) 572-2250,Fort Worth,TX,www.empireroofing.com,3.9,45
"We Are Bright Future",(866) 647-6230,Farmers Branch,TX,wearebrightfuture.com,5,45
"Balcones Roofing & Remodeling",(512) 937-8805,Austin,TX,www.balconesroofsaustin.com,5,45
"KW Solar",(832) 844-5790,Houston,TX,kw.solar,4.8,45
"Continental Battery Systems of Colorado Springs",(719) 387-4399,Colorado Springs,TX,www.continentalbattery.com,4.9,45
"Artisan Roofing & Solar Central Tx",(254) 447-8414,Waco,TX,acsroofingwaco.com,5,45
"Txu Energy",(800) 644-3928,Houston,TX,www.txu.com,1.8,45
"STRIKE",(281) 825-0480,Spring,TX,www.strikeusa.com,3.5,45
"Stream Utilities Services",(866) 447-8732,Roswell,TX,mystream.com,1.5,44
"NCS Roofing & Restoration LLC",(214) 407-8248,Celina,TX,ncsroofing.com,5,44
"Colorado Mountain Solar",(719) 395-0191,Buena Vista,TX,www.coloradomountainsolar.com,4.9,44
"Heritage Power LLC",(888) 551-0373,McAllen,TX,www.heritagepower.com/about-us,2.5,44
"DFW J&A EXPERT GLASS REPAIRS",(214) 718-8816,,TX,,5,44
"Solarize Tint In Floresville # 4",(210) 647-8468,Floresville,TX,www.solarizetint.com,4.7,44
"WH Technologies",(972) 521-1208,Allen,TX,whsmarthome.com/?utm_source=gbp&utm_medium=organic&utm_campaign=gbp-listing,4.9,44
"1st Choice Energy",(512) 345-0956,Austin,TX,www.1stchoiceenergy.com,4.9,44
"New Vision Seamless Gutters",(806) 517-0533,Amarillo,TX,newvisionexteriors.com,5,44
"Caring Senior Service",(210) 791-0084,San Antonio,TX,caringseniorservice.com/san-antonio/?utm_source=gmb&utm_medium=referral-link&utm_campaign=google-my-business,4.8,44
"Rexel",(972) 389-5500,Carrollton,TX,www.rexelusa.com/locations/TX/Carrollton/2550?utm_source=local-listings&utm_medium=organic&utm_content=GMB,4.7,44
"AM Quality Roofing and Construction LLc",(469) 861-6378,McKinney,TX,www.amqualityroofing.com,5,44
"LDI Solar Panel Cleaning",(817) 642-7012,,TX,www.lditexas.com,5,43
"Southwestern Electric Cooperative",(800) 637-8667,Greenville,TX,www.sweci.com,2.4,43
"Good Guys Roofing",(972) 472-4000,Dallas,TX,www.goodguysroofing.com,4.8,43
"Bechtel",(571) 392-6300,Reston,TX,www.bechtel.com,4.5,43
"One Sun America",(832) 865-5743,Houston,TX,onesunamerica.com,4.9,43
"Your Solar Liaison",(956) 254-7330,Pharr,TX,yslsolar.com,4.5,43
"Skyline Roofing Systems",(888) 786-7608,San Antonio,TX,www.skylineroofer.com,4.7,43
"A Mountain Roofing",(575) 640-0794,Las Cruces,TX,amountainroofingnm.com,5,43
"KaziBrothersLLC",(254) 987-8209,,TX,thekazibrothers.com,4.9,43
"ROOFIX",(855) 614-0653,Arlington,TX,www.roofix.org/residential-roofing,4.7,43
"Bumblebee Solar, LLC",(512) 986-1089,,TX,www.bumblebeesolar.net,4.9,43
"Higher Roofing and Construction",(972) 885-7224,Terrell,TX,higherconstruction.com,5,43
"Outpost",(956) 300-7999,Laredo,TX,outpost.us/locations/laredo-metropolitan/?utm_source=google&utm_medium=organic&utm_campaign=GMB%20Listing&utm_term=lrd2,5,43
"Cosmo Solaris",(430) 562-9222,Tyler,TX,cosmosolaris.com,4.6,43
"Austin Awning",(512) 326-1670,Lockhart,TX,austinawning.com,5,43
"Texas Sun Roofing and Solar",(817) 501-1855,Lewisville,TX,www.texas-sun.com,4.9,43
"Polanco Home Solutions",(281) 848-8626,Webster,TX,www.polancohomesolutions.com,4.9,42
"Rainwater Specialists",(512) 677-7246,Driftwood,TX,www.rainwaterspecialists.com/?utm_source=gbp&utm_campaign=website,4.9,42
"Luxe Roofing Solutions",(214) 585-5700,Frisco,TX,www.luxeroofingsolutions.com,5,42
"ReRoof of Texas",(726) 888-7663,San Antonio,TX,www.reroofoftexas.com,4.8,42
"Alba Energy of Katy",(281) 769-4243,Katy,TX,albaenergy.com,4.6,42
"SolarTek Distributors LLC",(972) 803-5027,Dallas,TX,solartekcorp.com,4.7,42
"MGC Roofing & Solar",(214) 484-1401,Mesquite,TX,www.mgcroofingandsolarllc.com,5,42
"Ultimate Poolscapes of Texas, Inc.",(254) 224-6646,Woodway,TX,www.ultimatepoolscapeswaco.com,4.7,42
"Gosolarsafe",(469) 922-6466,Frisco,TX,gosolarsafe.com,5,42
"Infinity Solar Panel Installations",(469) 304-3444,,TX,dfwsolarpanelinstallation.com,4.3,42
"SoClean of Amarillo",(806) 318-8632,Amarillo,TX,www.socleanamarillo.com,5,41
"OE Solar",(505) 850-8863,Albuquerque,TX,www.oesolarnm.com,4.3,41
"Buzz Custom Fence",(940) 808-8479,Denton,TX,buzzfence.com/service-areas/denton,4.8,41
"Texas Legit Roofing & Solar",(469) 456-0003,Ennis,TX,texaslegitroofing.com,4.2,41
"Superior Attic",(254) 870-6242,Waco,TX,www.superiorattic.com/locations/waco/waco-tx,5,41
"Solar Screens Plus",(281) 391-5880,Katy,TX,www.solarscreensplus.com,5,41
"Crv Construction",(915) 777-7792,El Paso,TX,,4.3,41
"Bumble Bee Blinds of El Paso",(915) 336-9118,El Paso,TX,www.bumblebeeblinds.com/el-paso-tx,5,41
"Herzog HydroForce",(512) 943-7964,Buda,TX,www.herzoghydroforce.com,5,40
"SunTex Power",+1 832-473-5957,Katy,TX,suntexpower.com/?utm_source=GMB&utm_medium=organic&utm_campaign=Katy,4.4,40
"Pillar Roofing",(214) 293-3904,Richardson,TX,www.pillartx.com,4.7,40
"River Walk Home Buyers",(210) 750-3335,San Antonio,TX,www.riverwalkhomebuyers.com,4.6,40
"Solar Specialties Tint Solutions",(409) 842-3865,Beaumont,TX,,4.7,40
"Fence Connection",(214) 385-3534,McKinney,TX,fenceconnectiontx.com,5,40
"Rooflink",(510) 617-5787,Round Rock,TX,rooflink.com,4.3,40
"Renew Capital Group LLC. (formerly Solar Buffs)",(940) 367-0094,Dallas,TX,,5,40
"Hawk Restorations",(469) 717-4295,Allen,TX,hawkrestorations.net,4.9,40
"Jett Roofing Restoration & Exterior",(210) 908-2965,,TX,www.jettroofingexteriors.com,5,40
"ALCO Roofing",(512) 949-1373,,TX,www.alcoroofing.com,4.9,40
"Good Faith Solar",(479) 343-9586,Bentonville,TX,www.goodfaithsolar.com,4.9,39
"Snapshot Image Pros",(210) 526-4760,,TX,snapshotimagepros.com,5,39
"Home Remodeling Pros",+1 713-283-8297,Houston,TX,homeremodelingprostx.com,4.8,39
"Squeegee Squad - Bee Cave TX",(512) 844-8893,Kyle,TX,squeegeesquad.com/locations/bee-cave-tx,5,39
"Bedrock Contracting",(817) 608-7663,Grapevine,TX,,4.7,39
"Texas Engineered Solar",(210) 516-1604,San Antonio,TX,txensolar.com,5,39
"Austin Fence Pros - Installation & Replacement",(512) 354-7670,Austin,TX,austinfence.net,5,39
"Girasolve Energy LLC",(844) 729-7988,Round Rock,TX,girasolveenergy.com,5,39
"LPL Solar",(954) 306-2647,Fort Lauderdale,TX,www.lplsolar.com,4.6,39
"Solar Power Integrator",(361) 360-1800,Corpus Christi,TX,solarpowerintegrator.com,5,39
"Skycloak roofing and solar",(817) 304-5632,,TX,skycloakroofing.com,5,39
"Empire Electric Association Inc",(970) 565-4444,Cortez,TX,www.eea.coop,2.3,39
"Michael Solar Screens",(469) 562-3049,Wylie,TX,www.michaelsolarscreens.com,5,39
"Bright Brothers of Space City",(346) 551-3434,Houston,TX,www.brightbrothersofspacecity.com/?utm_source=google&utm_medium=organic&utm_campaign=gmb-houston&utm_content=website,5,38
"Jasper-Newton Electric Co-Op",(409) 423-2241,Kirbyville,TX,jnec.com,3.2,38
"Hensel Electric Inc",(254) 776-3411,Waco,TX,www.henselelectric.com,4.7,38
"Emerald Tech Solutions, LLC",(915) 727-2431,El Paso,TX,,5,38
"Third Chakra Solar Solutions",(682) 403-0545,,TX,www.thirdchakrasolarsolutions.com,5,38
"Jon Wright Industries",(972) 251-1818,,TX,www.jonwrightroofing.com,4.7,38
"Arlington Electric & Solar",(360) 403-0515,Arlington,TX,arlingtonelectric.com,4.2,38
"ARP Roofing & Remodeling",(361) 238-4255,Victoria,TX,arproofing.com/victoria-roofing-company/?utm_source=GBP,4.7,38
"Purchase Green Artificial Grass",(915) 308-0897,El Paso,TX,www.purchasegreen.com/locations/west-el-paso-tx/?y_source=1_NTU4NTgwMjEtNzE1LWxvY2F0aW9uLndlYnNpdGU%3D,4.8,38
"CTR Services Air Conditioning & Heating",(512) 651-2959,Georgetown,TX,ctrairandheat.com/ac-services-georgetown-tx/?utm_source=GMB&utm_medium=organic,4.5,38
"MasterCraft Roofing & Construction",(972) 552-3093,Forney,TX,www.mastercraftrac.com,4.4,38
"The Handy Man",(469) 918-0672,Corinth,TX,www.thehandyman.buzz,4.8,38
"RoCut Roofs",(903) 483-4210,Dallas,TX,,5,38
"West Texas Dumpsters",(800) 996-9862,Midland,TX,westtexasdumpsters.com,4.3,38
"Mission Controls & Automation",(210) 224-9481,San Antonio,TX,www.mission-controls.com,4.5,38
"Honorable Electric Service",(903) 573-3645,Athens,TX,www.honorableelectricetx.com,5,38
"Chambers Electric LLC",(806) 373-2600,Amarillo,TX,chamberselec.com,4.8,38
"Easy Printing & Signs LLC",(210) 737-0170,San Antonio,TX,sanantonioprintingandsigns.com,4.6,38
"Night 'N' Day Construction",(817) 207-7042,Flower Mound,TX,www.nightndayco.com,5,37
"Dependable Roofing",(915) 755-3038,El Paso,TX,www.dependableroofingep.com,4.7,37
"Design Skylights",(512) 626-5285,Austin,TX,www.designskylightsatx.com,4.8,37
"Zip Roofing",(214) 915-2997,McKinney,TX,zip-roofing-tx.com,5,37
"Capitol Fence & Deck",(512) 990-2530,Austin,TX,www.capitolfenceaustin.com,4.9,37
"Armored Roofing and Solar",(214) 764-7404,Arlington,TX,armoredroofingandsolar.com,4.9,37
"El Paso Elements",(915) 346-4490,El Paso,TX,www.elpasoelements.com,4.9,37
"Apollo Solar",(915) 873-5114,El Paso,TX,www.apollosolarcompany.com,5,37
"Grounded ATX",(512) 662-1317,,TX,groundedatx.com/?utm_source=gmb_page&utm_campaign=Google%20My%20Business,5,37
"DFW window specialist",(469) 478-9395,,TX,dfwwindowspecialist.com,4.8,37
"SunIsland Energy",(281) 741-0423,Pearland,TX,www.sunislandenergy.com,5,37
"Over the Top Roofing",(940) 391-6773,Denton,TX,ntxroofs.com,4.6,37
"Legacy Roofing & Construction LLC",(469) 991-7663,Allen,TX,legacyroofingusa.com,5,37
"Texas- New Mexico Power (TNMP)",(888) 866-7456,Lewisville,TX,www.tnmp.com,1.4,37
"Rock Central Roofing",(512) 883-4773,Georgetown,TX,rc-roofs.com,4.9,37
"Brunner Island Steam Electric Station",(717) 266-7501,York Haven,TX,www.talenenergy.com/generation/fossil-fuels/brunner-island,2.6,37
"Stellavolta.com",(713) 869-4656,Houston,TX,www.stellavolta.com,4.8,37
"Spectrum Coatings/TuffSkin Texas",(972) 242-1259,,TX,www.spectrumtx.com,5,37
"HNL Construction Group",(469) 644-5199,Southlake,TX,hnlcg.com,5,37
"Variety Blinds and Shutters",(512) 558-1196,Austin,TX,www.varietyblinds.com,4.8,36
"Roofking Construction",(214) 543-2422,Royse City,TX,roofkingconstruction.com,4.8,36
"Hammes & Hammers General Construction",(800) 503-9887,,TX,hammesandhammers.com,4.9,36
"Batteries Plus",(316) 617-4343,Wichita,TX,www.batteriesplus.com/store-locator/ks/wichita/batteries-plus-902?utm_source=gmb&utm_medium=local&utm_campaign=bpb&storecode=902,4.2,36
"Lemar Gate & Fence Supply",(903) 852-6600,Brownsboro,TX,lemarsupply.com,4.6,36
"Buzz Custom Fence",(469) 316-6044,Duncanville,TX,buzzfence.com/contact-us/get-a-free-estimate,5,36
"Engenuity Energy",(903) 262-9386,,TX,www.engenuityenergy.com,5,36
"Seaholm Power",(512) 458-8153,Austin,TX,,4.7,36
"Rexel",(469) 675-2077,Allen,TX,www.rexelusa.com/locations/TX/Allen/2562?utm_source=local-listings&utm_medium=organic&utm_content=GMB,4.9,36
"Premier Solar Systems",(915) 221-7516,,TX,mypremiersolar.com,5,36
"RoofCrafters, Inc.",(512) 331-5500,Austin,TX,www.roofcrafters.com,4.6,36
"US Global Construction LLC",(972) 834-0443,Princeton,TX,www.usgcconstruction.com,4.8,35
"Hamilton County Electric Cooperative",(254) 386-3123,Hamilton,TX,www.hamiltonelectric.coop,3,35
"SP Construction LLC",(254) 931-9313,Temple,TX,buildingtemple.com,4.8,35
"Valor Roofing Group",(214) 854-6204,Frisco,TX,valorroofinggroup.com,4.9,35
"Armour Roofing Texas",(817) 862-9117,Fort Worth,TX,armourroofingtx.com,4.7,35
"American Eagle Solar",+1 346-656-9557,Houston,TX,www.americaneaglesolar.us,5,35
"Red Dirt DFW",(817) 454-0608,Rockwall,TX,reddirtdfw.com,4.8,35
"Raygime Power",(800) 801-0253,Bradenton,TX,raygimepower.com,4.9,35
"NGP Americas",(972) 331-0039,Plano,TX,www.ngpamericas.com,4.4,35
"HighRidge Home Services & Construction",(915) 759-8844,El Paso,TX,,2.9,35
"Philmar Fence Contractor",(512) 910-0111,Austin,TX,philmarfence.com/contact,5,35
"Bill's Glass & Screen",(512) 255-3598,Round Rock,TX,billsglassandscreen.com,4.6,35
"TCR Roofing",(940) 594-6515,Denton,TX,www.tcr-roofing.com,4.7,34
"Positive Leaders of Tomorrow Inc",(346) 426-4448,Houston,TX,www.goplot.org,4.9,34
"Beat The Heat Shading Systems",(806) 797-2328,Lubbock,TX,www.beattheheatshades.com,4.5,34
"Window Zone",(469) 557-6333,Farmers Branch,TX,windowzonedfw.com,5,34
"Savant Energy LLC",+1 844-372-8268,Sugar Land,TX,www.savantenergy.com,4.6,34
"The New Modern Home",(469) 803-1000,Richardson,TX,www.thenewmodernhome.com,4,34
"Art Smart Painting & Remodeling",(972) 965-2567,Allen,TX,www.artsmartpainting.com,4.9,34
"Down Home Roofing & Construction Co.",(214) 726-6981,,TX,downhomeroofing.com,5,34
"Quantum Solar Power, LLC",(915) 201-3875,El Paso,TX,www.qtmsolar.com,4.5,34
"Mighty Dog Roofing Dallas",(214) 978-3837,Dallas,TX,www.mightydogroofing.com/dallas,4.5,34
"The CE Group Inc.",(210) 822-5001,San Antonio,TX,www.cegroupinc.net,4.9,34
"Alpine Electric",(402) 440-4371,,TX,,4.9,34
"North Dallas Shutters & Blinds",(214) 713-9367,Frisco,TX,ndshuttersblinds.com/frisco/window-treatment-store,5,34
"One Real Roofing and Construction",(817) 677-6822,,TX,www.onerealroofer.com,5,34
"HomeStop Inc.",(214) 429-4629,Arlington,TX,www.homestop.us/?utm_source=organic&utm_medium=gmb&utm_campaign=HomeStop,4.3,33
"Reed Hydromulch & HydroSeeding",(817) 929-5771,Arlington,TX,www.reedhydromulch.com,4.8,33
"Structure Ace Roofing & Solar",(833) 424-5629,Metairie,TX,,4.8,33
"Gravity Electric",(469) 833-2891,Dallas,TX,gravityservicesmep.com,4.6,33
"Ja-Mar Roofing & Sheet Metal - Abilene",(325) 672-0204,Abilene,TX,www.jamarroofing.com/abilene-roofers/?utm_source=google&utm_medium=gbp&utm_campaign=Abilene,5,33
"Connected Exterior Cleaning",(945) 341-1922,Richardson,TX,connectedexteriorcleaning.com,5,33
"Tortoise Construction LLC - Kitchens and Remodeling",(971) 800-0150,,TX,www.tortoiseconstructionllc.com,5,33
"Diaz Contracting",(806) 477-2079,Amarillo,TX,,4.9,33
"South Plains Electric Co-op-North Office",(806) 775-7732,Lubbock,TX,www.spec.coop,4.5,33
"High Bar Roofing and Construction LLC",(817) 925-6737,Haslet,TX,www.highbarroofing.com,4.7,33
"Astrawatt Solar - Austin",(512) 774-6888,,TX,www.astrawatt.com/?utm_source=google&utm_medium=organic&utm_campaign=atx-gmb-listing,5,33
"Hermun Enterprises",(915) 356-9175,El Paso,TX,hermunenterprises.com,5,33
"Excel Construction Group",(806) 414-4250,Amarillo,TX,www.excelcg.com/texas/potter-county/amarillo,5,33
"Alamo Classic Ponies",(210) 647-8264,San Antonio,TX,alamoclassicmustang.com,4.1,33
"Elliott Electric Supply",(956) 331-2410,McAllen,TX,www.elliottelectric.com/locations/144/TX/McAllen.aspx,4,33
"Solar Technologies LLC",(281) 701-8151,Houston,TX,solarresttech.com,5,33
"Solaris Window Tinting",(512) 956-2425,Austin,TX,solaristinting.com,4.9,33
"CH Solar LLC",(346) 424-9523,Houston,TX,www.chsolarllc.com,5,33
"Altura Roofing",(469) 226-4198,Allen,TX,altura-roofing.com,5,33
"Toll Brothers Houston Design Studio",(281) 664-7255,Houston,TX,www.tollbrothersdesignstudio.com/studio-locations/tx/houston,4.3,33
"IES Residential",(972) 463-1455,Rowlett,TX,www.iesresidential.com,2.8,33
"Sunora Home",(800) 425-4545,,TX,sunorahome.com,4.9,33
"Druthers Energy LLC",(254) 242-8897,,TX,druthersenergy.com,5,33
"Perseverant Solutions",(800) 804-0570,El Paso,TX,perseverantsolutions.net,4.4,32
"Generation Roofing and Construction Group",(214) 542-8734,McKinney,TX,generationroof.com,5,32
"Lamar Electric Cooperative",(903) 784-4303,Blossom,TX,lamarelectric.coop,2.7,32
"River Ranch Roofing And Construction",(512) 962-2663,Round Rock,TX,riverranchroofingconstruction.com,5,32
"Lone Star Window & Glass Inc.",(817) 469-1352,Arlington,TX,,4.1,32
"Reign Roofing - Buda",(512) 601-0537,Buda,TX,www.reignroof.com,5,32
"JUCASASERVICES",(956) 594-0701,Harlingen,TX,,4.8,32
"Progressive Energy Solutions, Inc.",(888) 603-4255,Redlands,TX,www.progressiveenergysolutions.com,4.2,32
"L3Harris",(903) 455-3450,Greenville,TX,www.l3harris.com,4.3,32
"New Leaf Roofing",(214) 924-0186,McKinney,TX,www.newleafroofing.net,4.9,32
"C2 Roofing",(972) 528-7663,Frisco,TX,c2roofing.com,5,32
"INSULeer",(833) 866-2665,,TX,insuleer.com,4.9,32
"DrBuild",(214) 659-1899,Grapevine,TX,drbuild.us/electrical,5,32
"Armstrong's Glass & Mirror",(817) 937-6267,Fort Worth,TX,www.armstrongsglass.com/?utm_source=google&utm_medium=organic&utm_campaign=gmb-listing,3.9,32
"Texan Glass & Solar Control",(972) 288-9933,Grand Prairie,TX,www.texanglass.com/grandprairie,4.8,32
"Trinity Solar Screens, Shades, Shutters, & Canopies",(956) 308-1220,Laredo,TX,,4.9,32
"Wallaby Windows of North Texas",(214) 238-4934,,TX,wallabywindows.com/north-texas,4.9,32
"Blanco Electric LTD. CO. (BELCO)",(713) 686-6767,Houston,TX,blancoelectric.com,4,32
"Top Rail Fence South Dallas",(469) 378-9305,,TX,toprailfences.com/south-dallas/?utm_source=google&utm_medium=organic_gmb&utm_campaign=gmb,4.9,32
"American Roofing Pros",(915) 538-2437,El Paso,TX,,2.8,32
"PureTex Solutions",(936) 697-2026,Houston,TX,puretexsolutions.net,4.5,32
"Southwest Energy",(915) 288-3100,El Paso,TX,southwestenergy.io,4.7,32
"MasTec",(701) 282-6171,Fargo,TX,www.wanzek.com,3.2,32
"Ennis Products, Inc.",(903) 872-2118,Rice,TX,www.ennisproducts.com,3.7,32
"Pro-Tech Pool Services",(210) 385-4590,San Antonio,TX,protechpoolservicesatx.com,4.8,32
"Tarrant Solar",(817) 360-1115,Richland Hills,TX,tarrantsolar.com,4.7,31
"Time Machine ATX",(512) 363-6420,Austin,TX,www.timemachineatx.com,5,31
"Anchor Energy",(469) 885-1239,Prosper,TX,www.anchor.energy,5,31
"Edison Solar",(800) 690-2980,Farmers Branch,TX,www.edisonsolartx.com,3.8,31
"Icon Power",(888) 777-3766,Houston,TX,iconpower.com/locations/texas/houston/?utm_source=GMB&utm_medium=organic,4.5,31
"StevenSons Heating & Air Conditioning, Inc.",(972) 475-3227,Rowlett,TX,www.stevensonshvac.com,4.7,31
"Drury Roofing",(512) 836-0634,Austin,TX,www.druryroofingtx.com/?utm_campaign=gmb,4.9,31
"LgO Services, LLC",(210) 386-0973,San Antonio,TX,www.lgoservices.com,5,31
"Devore Construction LLC",(817) 940-8256,Sulphur Springs,TX,devoreconstructionllc.com,5,31
"Window Washing Wonders",(254) 231-3289,Temple,TX,,5,31
"RISE Residential",(972) 701-5555,Dallas,TX,www.rise-residential.com,3,31
"New Era Solar Energy",(321) 381-3192,,TX,newerasolarenergy.com,4.6,31
"NGS",(281) 494-7161,Stafford,TX,www.ngs.inc,4.7,31
"MMR Group",(225) 756-5090,Baton Rouge,TX,www.mmrgrp.com,3.9,31
"Monticello Park by Starlight Homes",(817) 873-3720,Princeton,TX,www.starlighthomes.com/dallas/monticello-park?utm_medium=organic&utm_source=gmblisting,3.4,31
"Taylor Lightning Protection",(281) 400-9086,Katy,TX,,3.5,31
"Meis Roofing",(512) 212-9882,Austin,TX,meisroofing.com/roofing-locations/austin-tx-roofer/?utm_source=gbp-austin&utm_medium=organic&utm_campaign=gbp-listing-main,5,30
"Lucent Home Energy",(405) 784-6836,,TX,www.lucenthomeenergy.com/?utm_campaign=gmb,4.8,30
"Abilene Window Tinting",(325) 660-1812,Abilene,TX,abilenetinting.com,5,30
"Mash Electric - Emergency Electricians in Houston",+1 832-844-1853,Cypress,TX,www.mashelectric.us,4.8,30
"Hawkins Roofing & Renovations",(972) 369-7302,McKinney,TX,hawkinsroofingandrenovations.com,5,30
"SunPower Corporation",(512) 735-0100,Austin,TX,us.sunpower.com,2.2,30
"Fluor Corporation",(469) 398-7000,Irving,TX,www.fluor.com,4.7,30
"ENGIE North America",(713) 636-0000,Houston,TX,www.engie-na.com,3.4,30
"Epic Solar Control, LLC",(469) 577-9933,McKinney,TX,epicsolarcontrol.com,4.8,30
"Dirt Bandit Pro Wash",(972) 975-2495,,TX,www.dirtbanditprowash.com,5,30
"Meraki RGV Solar Solutions",(956) 578-3529,McAllen,TX,meraki-solutions.ueniweb.com,5,30
"CoreLine Insulation",(469) 209-5580,,TX,corelineinsulation.com,5,30
"Texas Solar Energy",(832) 329-8949,,TX,texsolarenergy.com/contact,5,30
"Humble Home Services",(945) 222-5055,,TX,humbledfw.com,5,30
"SPS Electric",(806) 744-7055,Lubbock,TX,www.spselectric.com,4.3,30
"All About Pools",(903) 630-6439,Tyler,TX,poolsandpond.com,4.7,30
"AutoBrite Company",(210) 736-1892,San Antonio,TX,autobriteco.com,4.7,30
"Skylights Over Texas",(210) 239-2044,San Antonio,TX,www.skylightsovertexas.com,4.6,30
"Bob Scott Water Well Service",(806) 680-4779,Amarillo,TX,,5,30
"Shade-Outdoor Living Solutions",(512) 872-2880,Austin,TX,www.shadeandmore.com,4.7,30
"Clearlight Windows & Doors",(325) 673-4921,Abilene,TX,,4.2,30
"Red Alarm",(361) 906-8803,Corpus Christi,TX,www.redalarmsecurity.com,4.9,30
"Extreme Window Cleaning",(915) 345-5842,El Paso,TX,elpasowindowcleaning.com,4.9,30
"baklava roofing",(469) 536-8656,Frisco,TX,www.baklavaroofing.com,4.7,30
"HKM Construction LLC",(682) 382-8468,,TX,www.hkmdfw.com,4.9,30
"Greentech Renewables Austin",(512) 441-0016,Buda,TX,cedgreentechaustin.portalced.com,4.1,29
"IHS GENERAL CONTRACTING SERVICES",(214) 802-2766,Frisco,TX,www.ihsgcs.com,5,29
"DCT Roofing Solutions",(940) 536-0600,Denton,TX,dctroofingsolutions.com,4.6,29
"MCA SOLAR & ROOF",(214) 482-5272,Arlington,TX,mcasolar.com,5,29
"Green Sun",(915) 781-6217,El Paso,TX,greensunelpaso.com,3.5,29
"Isaias Electric",(956) 324-6207,Laredo,TX,www.isaiaselectricinc.com,4.4,29
"Golden Gates Security",+1 281-777-0300,Richmond,TX,goldengatessecurity.com/?utm_source=google&utm_medium=organic&utm_campaign=gmb,4.9,29
"Chenault window services",(972) 783-9572,Dallas,TX,chenaultswindowservices.net,4.1,29
"Dynamic Tintz",(469) 840-4008,,TX,www.dynamictintz.com,5,29
"Austin Solar Attic Fans",(512) 578-8995,,TX,austinsolaratticfans.com,5,28
"American Tinters LLC",(817) 442-6000,Grapevine,TX,www.americantinters.com,4.6,28
"Herc Rentals",(903) 595-3820,Tyler,TX,www.hercrentals.com/locations/texas/tyler/tyler.html?utm_source=GMB&utm_medium=organic&utm_campaign=Tyler-TX-75708-USA,4.7,28
"Executive Roofing, LLC",+1 936-236-9092,Bellville,TX,executiveroofingteam.com/?utm_campaign=apex,5,28
"Century Roofing & Construction",(915) 503-2727,El Paso,TX,centuryroofingconstruction.com,5,28
"Berry Pool",(956) 541-1309,Brownsville,TX,www.berrypool.com/?utm_source=google&utm_medium=wix_google_business_profile&utm_campaign=12079113045275052355,3.7,28
"Major League Home Services, LLC",(512) 998-7677,,TX,www.majorleaguehomeservices.com,4.7,28
"Sparta Home Solutions Inc.",(956) 252-1360,,TX,www.spartahomesteadsolutions.com,5,28
"OG Home Solutions",(915) 247-2626,El Paso,TX,oghsolutions.com,5,28
"Sparks ""R"" Us Electrical Services",(214) 730-0463,Dallas,TX,sparksruselectrical.org,4.6,28
"Howard Supply Co.",(432) 367-8116,Odessa,TX,www.howard-supply.com,4.4,28
"3 Kings Roofing",(833) 314-7663,Georgetown,TX,www.3kingsroofing.com/texas-locations,4.7,28
"Texas Solar Professional LLC - Houston",(346) 885-8949,Houston,TX,texassolar.pro,4.9,28
"ProTex Roof Systems",(214) 983-8384,Terrell,TX,www.protexroofsystems.com,5,28
"KNS Solar",(877) 567-7788,Houston,TX,www.kns-solar.com,4.6,28
"IES Residential",(281) 498-2212,Stafford,TX,www.iesresidential.com,4,28
"V&E Services",(512) 436-3393,,TX,www.veservicestx.com,5,28
"Paramount Roofing and Solar, LLC",(512) 294-5104,Austin,TX,www.paramountrands.com,4.7,28
"MTR Contractors",(972) 432-7011,Frisco,TX,www.mtrcontractors.com,4.9,28
"Quick Roofing",(210) 521-7663,San Antonio,TX,www.quickroofing.com/san-antonio,4.8,28
"Static Smart Home",(833) 478-2842,Richardson,TX,www.staticsmarthome.com,4.1,28
"Guardian Exteriors Inc",(214) 819-9800,Duncanville,TX,www.guardianexteriors.com,4.8,28
"evrynite",(214) 810-1110,Dallas,TX,evrynite.com,5,28
"Country Club Roofing",(214) 901-0988,Allen,TX,www.countryclubroofing.com,4.8,28
"Continental Smart Solutions",(915) 205-0832,El Paso,TX,continentalsmartsolutions.com/contact-us,4.9,27
"DNA Electrical Concept LLC",(915) 540-8328,El Paso,TX,dnaeletricalservice.com,5,27
"WESTERN INSULATION",(281) 822-9953,Webster,TX,radiantatticinsulationsolution.com,5,27
"Statewide Pools",(325) 701-9234,Abilene,TX,statewidepoolsllc.com,3.6,27
"Tint National",(469) 271-6730,Greenville,TX,www.tintnational.com/?utm_campaign=gmb,5,27
"Crites Contracting Company LLC",(443) 239-0683,,TX,www.critescontracting.com,5,27
"Long Enterprises AC Repair & Service",(972) 752-5000,,TX,www.longacrepair.com,4.4,27
"enTech Electronics, LLC",(972) 286-9933,,TX,www.entechel.com,5,27
"Texas Build Co",(214) 293-4677,,TX,www.txbuildco.com,5,27
"Solcius",(800) 960-4150,,TX,,2.6,27
"Solar X Window Film Systems",(713) 932-8832,Houston,TX,solarx.com,4.3,27
"Sharona home builders",(469) 854-3167,,TX,sharonahomebuilders.com,5,27
"The Austin Roof Doctor",(737) 307-1960,Austin,TX,theaustinroofdr.com,4.9,27
"Frontier Roofing & General Contractors LLC",(817) 470-1834,,TX,frontierroofinggc.com,4.9,27
"Texas Rolling Shutters & Screens",(737) 245-0095,Georgetown,TX,www.texasrollingshuttersandscreens.com/?utm_source=GMB&utm_medium=organic&utm_campaign=GMB,5,27
"Hive Roofing and Solar",(512) 862-1164,Round Rock,TX,www.hiveroofingandsolar.com,4.8,27
"5Star Solar Panel Cleaning and Pressure Wash",(915) 543-0207,El Paso,TX,www.5starsolarpanelcleaningandpressurewash.com,5,27
"Starlight Solar",(713) 929-9454,Houston,TX,www.starlightsolartexas.com,4.7,27
"Graybar",(505) 449-4500,Albuquerque,TX,www.graybar.com/store-finder?utm_source=rioseo&utm_medium=organic&utm_content=google-locations&utm_campaign=rioseo-ALNM&cm_mmc=rioseo:organic-_-google-_-locations-_-ALNM,4.4,27
"Elite RV Roof and Collision | Denton, TX",(940) 239-3800,Denton,TX,elitervpros.com,4.9,27
"Austin Windowerks",(512) 837-7200,Austin,TX,www.windowerks.com,4.3,27
"Designer Roofing",(972) 644-6556,Prosper,TX,designerroofing.com/?utm_source=GMBlisting&utm_medium=organic,4.9,27
"WHC Inc",(337) 837-8765,Broussard,TX,www.whcenergyservices.com,4.5,27
"Panther Roofing LLC",(214) 422-8187,,TX,www.pantherroof.com,5,27
"Elliott Electric Supply",(254) 752-3331,Waco,TX,www.elliottelectric.com/locations/42/TX/Waco.aspx,4.8,26
"Capital Systems",(512) 897-4216,Austin,TX,www.capitalpowersystems.com,4.8,26
"Hatcher Water Well Service",(361) 358-8550,Beeville,TX,www.hatcherwaterwellservice.com,4.8,26
"BNK Services",(903) 746-1058,Tyler,TX,bnkservices.com,4.6,26
"Obsidian Solar",(832) 779-4447,Dallas,TX,,3.3,26
"Smart House Improvement LLC",(915) 229-2090,El Paso,TX,www.smarthouseimprovement.com,5,26
"Beene Brothers Ventures, LLC",(682) 730-0725,Mansfield,TX,beenebrothers.com,5,26
"Diamond Pools Inc",(817) 304-7946,Fort Worth,TX,diamondpoolstexas.com,3.8,26
"MIKCOR ELECTRIC LLC",(512) 677-1394,,TX,www.mikcorelectric.com,5,26
"East Texas Roof Works & Sheet Metal",(903) 723-4095,Palestine,TX,www.easttexasroofworks.com,4.7,26
"Complete Elite Technologies",(972) 807-0075,,TX,complete-elite.tech,5,26
"Sun Pro Window Tinting",(512) 335-9848,Round Rock,TX,sunprowindowtinting.com,4.9,26
"CIMA Contractors, LLC",(972) 905-0673,Plano,TX,www.cimacontractors.com,5,26
"Alamo Glass & Solar Screens",(956) 781-1906,Alamo,TX,riograndevalley.golocal247.com/biz/alamo-glass-and-windshields/alamo-tx/971983,4.6,26
"Solara Custom Living",(214) 744-9900,Dallas,TX,solaracustomliving.com,4.7,26
"JEB CONSTRUCTION • IRVING",(214) 223-4743,Irving,TX,,5,26
"MK Power Shop",(214) 846-7608,,TX,mkpowershop.com,5,26
"WT Film Solutions",(806) 433-4892,Amarillo,TX,www.wtfilmsolutions.com,5,25
"Nortex USA",(469) 793-0529,Frisco,TX,nortexusa.com,5,25
"Brighter Electric LLC",(214) 470-7641,,TX,brighterelectric.net,5,25
"Homeland Energy Resource Center Inc",(972) 841-1161,Arlington,TX,homelandenergytx.com,4.5,25
"B&B's Blinds",(214) 903-4474,McKinney,TX,bnbsblinds.com,4.8,25
"Zehra Solutions",(915) 873-8714,El Paso,TX,zehrasolutions.com,4.4,25
"S&H Solar & Electric",(940) 247-9960,Iowa Park,TX,shsolarelectric.com,4.6,25
"Weststar Energy Solutions",(915) 955-3096,El Paso,TX,www.solarelpasotexas.com,4.6,25
"Square One Exteriors",(903) 387-7725,Gladewater,TX,square1exteriors.com,4.8,25
"Ready Solar",(956) 452-4484,McAllen,TX,goreadysolar.com,4.4,25
"Laredo Roofing Solutions",(956) 774-7663,Laredo,TX,www.laredoroofingsolutions.com,4.2,25
"Roof Experts",(512) 900-1054,Round Rock,TX,roofexperts.com/roofing-austin-tx,5,25
"Raptor Roofing",(214) 906-6484,McKinney,TX,www.raptorroof.com,5,25
"DCG Electric Corp",(214) 200-6947,Grand Prairie,TX,www.dcgelectric.com,4.2,25
"Roofing Service Company",(469) 795-1647,Allen,TX,roofingservicecompany.com/texas,5,25
"Monumental Construction",(469) 910-3060,Frisco,TX,www.monumentalroofing.com,4.8,25
"ECC Solar",(505) 454-0614,Las Vegas,TX,eccsolar.com,5,25
"Austin's Draperies & Blinds Unlimited",(512) 507-1942,,TX,,5,25
"Power Up Your Home - Texas Electricity Rates Light Company",(832) 559-2572,,TX,powerupwithpris.myambit.com/rates-and-plans,5,25
"Campbell Roofing & Solar, LLC",(832) 779-1150,,TX,www.campbellroofingsolar.com,5,25
"I Tech Cameras",(800) 799-2823,Waco,TX,www.itechcamera.com,4.8,25
"Liberty Trident Electrical",(903) 394-6305,,TX,libertytridentelectrical.godaddysites.com,5,25
"Southern Roofing",(972) 596-4230,Plano,TX,www.southernroofingllc.com,3.6,25
"FreeLite",(972) 234-5990,Garland,TX,freelitetx.com,5,25
"Long Electric Co.",(325) 672-2112,Abilene,TX,www.longelectric.co,4.3,25
"General glass",(214) 391-9699,Heath,TX,www.generalglass-rockwall.com,4.9,24
"Roofs By Nicholas of Lubbock",(806) 605-0880,Lubbock,TX,www.roofsbynicholas.com/lubbock-tx-roofing-company,5,24
"Escandon Roofing Inc",(915) 532-1582,El Paso,TX,www.escandonroofinginc.com/?utm_source=gmb&utm_medium=organic&utm_campaign=elpaso,4.3,24
"North Valley Solar Power",(530) 688-6246,Yuba City,TX,northvalleysolarpower.com/location/yuba-city-ca/?utm_source=gbp&utm_medium=organic&utm_campaign=gbp-listing&utm_content=Yuba-City,4.9,24
"Maverick Property Services",(469) 838-5325,Plano,TX,maverickservicestx.com,5,24
"Blue Chip Solar LLC",(218) 760-9592,Prosper,TX,,3.4,24
"New View Roofing",(469) 716-6045,Plano,TX,www.newviewroofing.com/service-area/plano-tx,4.8,24
"VVM SOLAR",(956) 244-4657,Mission,TX,www.vvmsolarpower.com,4.2,24
"Skylight Specialists, Inc.",(512) 387-5600,Cedar Park,TX,skyspec.com/resources/about-us/skylight-specialists-of-texas,4.8,24
"Faz Roofing, Inc.",(214) 821-1111,Dallas,TX,www.fazroofing.net,3.5,24
"LexineGroup",(956) 992-0690,McAllen,TX,www.lexinegroup.com,4.8,24
"Tridom Roofing LLC",(210) 787-3833,San Antonio,TX,www.tridomroofing.com/locations/roofing-san-antonio-texas/?utm_source=google&utm_medium=organic&utm_campaign=gbp&utm_content=san-antonio,4.6,24
"Fritts-Bec",(682) 302-4505,Dallas,TX,frittsbec.com/#contactus,5,24
"Texas Electricity Power - Ambit Energy For New Service",(956) 532-0141,Weslaco,TX,txelectricitypower.joinambit.com,5,24
"Sanchez Roofing Solutions",(214) 614-7058,,TX,www.sanchezroofingsolutions.com,5,24
"Redemption Roofing",(281) 205-1337,League City,TX,www.redemptionroofing.com,4.9,24
"Michigan Solar Solutions",(989) 833-5333,Riverdale,TX,www.michigansolarsolutions.com/locations/riverdale.html,4.8,24
"Maxim Roofing & Restoration Houston Roofing and Construction Company",(832) 776-1884,Houston,TX,maximroofingrestoration.com,5,24
"Bullet Energy Solutions",(512) 942-2448,Austin,TX,bullet-energy.com,4.8,24
"Whitehart Energy LLC",(512) 842-7787,Wimberley,TX,whitehartenergy.com,5,24
"Webb's Glass LLC",(214) 926-2835,,TX,webbsglass.com,5,24
"GLDN Solar & Roofing",+1 208-871-8604,Katy,TX,gldn-energy.com,4.8,24
"Wylie Window Cleaning",(972) 513-6210,Wylie,TX,www.wyliewindowcleaning.com,5,24
"Jad Electrical",(336) 233-4998,,TX,www.jadelectrical.com,4.9,24
"NRG Energy, Inc.",(713) 537-3000,Houston,TX,www.nrg.com,2.5,24
"Maverick Roofing",(432) 617-0607,Midland,TX,maverickroofing.com/midland-odessa,5,24
"E D Miller Services LLC",+1 214-351-6171,Dallas,TX,www.millerservicecompany.com/?utm_campaign=gmb,3.5,24
"Go Green Roofing",(972) 754-7653,McKinney,TX,gogreen-roofing.com,4.5,24
"Clear Choice Window Cleaning",(512) 887-4463,Austin,TX,www.windowcleaningatx.com,5,24
"Ascend Roofing",(214) 725-7577,Frisco,TX,ascend-roofing.com,5,23
"Fowler Ridge Wind Farm",(765) 884-1000,Fowler,TX,,4.7,23
"Sector 7 Energy",(972) 509-0159,Plano,TX,www.sector7energy.com,3.3,23
"Energy Attic Fort Worth",(817) 529-6087,Fort Worth,TX,energyattic.com/?utm_source=google&utm_medium=GM&utm_campaign=Website-FW,4.9,23
"OOVO WINDOW FILMS - Southlake",(817) 675-6188,Southlake,TX,oovo.com/free-in-home-estimate-texas/southlake-window-film-installation,5,23
"Patriot Roofing Texas",(817) 873-8778,Grapevine,TX,patriotroofingtexas.com,4.7,23
"Gemsco",(844) 980-5506,Grand Prairie,TX,www.gemscoroofing.com,4.8,23
"Texas Pro Systems",(346) 306-6785,,TX,www.texasprosystems.com,4.7,23
"BayWa r.e. Solar Systems",(505) 216-7834,Santa Fe,TX,www.solar-distribution.com,5,23
"D&D Contracting",(512) 905-8501,Austin,TX,www.ddtxcontracting.com,5,23
"Gamma Strategies LLC",(512) 571-7982,,TX,gogamma.org,5,23
"Vilu Energy",(956) 269-1360,Laredo,TX,viluenergy.com,4.5,23
"JB Fence Stain and Restoration",(432) 352-3702,,TX,jbfencestainandrestorationtx.com,3.7,23
"Greater Texas Solar",(830) 507-3884,Mason,TX,greatertexassolar.com,5,23
"Pella Windows and Doors Showroom of Rohnert Park, CA",(707) 394-5886,Rohnert Park,TX,www.pella.com/locations/ca/rohnert-park/?utm_source=google&utm_medium=organic&utm_campaign=gbp,4.9,23
"Ferguson HVAC Supply",(210) 446-2796,San Antonio,TX,www.ferguson.com/store/tx/san+antonio/hvac-1503?utm_source=google&utm_medium=organic&utm_campaign=hvac_lis_listingtraffic&utm_content=listing,4.1,23
"Tikun Olam Services Inc",(956) 776-3841,McAllen,TX,wix.to/Lr45pv4,5,23
"Amarillo Water Well, LLC",(806) 803-9433,Amarillo,TX,www.amarillowaterwell.com,4.5,23
"Omega Electrical & Mechanical Contractors",(915) 855-6868,El Paso,TX,www.omegapowerep.com/?utm_source=gmb&utm_medium=organic&utm_campaign=elpaso,4.4,23
"Good Choice Energy",(361) 210-7336,,TX,www.goodchoiceenergy.com,5,22
"Surface Solutions Llc",(210) 412-8793,San Antonio,TX,surfacesolutionssa.com,5,22
"The JoyBug",(888) 656-9284,Rockwall,TX,thejoybug.com/outdoor-home-lighting-system,5,22
"JJ Builds-Roofing & Demolition",(956) 739-6448,Edinburg,TX,jjbuilds.us,5,22
"West Texas Gate Services LLC",(325) 701-4006,Abilene,TX,www.westtexasgate.com,4.8,22
"Heart of Texas Electric Co-Op Inc",(254) 840-2871,McGregor,TX,www.hotec.coop,2.5,22
"FUSE",+1 832-900-0840,Houston,TX,www.fuseworldwide.net,5,22
"Top Gun Insulation",(817) 725-9953,,TX,tgatticpros.com,5,22
"Alternate Electric LLC",(915) 259-8411,El Paso,TX,alternateelectricelp.com,4.8,22
"Bunkley Electric Inc",(325) 677-4460,Abilene,TX,bunkleyelectric.com,4.6,22
"DFW Solar Services LLC",(682) 233-0190,,TX,www.dfwsolarservices.com,5,22
"Next Level Roofing",(956) 771-8491,Laredo,TX,www.nextlevelroofingtx.com,4.8,22
"Hester Window Coverings",(830) 896-5663,Kerrville,TX,www.hesterswindows.com/?utm_source=gmb&utm_medium=organic&utm_campaign=listing,4.9,22
"JL Solar",(816) 704-1665,Odessa,TX,www.jlsolarsolutions.com,5,22
"1904 Electric & Solar",(512) 779-6103,Round Rock,TX,,4.8,22
"Callan Marine Ltd",(409) 762-0124,Galveston,TX,www.callanmarineltd.com,4.1,22
"Acri Windows & Doors",(214) 550-0419,Rowlett,TX,www.acri.com,4,22
"Mobile Auto Repair Pros",(210) 981-5227,San Antonio,TX,mobileautorepairpros.com/tx/mobile-mechanic-san-antonio,4.3,22
"Dependable Construction",(832) 230-5171,Friendswood,TX,fixmyhousetx.com/?utm_source=gbp&utm_medium=organic,4.8,22
"Tier 1 Solar",(361) 345-1000,Corpus Christi,TX,tier1solar.com,5,22
"Lakeway Security LLC",(866) 525-3226,Austin,TX,www.lakewaysecurity.com,5,22
"Transparent Window Cleaning",(940) 245-0555,Denton,TX,transparentwindowcleaning.com,5,22
"Solar Kleen",(940) 230-8696,,TX,www.solar-kleen.com,5,22
"AAA Leaded Glass Repair and Solar Screens",(281) 441-7796,Humble,TX,aaaleadedglassrepairs.com/?utm_source=gmb&utm_medium=referral,5,22
"REPUBLIC SIGN & LIGHTING of San Antonio",(210) 308-5900,San Antonio,TX,www.republicsign.com,4.5,22
"Barton Glass",(214) 708-7598,,TX,www.bartonglassco.com,4.6,22
"Texon Solar",(281) 766-7222,Houston,TX,www.texonsolar.com,4.6,21
"SignaTech Solar",(903) 707-8298,Sulphur Springs,TX,signatechsolar.com,5,21
"Solar Sudz",(361) 695-8864,,TX,www.solarsudzcc.com,5,21
"Solar Equity Solutions",(855) 363-7652,Houston,TX,www.solarequitysolutions.com,4.8,21
"SOLAR UNION POWER",(855) 765-2756,Dallas,TX,,5,21
"Circle A Electric",(817) 625-0880,Saginaw,TX,www.circleaelectric.com,4.8,21
"Facility RX",(210) 690-5800,San Antonio,TX,www.facilityrx.com,4.3,21
"TriSMART Solar",(281) 819-3640,McAllen,TX,www.trismartsolar.com/service-areas/mcallen,4,21
"Buzz Electrics",(469) 619-1727,Dallas,TX,,5,21
"CoolVu - Commercial & Home Window Tint",(844) 426-6588,Round Rock,TX,www.coolvu.com/austinroundrock,4.7,21
"Sun & Earth Construction",(575) 521-3537,,TX,www.sunandearth.net,5,21
"The Right Guy Glass and Screens LLC",(214) 854-9669,Royse City,TX,,4.8,21
"Sunny San Antonio Windows & Solar Cleaners",(210) 459-8055,,TX,www.sunnysanantoniosolarcleaners.com,5,21
"Electricity Experts - Residential, Commercial and Solar Plans",(888) 888-8275,,TX,enroll.myambit.com/rates-and-plans,3.7,21
"Koala Insulation of Austin",(737) 216-0665,,TX,koalainsulation.com/austin,5,21
"United National Power",(469) 557-5530,Addison,TX,www.unitednationalpower.com,4.6,21
"Pfeiffer & Son Ltd",(281) 471-4222,La Porte,TX,www.pfeifferandson.com,4.1,21
"Independent Solar Electric LLC",(530) 552-0266,Smartsville,TX,www.independentsolarelectric.com,4.8,21
"Harvest Energy Solutions",(806) 200-3777,,TX,www.harvestenergysolutionsusa.com,5,21
"Solar Supply Inc",(281) 446-3116,Humble,TX,solarsupply.us,5,21
"Southwest Shade Solutions",(817) 424-1299,Colleyville,TX,www.southwestshadesolutions.com,4.7,21
"A.T Pioneer Roofing",(361) 309-7070,Corpus Christi,TX,www.atpioneerroofing.com,5,21
"Proway Exteriors",(817) 618-2207,Arlington,TX,www.prowayexteriors.com,4.8,21
"RV FIXIN LLC",(833) 783-4946,Denton,TX,www.rvfixin.com,4.8,21
"Supreme Electric and Solar",(214) 876-0575,Dallas,TX,,4.2,21
"Air Wind & Solar",(254) 965-2570,Haltom City,TX,,1.2,21
"Technik Enterprises LLC",(512) 243-8007,,TX,www.technikent.com,5,21
"Patriotic Roofing and Solar LLC",(682) 244-7304,North Richland Hills,TX,prcsolarpro.com,5,20
"Hot Top Roofing",(254) 730-5032,Waco,TX,www.hottoproofingremodeling.com/reviews,4.8,20
"Houston Home Insulation Services LLC",+1 346-419-3015,Cypress,TX,,5,20
"F Wave Roofing",(817) 754-9021,Burleson,TX,fwaveroofing.com,4,20
"KB Home Salerno - Classic Collection",(737) 327-4242,Round Rock,TX,www.kbhome.com/new-homes-austin/salerno-classic-collection?utm_source=google&utm_medium=kg_web,4.5,20
"CK Glass and Mirror",(469) 733-0373,,TX,www.ckglassco.com,4.4,20
"Epic Roofing & Construction",(972) 798-7874,Denton,TX,epicroofing360.com,5,20
"Sunrise Solar",(512) 537-1313,,TX,sunrisesolartx.com,5,20
"Hancock-Wood Electric Cooperative, Inc.",(800) 445-4840,North Baltimore,TX,www.hwe.coop,2.4,20
"Selectric Solutions LLC",(402) 797-1414,,TX,selectricsolutions.com,5,20
"Right Choice Roofing - Dallas TX",(972) 637-8600,,TX,rtchoiceroofing.com,5,20
"Houston Custom Homes LLC",(207) 405-1146,,TX,www.houstoncustomhomesllc.com,4.8,20
"TX Dallas Electrics",(469) 619-1729,Dallas,TX,,4.9,20
"Lone Star Roofing N Solar",(956) 258-0645,,TX,www.lonestarroofingnsolartx.com,5,20
"Voltage Virtues",(432) 269-4969,,TX,www.voltagevirtues.com,5,20
"Maison Energy",(800) 250-7502,Dallas,TX,maisonenergy.com,4.8,20
"Amer Technology, Inc.",(210) 256-7070,San Antonio,TX,www.amersolutions.com,4.1,20
"Priviglass",(469) 465-2779,Plano,TX,priviglass.net,4.8,20
"SolarEdge Innovations",(940) 205-9506,,TX,solaredgeinnovation.com,3.9,20
"Dausin Electric Company",(210) 661-6736,San Antonio,TX,www.dausinelectric.com,3.9,20
"Solar Supply Inc",(936) 564-0207,Nacogdoches,TX,,4.8,20
"Twice The Ice",(904) 241-7535,San Antonio,TX,www.twicetheice.com,4.2,20
"Quick Electricity",(877) 509-8946,,TX,quickelectricity.com,4.5,20
"Lone Star Exterior Pressure Wash and Soft Wash LLC.",(956) 551-5092,Brownsville,TX,www.lonestarextpressurewash.com,5,20
"Eternal TX",(903) 600-1775,Flint,TX,eternaltx.com,4.8,20
"Santa Rosa Well Service",(432) 607-2456,Stanton,TX,santarosawellservice.com,4.3,20
"Select Home Improvement",(915) 443-0254,El Paso,TX,www.facebook.com/share/15X5QFLQN8/?mibextid=wwXIfr,4.8,20
"Solar Expert & Roof’s",(956) 252-0685,Edinburg,TX,www.facebook.com/powur23?mibextid=LQQJ4d,5,20
"KD Davis Services",(325) 660-2684,Abilene,TX,www.kddavisservices.com,5,19
"Voltstreet Energy Advisors",(713) 222-2500,Houston,TX,,5,19
"Remove Solar Reset LLC",(469) 283-1089,,TX,removesolarreset.com,5,19
"Nelco Media, Inc.",(210) 686-2918,San Antonio,TX,www.nelcomedia.net,5,19
"Lone Star Roofing",(806) 452-5300,Amarillo,TX,www.loneroofs.com,4.9,19
"Solar Clean",(361) 834-9276,,TX,www.solarcleantexas.com,5,19
"Insolaration",(833) 676-5786,,TX,www.insolaration.com,4.6,19
"CK Restoration",(512) 871-0884,,TX,www.ckrestoration.com,5,19
"Smart Solar Pros",(512) 722-7273,,TX,smartsolarpros.com,4.7,19
"Brown's Water Well Service & Drilling",(512) 791-6206,Dale,TX,brownsdrilling.com,4.8,19
"Ovillago",(866) 970-2909,,TX,www.ovillago.com,5,19
"Metro Electric, Inc.",(956) 686-2323,McAllen,TX,www.metroelectric-rgv.com,4.3,19
"Southwest Skylights",(972) 989-5063,Dallas,TX,www.southwestskylights.com,4.8,19
"Evergreen Exteriors",(903) 714-8299,Flint,TX,,4.9,19
"Continental Battery Systems of Denver",(303) 577-7980,Denver,TX,www.continentalbattery.com,4.3,19
"Bay City Roofers",(989) 447-2167,,TX,tricitysprayfoaminsulation.com,4.6,19
"Beat the Heat Windows",(214) 924-0995,,TX,www.beattheheatwindows.com,5,19
"HDR Systems Gate , Fence & Garage doors",(214) 444-9517,,TX,www.hdrsyst.com,5,19
"VA Electrical Contractors",(855) 482-6691,Pasadena,TX,,3.2,19
"Solar Pros Cleaning SVC",(903) 780-6957,,TX,www.solarproscleaningsvc.com,5,19
"Texas Loves Solar",(817) 405-4790,,TX,www.facebook.com/texaslovessolar,5,19
"Smith Fence",(972) 922-0182,Farmersville,TX,www.smithfenceinstallation.com,2.8,19
"Solar San Antonio TX SS",(210) 940-1777,,TX,www.solarsanantoniotx.com,5,19
"EDP Renewables North America",(713) 265-0350,Houston,TX,www.edprnorthamerica.com,4.1,18
"Enchanted Rock",(713) 429-4091,Houston,TX,www.enchantedrock.com,3.5,18
"Credence Energy",(281) 301-5633,Beach City,TX,www.credenceenergy.com,4.8,18
"Quanta Services, Inc",(713) 629-7600,Houston,TX,www.quantaservices.com,3.3,18
"Divine Path Construction LLC",(972) 310-0123,,TX,www.divinepathconstruction.com,5,18
"Pinnacle Roofing Systems, Inc.",(361) 887-0599,Corpus Christi,TX,pinnacleroofingcc.com,3.9,18
"Texan Electric & Solar Services",(682) 401-9080,Mansfield,TX,texanelectricsolar.com,5,18
"New Rüf",(512) 864-4481,Rockdale,TX,newruf.com/?utm_source=google&utm_medium=organic&utm_campaign=gmb-primary-link&utm_content=rockdale,5,18
"BayWa r.e. Solar Distribution - Plano, TX Branch",(945) 283-7343,Plano,TX,solar-distribution-us.baywa-re.com/plano-texas,4.4,18
"Casita Screen & Glass",(575) 640-0010,Las Cruces,TX,,4.1,18
"Motor Finance Co",(210) 227-1411,San Antonio,TX,,4.1,18
"Brilliant Harvest",(941) 359-3700,Sarasota,TX,www.brilliantharvest.com,4.8,18
"Elite Roofing & Solar LLC",(817) 404-8921,Richland Hills,TX,www.eliteroofsol.com,4.8,18
"Roof n Solar",(972) 946-7277,Grand Prairie,TX,roofnsolar.co,5,18
"Black Sheep Solar",(801) 382-9468,,TX,www.blacksheepsolar.com,4.8,18
"Vigilant Roofing & Construction",(682) 445-9662,Arlington,TX,www.vigilantroofing.com,4.5,18
"IES Residential",(817) 563-2900,Arlington,TX,www.iesresidentialinc.com,3.2,17
"Roctorra",(713) 787-5477,Houston,TX,,4.5,17
"KB Home Salerno - Heritage Collection",(737) 327-4200,Round Rock,TX,www.kbhome.com/new-homes-austin/salerno-heritage-collection?utm_source=google&utm_medium=kg_web,4.1,17
"Revolve Solar",(512) 271-9445,Austin,TX,,4.1,17
"XBiotech",(512) 386-2900,Austin,TX,www.xbiotech.com,3.9,17
"Shelter Roofing & Construction",(903) 271-0935,,TX,,4.3,17
"A&E Solar Panel Cleaning",(346) 780-8282,,TX,www.aesolarpanelcleaning.com,5,17
"Epic Energy",(504) 800-8814,Dallas,TX,thinkepic.com/dallas,5,17
"Blown Away Insulation",(469) 343-9393,Anna,TX,www.blownawayinsulation.com,5,17
"Solar Studio",(817) 773-7832,Fort Worth,TX,solarstudio.us,5,17
"Clifford Power Systems, Inc.",(817) 640-5544,Arlington,TX,cliffordpower.com/?utm_source=gmb&utm_medium=yext,4.2,17
"HYPR Power",(855) 225-1171,Dallas,TX,www.gohyprpower.com,4.8,17
"Progressive Roofing",(214) 348-7663,Duncanville,TX,www.progressiveroofing.us,4.4,17
"Goyne's Blinds and Shutters",(903) 526-7985,Tyler,TX,www.goynesblinds.com,4.9,17
"Tropic Solar and More",(512) 803-5598,,TX,,5,17
"Primoris Energy Services Corporation",(281) 478-5100,Deer Park,TX,www.prim.com/about/business-units/primoris-renewable-energy,3.1,17
"Solar Supply Inc",(956) 547-9463,Brownsville,TX,www.solarsupply.us,4.1,17
"Kerrville Public Utility Board",(830) 257-3050,Kerrville,TX,www.kpub.com,3.9,17
"Surefire Electric Inc.",(806) 341-9246,,TX,surefireelectricamarillo.com,4.8,17
"Solar Control Tinting & Graphics",(512) 540-8333,Round Rock,TX,www.solarcontroltintingandgraphics.com,4.8,17
"JDX Blinds & Curtains | Exterior Motorized Patio Screens Carrollton",(945) 732-1484,Carrollton,TX,www.jdxblind.com,4.6,17
"Orange Solar",(530) 400-7949,Woodland,TX,orangesolarroofing.com,4.8,17
"BS Global Energy",(405) 673-4692,,TX,beyondsolarsolutions.com,4.5,16
"Integrity Electric & Solar, LLC",(903) 539-0098,Flint,TX,integrityelectrico.wixsite.com/mysite,5,16
"Urban REAP",(254) 300-8029,Waco,TX,urbanreap.org,4.9,16
"SolarGuard Texas, LLC",(214) 940-7999,,TX,www.solarguardtx.com/?utm_source=google&utm_medium=wix_google_business_profile&utm_campaign=9905965150093634091,5,16
"Rhino Home Care",(512) 806-8880,Round Rock,TX,rhinohomecare.com,5,16
"A.C.E.S",(432) 210-7274,Colorado City,TX,www.aceswtexas.net,4.5,16
"Bluebonnet Water Wells LLC",+1 979-733-2939,Columbus,TX,bluebonnetwaterwells.com,5,16
"Your Best Energy Services",(682) 233-2967,Fort Worth,TX,www.ybeservices.com,5,16
"Stryker Heating and Cooling, LLC",(512) 528-5091,Cedar Park,TX,,3.8,16
"Texas Tint Residential and Commercial Window Tint",(903) 566-5555,Tyler,TX,tx-tint.com,4.5,16
"Holy Cross Energy",(970) 945-5491,Glenwood Springs,TX,www.holycross.com,2.9,16
"Sun Stop Window Tinting",(512) 296-8788,Austin,TX,www.sunstopatx.com,4.7,16
"Lubbock General Electrician",(806) 778-3460,Lubbock,TX,lubbockgeneralelectrician.com/?utm_source=gbp&utm_campaign=Lubbock,5,16
"Ntex Contracting Services",(469) 338-3021,Royse City,TX,ntexcontractingllc.com,4.9,16
"Concho Valley Electric Cooperative",(325) 655-6957,San Angelo,TX,cvec.coop,3,16
"USA Home Roofing & Exteriors",(512) 888-8408,Austin,TX,usahome-roof.com/service-areas/austin,5,16
"NRG Energy para casas y business mcallen tx",(956) 929-2440,McAllen,TX,www.bie-broker.com,4.5,16
"Remington Insulation and Ventilation",(469) 323-7560,Garland,TX,www.myatticpros.com,5,16
"Run Energy",(325) 795-1550,Abilene,TX,www.runenergy.com,3.5,16
"LGS HVAC Inc",(832) 712-8601,,TX,lgshvacinc.com,4.9,16
"Geyer Drilling Company Inc",(817) 477-2215,Alvarado,TX,geyerdrilling.com,3.4,16
"MountainStar Solar",(915) 493-4148,El Paso,TX,mountainstar.solar,5,16
"Greenhouse Solar Control: Window Tinting Near Me Houston, TX",(281) 961-3058,Houston,TX,www.houstonwindowstint.com,4.8,16
"Automation Integration",(214) 432-5981,Celina,TX,www.automationintegration.net,3.9,16
"Pure Home LLC",(956) 247-0802,McAllen,TX,www.purehomellc.com,4.8,16
"Solar Screens Plus McKinney",(972) 200-1712,,TX,,4.6,16
"Sunshine Sunrooms, Inc.",(972) 243-5390,Dallas,TX,sunshinesunrooms.com/?utm_source=googlebusinessprofile&utm_medium=organic&utm_campaign=Google+Business+Profile,3.6,16
"Avetec Solar",(972) 800-6402,,TX,www.avetecsolar.com,5,16
"Alpaca Energy",(972) 860-1606,Plano,TX,goalpacaenergy.com,5,16
"NetSolar Construction LLC",(575) 323-1112,Las Cruces,TX,,3.9,15
"Tex-Sun Shade Specialties Inc",(972) 279-0132,Dallas,TX,www.tex-sun.com,3.9,15
"SunPower®",(512) 637-6860,Austin,TX,us.sunpower.com,1.5,15
"TX SOLAR CARE LLC",(214) 909-5417,,TX,,5,15
"HTX Roofing & Exteriors",(469) 273-6098,,TX,www.roofwithhtx.com,5,15
"Solar Turbines Inc",(972) 228-5500,DeSoto,TX,,4.5,15
"Prominent Fences and Gates, LLC",(469) 580-7261,Allen,TX,www.prominentfences.com,4.4,15
"Dale's Roofing & Repair",(281) 731-4079,,TX,dalesroofingandrepair.com,4.9,15
"Harris Energy Solutions LLC",(512) 719-3114,Round Rock,TX,www.harrisenergysolutionsllc.com,5,15
"MJM Electric Cooperative, Inc.",(217) 707-6156,Carlinville,TX,www.mjmec.coop,2.6,15
"Enphase Energy",(877) 797-4743,Petaluma,TX,enphase.com/en-us/company/contact-us,2.1,15
"A & M Electric, LLC",(915) 867-1341,El Paso,TX,,3.9,15
"Kathy's Stamps n Signs",(210) 736-1841,San Antonio,TX,www.kathysstampsnsigns-sa.com,4.9,15
"Faraklas Luis S PE",(210) 734-8500,San Antonio,TX,,3.7,15
"Storm and Energy North Texas",(469) 404-5675,Lewisville,TX,saentx.com,4.7,15
"3-R Roofing Company",(682) 202-3203,Grand Prairie,TX,3rroofing.net,5,15
"A1 Electricians Fort Worth",(817) 242-0395,Fort Worth,TX,,5,15
"North Valley Solar Power",(530) 564-3260,Davis,TX,northvalleysolarpower.com/location/davis-ca/?utm_source=gbp&utm_medium=organic&utm_campaign=gbp-listing&utm_content=Davis,5,15
"Eagle Mountain Solar",(682) 286-8353,,TX,eaglemountainsolar.com,5,15
"Detach Reset Solar Texas",(800) 833-7040,Dallas,TX,www.detachresetsolar.com,5,15
"ClearVue Security",(713) 517-1348,Anna,TX,clearvuesecurity.com,4.8,15
"Sbrega Electric",(559) 961-9793,Coarsegold,TX,www.sbregaelectric.com,4.7,15
"Jaime Glass",(214) 715-5001,,TX,jaimeglass300.wixsite.com/jaime-glass,5,15
"Quality Solar",(469) 562-4848,Plano,TX,,4.2,15
"Toll Brothers, Inc.",(817) 329-8770,Grapevine,TX,www.tollbrothers.com/luxury-homes/Grapevine-TX,4.5,15
"Lamb Exteriors",(844) 445-5262,,TX,lambexteriors.com,5,15
"ADT Security Services",(866) 273-9772,Brownsville,TX,www.adt.com/local/tx/brownsville?utm_source=google&utm_medium=localseo&utm_campaign=website,2.1,14
"Jmichealdesign.com llc",(731) 333-2831,,TX,jmichealdesign.com,5,14
"Texan Glass & Solar Control",(281) 557-4100,Houston,TX,www.texanglass.com/houstonsouth,4.6,14
"Apex Clean Energy",(434) 220-7595,Charlottesville,TX,www.apexcleanenergy.com,3.3,14
"St John Water Well Pump Service",(940) 644-5306,Chico,TX,www.stjohnwaterwell.com,4,14
"Solar Screens of South Texas Inc",(956) 324-7130,Laredo,TX,www.facebook.com/profile.php?id=100083508682523,5,14
"EZ Screens & Shower Doors",(361) 737-9537,Corpus Christi,TX,ezscreenscc.wixsite.com/home,5,14
"Texas Panel Clean Services",(254) 325-9125,,TX,texassolarpanelcleanservices.com,4.9,14
"Revolution Energy",(888) 374-1776,Houston,TX,www.joinarevolution.com,2.9,14
"Add A Sun Installations",(409) 898-8830,Beaumont,TX,www.addasun.com,4.6,14
"Prevost Law Firm",(855) 584-3576,McKinney,TX,www.prevostlawfirm.com,4.8,14
"crSolar Energy Solutions",(512) 779-0909,,TX,www.crsolar.com,5,14
"Llano Fence Company, LLC",(972) 286-4316,Mesquite,TX,www.llanoriverfence.com,4.4,14
"Sandia Mountain Solar",(505) 355-5650,Sandia Park,TX,www.sandiamountainsolar.com/?utm_source=GBP&utm_medium=organic,4.7,14
"Power Pro Solutions",(915) 234-1421,El Paso,TX,powerprosolutionsllc.com,4.4,14
"Thermal Vision",(866) 515-7999,,TX,thermalvisiontx.com,5,14
"Blair's Texas Window Tinting & more",(972) 783-6005,McKinney,TX,textint.com,4.6,14
"M2 Power Solutions",(512) 956-1139,Pflugerville,TX,m2powersolutions.com,5,14
"Inex Power",(915) 433-6861,Dallas,TX,www.inexpower.com,4.4,14
"Channell Group",(214) 624-6229,Dallas,TX,,5,14
"The Screen Guy",(972) 841-0851,,TX,screen-guy.com,5,14
"KerTec",(806) 553-0921,Shallowater,TX,kertecllc.com,4.9,14
"Clark Energies",(817) 973-7064,Coppell,TX,clarkenergies.com,4.4,14
"The SunScrubbers",(469) 708-8903,Dallas,TX,www.thesunscrubbers.com,5,14
"Affordable Screens & Glass, L.L.C.",(512) 358-1560,Austin,TX,,4.7,14
"Semper Fi Solar",(806) 601-2480,,TX,www.semperfisolarenergy.com/?y_source=1_MTA0MjcwOTk0OS03MTUtbG9jYXRpb24ud2Vic2l0ZQ%3D%3D,5,14
"Custom Patios of Texas LLC",(210) 350-9801,San Antonio,TX,,5,14
"Affluent Exteriors",(512) 299-0102,Austin,TX,,3.9,14
"Webhead Technologies",(210) 354-1661,San Antonio,TX,webheadtech.com,4.4,14
"Roofing of Dallas",(972) 231-7663,Plano,TX,www.randrofdallas.com,4.4,14
"Plexsolar",(575) 268-9458,Clovis,TX,plexsolar.io,4.7,14
"Richland Hills Window Replacement & Doors",(817) 646-3378,,TX,richlandhillswindows.com,4.9,14
"Meter Energy",(737) 210-3959,Austin,TX,meterplan.com,4.9,14
"FoamTower LLC",(945) 216-2588,Royse City,TX,foamtowerllc.co,5,14
"Tyler Window Cleaners",(903) 780-7404,Tyler,TX,www.tylerwindowcleaners.com/window-cleaning,5,14
"Arc Fab Contracting LLC (Metal Fabrication) (Welder) (CNC Cutting)",(360) 391-1596,San Antonio,TX,arcfabsa.com,4.7,14
"Vault Electricity",(214) 550-0844,Plano,TX,www.vaultelectricity.com,5,14
"Blue Sky Energy Solutions",(682) 877-6527,Whitney,TX,bluesesolar.com,4.4,14
"Powersol Exterior Solutions",(915) 259-7805,,TX,www.powersol-solutions.com,5,14
"Peak Electric LLC",(402) 560-6768,,TX,peaktric.com,5,14
"SolEnergy",(713) 438-8611,Humble,TX,,4.4,14
"Solar United Neighbors",(202) 888-3601,Washington,TX,www.solarunitedneighbors.org,4,13
"SunLink",(469) 213-7390,,TX,www.unlimitedenergytx.com,4.7,13
"A & M Glass Solutions, LLC",(817) 589-1663,North Richland Hills,TX,aandmglasssolutions.net,4.4,13
"Energy Efficient Solutions",(877) 464-5828,Duncanville,TX,www.energyefficientsolutions.com,5,13
"NexGen Solar Solutions",(361) 903-9909,Corpus Christi,TX,,5,13
"CentiMark Corporation",(281) 885-1968,Houston,TX,www.centimark.com/locations/houston-texas,4.8,13
"Window Solar Screens",(214) 482-3098,Dallas,TX,www.windowsolarscreenss.com,5,13
"Denton Municipal Electric Complex",(469) 694-2880,Denton,TX,,5,13
"E-Best Air Duct Cleaning",(512) 271-2748,San Antonio,TX,,5,13
"Green Energy Consultations",(469) 949-8806,,TX,,5,13
"Phil Johnston Electric",(305) 906-2013,Summerland Key,TX,www.1stchoicekeys.com,5,13
"Nex Solar Power",(951) 203-4057,,TX,nexsolar.org,5,13
"McAllen Valley Roofing Co.",(956) 242-0431,Laredo,TX,www.laredo-roofing.com,4.6,13
"Howell Drilling Services, LLC",(806) 570-1067,Amarillo,TX,www.howelldrillingservices.com,4.7,13
"San Antonio Constructors & Consulting",(726) 246-1132,San Antonio,TX,www.sa-construct.com,4.9,13
"One4 solar",(305) 979-1766,Houston,TX,www.one4solar.com,5,13
"ASAP Solar LLC",(903) 944-9811,Tyler,TX,www.asapsolar.com,5,13
"HTX Top Roofing",(713) 876-3140,,TX,htxtoproofing.com,5,13
"Creekside Mirror & Glass",(972) 268-9183,Waxahachie,TX,www.creeksidemirrorandglass.com,5,13
"Like New Exteriors",(817) 438-6200,,TX,likenewtx.com,5,13
"Rockwall Glass Services",(972) 771-6751,,TX,www.rockwallglass.com,4.6,13
"SOLARCYCLE, Inc.",(888) 883-2292,Odessa,TX,www.solarcycle.us,3.5,13
"Sweetwater Energy Services",(281) 301-7997,Victoria,TX,sweetwaterenergyservices.com,4.7,13
"Lionel home improvement & construction LLC",(346) 495-3971,Cedar Park,TX,,4.9,13
"Akino Solar",(469) 529-0414,Denton,TX,www.akinosolar.com,4.9,13
"Builders Decor",(210) 684-1621,San Antonio,TX,,3.2,13
"R Hernandez Drywall Inc.",(210) 733-6437,San Antonio,TX,,4.5,13
"⭐️⭐️⭐️CISNEROS ROOFING SOLAR & REMODELING SYSTEM 🌟 ⭐️ SAVINGS DEDUCTIBLES",(682) 459-6922,Fort Worth,TX,www.facebook.com/share/14xbhNbQUf,5,13
"Power Choice Texas",(866) 338-2983,Houston,TX,www.powerchoicetexas.org,4.4,13
"Texas Solar Screens",(817) 439-8010,,TX,www.texassolarscreens.com,5,13
"Advanced iNergies LLC",(214) 501-4299,,TX,www.advancedinergies.com,5,13
"Exalt Roofing and Windows",(214) 326-0332,,TX,exaltroofingandwindows.com,5,13
"Dallas Commercial Roofing Co.",(469) 224-8545,Dallas,TX,dallascommercialroofingcompany.net,4.7,13
"Chamoy Creative",(210) 951-0222,San Antonio,TX,www.chamoycreative.com,3.4,13
"Texas Trim Irrigation",(817) 915-3360,Grapevine,TX,texastrimirrigation.net,5,13
"Stiletto's Electrical Construction",(903) 869-2343,Mabank,TX,,4,13
"Solar Power Systems Houston",(866) 228-4163,Houston,TX,solarpowersystemstexas.com,5,13
"Morlandt Electric Company",(210) 633-0181,San Antonio,TX,www.morlandtelectric.com,4.7,12
"Buzz Custom Fence",(254) 498-5732,,TX,buzzfence.com/service-areas/waco,5,12
"ARC Restoration and SolarX LLC",(432) 423-7663,Odessa,TX,www.arcxteam.com,5,12
"SUNTEX LLC",(817) 841-9632,Austin,TX,,5,12
"Tri Pointe Homes Design Studio - Dallas Fort Worth",(972) 499-5272,Plano,TX,www.tripointehomes.com/design-studio,3.7,12
"Frost Farm by Meritage Homes",(214) 329-4702,Royse City,TX,,4.3,12
"Qualitex Roofing and Construction",(469) 469-9639,Frisco,TX,www.qualitexroofing.com,5,12
"Levior Energy LLC",(210) 490-5555,San Antonio,TX,leviorenergy.com,5,12
"Rise Energy",(806) 955-7113,,TX,getriseenergy.com,5,12
"No1 Essential Electrician",(713) 589-6427,Houston,TX,,5,12
"Smart Start Ignition Interlock",(210) 516-1846,San Antonio,TX,www.smartstartinc.com/locations/ignition-interlock-texas-san-antonio-1806-mccullough-ave-78212/?utm_source=Google&utm_campaign=6491&utm_medium=locations_organic,4.8,12
"CalSun Electric & Solar Systems Inc.",(805) 239-0111,Paso Robles,TX,www.calsunelectric.com,4.7,12
"Mirage Packing Industries L.L.C.",(210) 996-6999,San Antonio,TX,www.mirageindustries.com,5,12
"Boost Electric LLC",(512) 887-1956,,TX,boostelectric.tech,5,12
"Grand Luxe Roofing",(972) 944-8898,,TX,www.grandluxeroofing.com,5,12
"Icarus Solar",(832) 803-7073,Houston,TX,icarussol.com,5,12
"TopOfTheLine Solar Panel Austin",(512) 631-5390,Austin,TX,,5,12
"ELM Utility Services",(520) 843-1318,Tucson,TX,elmllc.com,2.3,12
"Thy Kingdom Enterprises llc",+1 210-866-3126,Houston,TX,www.thykingdomhomeplus.com,5,12
"AJ Window Solutions LLC",(972) 207-1560,Farmers Branch,TX,ajwindowsolutions.com,4.3,12
"Texsun Nrg",(713) 561-5197,,TX,texsunnrg.com,5,12
"Texas Construction Company",(972) 630-4819,McKinney,TX,texasconstructioncompany.net,5,12
"Ronco Roofing and fences",(469) 379-6408,Irving,TX,,5,12
"Calahan Roofing",(817) 739-0692,,TX,www.calahanroofing.com,5,12
"Top Solar",(832) 759-0974,Houston,TX,,5,12
"Starwood Roofing",(800) 210-2485,Grand Prairie,TX,,4.8,12
"Safeguard Controls, LLC",(214) 931-2626,Dallas,TX,,5,12
"Exterior Property Experts - DFW Window Cleaning",(214) 814-0038,Dallas,TX,www.exteriorpropertyexperts.com,5,12
"Penguin Insulation",(469) 878-1822,Dallas,TX,www.penguininsulationtx.com/dallas,5,12
"Infinity Energy - Global",(469) 213-7298,Dallas,TX,iegsolar.com,3,12
"Grid Power",(469) 587-4641,Fort Worth,TX,installgridpower.com,5,12
"Solar Help Hawaii",(808) 548-4357,Honolulu,TX,www.solarhelphawaii.com,3.4,12
"TXP Construction & Remodeling",(254) 413-4950,,TX,,4.7,12
"HandyPro Home Services LLC",(214) 702-9811,,TX,www.handyprohomesvs.com,5,12
"Elite Construction & Solar, LLC",(817) 448-7441,Killeen,TX,www.elite-contractors.com,5,12
"Waterloo Energy",(512) 585-2291,Austin,TX,,5,12
"Rick Harris Enterprises, LLC",(940) 320-9525,Denton,TX,www.rickharris.com,5,12
"TXSOL Texas Solar Contractors",(737) 239-0039,Austin,TX,,4.7,12
"Heckadon Roofing & Construction",(214) 783-2164,Prosper,TX,heckadonroofing.com,5,11
"EthosEnergy Light Turbines, LLC",(713) 849-8800,Houston,TX,ethosenergy.com/our-locations/houston-light-turbines,4.5,11
"HVAC Services and Repair",(469) 564-5918,Dallas,TX,hvacserviceandrepair.net,5,11
"Lumenex Energy LLC",(469) 388-0604,McKinney,TX,www.lumenexenergy.com,5,11
"Central Plains Electric LLC",(346) 285-9549,,TX,centralplainselectric.net,5,11
"CentiMark Corporation",(972) 764-1570,Carrollton,TX,www.centimark.com/locations/dallas-texas,4.5,11
"Garber Electric Company",(972) 895-7692,McKinney,TX,,4.3,11
"SA-SO, Inc.",(972) 641-4911,Arlington,TX,www.sa-so.com,4.8,11
"Ramones Engineering PLLC",(210) 570-8299,San Antonio,TX,www.ramonesengineering.com,5,11
"Solar Supply Inc",(325) 672-5515,Abilene,TX,www.solarsupply.us,4.5,11
"Swisher Services",(832) 688-8879,,TX,www.swisherservices.org,4.3,11
"GameChange Solar",(203) 769-3900,Norwalk,TX,gamechangesolar.com,3.5,11
"Genesis Home Pro",(800) 284-3161,Edinburg,TX,www.genesishomepro.com,5,11
"J-A-C Electric Cooperative",(940) 895-3311,Henrietta,TX,www.jacelectric.com,3.5,11
"Zion Construction Group",(214) 736-8998,Plano,TX,zionconstructiongroup.com,5,11
"The Shade Store",(469) 440-9030,Plano,TX,www.theshadestore.com/showrooms/texas/plano?utm_source=google&utm_medium=organic&utm_content=plano&utm_campaign=gmb-listing%C2%A0,3.5,11
"Superior Screens & Glass",+1 281-893-4190,Houston,TX,www.superiorscreensandglass.com,4.4,11
"Solar Power Systems Beaumont",(409) 248-3337,Beaumont,TX,www.solarpowersystemstexas.com/location/Beaumont,4.6,11
"Ranger Energy services",(830) 569-1940,Pleasanton,TX,www.rangerenergy.com,3.8,11
"ElTech Electrical & Instrumentation LLP",(469) 912-6749,Edinburg,TX,eltechelectricinstruments.com,4.6,11
"Trinity Stone Construction Group",(817) 382-1164,,TX,trinityscg.com,5,11
"Elite Energy LLC: Electrical Contractor",(915) 320-8115,Kermit,TX,www.elitesolarsystem.com,5,11
"Kyreaux Solar LLC",(281) 610-6166,Houston,TX,,4.2,11
"SUPERIOR ELECTRICAL SERVICES OF EL PASO LLC",(915) 603-7185,El Paso,TX,,5,11
"Kingdom Solar and Roofing",(806) 548-9090,Lubbock,TX,www.facebook.com/profile.php?id=61557734364250,5,11
"GREENTECH RENEWABLES - Houston",(281) 665-4310,Katy,TX,www.greentechrenewables.com,4.6,11
"Diversified Wiring Solutions Power",+1 214-350-5095,Dallas,TX,dwsenergy.com,3.8,11
"Golden Time Solar",(800) 803-8440,Mission,TX,goldentimesolar.com,5,11
"CraftStrom Solar",+1 832-422-8103,Houston,TX,craftstrom.com,5,11
"Herc Rentals",(432) 563-0361,Midland,TX,www.hercrentals.com/locations.html?utm_source=GMB&utm_medium=organic&utm_campaign=Midland-TX-9449-USA,4.4,11
"Ridgewood Solutions",(469) 274-9321,,TX,www.ridgewoodsolutions.com,4.6,11
"Techline Roofing and Restoration",(512) 859-7663,Austin,TX,www.techlinerfg.com,5,11
"Elia Electric LLC",(336) 933-3142,,TX,www.eliaelectricllc.com,4.6,11
"Stellar Energy Solutions LLC",(512) 261-4046,Austin,TX,www.austinstellar.com,4.6,11
"OCI Solar Power Alamo 7 Solar Project",(210) 625-3920,Haskell,TX,www.ocisolarpower.com,4.8,10
"Certified Energy Consulting",(915) 471-4813,Horizon City,TX,certifiedenergyconsulting.com,5,10
"Hidalgo Roofing and Remodeling LLC",(956) 460-3489,Pharr,TX,hidalgoroofingremodelingtx.com,5,10
"Electric Power Engineers",(512) 382-6700,Austin,TX,epeconsulting.com,4.6,10
"Flower Mound Electric",(972) 366-0824,Flower Mound,TX,www.flowermound-electrician.net,5,10
"H2 Fence & Construction",(281) 865-2664,,TX,h2fence.com,4.8,10
"Texas Solar Power Systems | Arlington",(817) 809-7526,,TX,www.texassolarpowersystems.com/location/Arlington-north/?utm_source=ArlingtonNorth_GMB,5,10
"Premier Metal Plating",(210) 736-3400,San Antonio,TX,www.premiermetalplating.com,3.6,10
"Texas Gate Company",(254) 855-7702,Waco,TX,www.texasgatecompany.net,3.3,10
"Texas Solar Power Systems | Fort Worth",(817) 541-7796,,TX,www.texassolarpowersystems.com/location/Fort-worth-north?utm_source=FortWorthNorth_GMB,5,10
"Gregco Handyman Service Arlington",(505) 339-0323,,TX,gregcoremodelingservices.com,5,10
"Powers Steel & Wire",(602) 437-1160,Phoenix,TX,www.powerssteel.com,4.5,10
"Video Security Dallas - Installations and Service",(469) 275-9660,Dallas,TX,www.videosecuritydallas.com/?utm_source=google&utm_medium=wix_google_business_profile&utm_campaign=3556311372082900060,5,10
"Prestige Roofing Solutions",(817) 609-1727,,TX,,4.5,10
"Coleman County Electric Cooperative",(800) 560-2128,Coleman,TX,www.colemanelectric.org,3.8,10
"Black Bear Roofing & Renovations",(409) 789-8220,,TX,blackbearrenovationstx.com,5,10
"Solar Maxx Inc.",(915) 730-2568,,TX,,4.6,10
"TICO - Technical Installation Co., LLC",(430) 702-4150,Gladewater,TX,www.technicalinstallation.com,4.9,10
"Night Sculptures",(682) 217-4612,,TX,www.nightsculptures.com,5,10
"SolarSun For Life",(972) 637-8271,Dallas,TX,,4.6,10
"Silicon Ranch Corporation",(615) 577-4786,Nashville,TX,www.siliconranch.com,3,10
"Preferred Power electrical LLC",(817) 908-9382,,TX,www.preferredpowerllc.com,5,10
"CAS Glass and Mirror",(214) 770-5172,,TX,,3.4,10
"Lucky Knights Solutions LLC",(903) 600-0535,,TX,switchesbtrippin.com,5,10
"Iron Clad Metal Roof Systems Plus",(210) 592-3401,,TX,ironcladroof.com,5,10
"Solar Power Systems Corpus Christi",(361) 266-3233,Corpus Christi,TX,www.solarpowersystemstexas.com/location/Corpus-christi,5,10
"GreenLife Technologies",(903) 630-3446,Tyler,TX,www.greenlifetechinc.com,4.2,10
"Housepro Energy",(713) 489-3129,Houston,TX,,3.7,10
"Elevated Roofing and Construction",(806) 738-4082,Amarillo,TX,www.elevatedroofingtx.com,5,10
"Offset Solar",(469) 827-7956,Frisco,TX,www.offsetsolar.io,5,10
"ABC Supply Co.",(325) 692-4449,Abilene,TX,www.abcsupply.com/locations/location?BranchNumber=182,4.9,10
"Zealous Energy Services",(337) 332-4390,Breaux Bridge,TX,www.zealousenergyservices.com,4.8,10
"JG ELECTRIC",(956) 520-4221,McAllen,TX,,4.2,10
"Soligent",(800) 967-6917,Sacramento,TX,soligent.net,4.8,10
"ASC Solar Energy",(713) 887-8778,Stafford,TX,www.ascsolarenergy.com,5,10
"Tropical Shade & Shutter",(361) 991-8906,Corpus Christi,TX,,3.7,10
"OSW, One Stop Warehouse",(972) 626-5393,Arlington,TX,osw.energy/us,4.6,10
"Solaris Roofing and Solar",(512) 962-8502,,TX,solarisroofingandsolar.com,5,10
"Eco Renewable Solutions",(956) 627-7025,,TX,ecorenewablesolutions.com,5,10
"Texas Solar Power Systems | Keller",(817) 904-3095,,TX,www.texassolarpowersystems.com/location/Keller/?utm_source=Keller_GMB,5,10
"ABC Supply Co. Inc.",(817) 210-0600,Haslet,TX,www.abcsupply.com/locations/location/?id=1235,5,10
"Tesla Solar",(346) 445-7107,Houston,TX,www.tesla.com/solarpanels,4.2,9
"Smart Energy Solutions LLC",(806) 304-4141,,TX,getsmartenergylubbock.com,5,9
"SPC solar panel cleaning company",(361) 231-1119,,TX,,5,9
"Mercury Solar Systems",(972) 441-2570,Plano,TX,,2.8,9
"Mozart Energy Consulting",(972) 210-1993,Dallas,TX,www.mozartconsultants.com,5,9
"911 Attic & Home Insulation Service",(210) 851-9590,San Antonio,TX,911insulationservice.xyz,5,9
"Monoluxe Solar",(214) 631-9810,Fort Worth,TX,,4.1,9
"Alliance of Texas",(210) 733-3373,San Antonio,TX,,4.3,9
"Solar Custom Services LLC",(915) 886-0177,El Paso,TX,www.facebook.com/SolarCustomServices?mibextid=JRoKGi,5,9
"ERG Property Management",(210) 907-3550,San Antonio,TX,www.erg.rentals,1.9,9
"Caprock Design + Build",(806) 437-1193,Amarillo,TX,www.caprockdb.com,5,9
"Charger Energy Services",(432) 687-1848,Midland,TX,chargerenergyservices.com,5,9
"Connected Energy | Tesla Solar Shingle & Power Wall Certified Installer",(713) 482-1262,Houston,TX,,3.7,9
"Relevant Power Solutions",(281) 359-2003,Houston,TX,www.relevant-power.com,5,9
"Tekton Home Solutions",(956) 862-7643,McAllen,TX,www.tektonhomesolutions.com,4.6,9
"A Plus A Construction and Roofing, LLC",(972) 836-4673,Allen,TX,www.aplusacr.com,5,9
"NUSUN POWER",(325) 227-5914,Georgetown,TX,www.nusunpower.com,3.7,9
"Home Services at The Home Depot",(844) 476-2140,Round Rock,TX,www.homedepot.com/l/Round-Rock/TX/Round-Rock/78664/504/services?emt=HSGMBGoogleMaps,4.3,9
"REC Roofing & Construction",(945) 732-7777,,TX,rec-gc.com,4.6,9
"East Texas Solar",(903) 808-8822,,TX,www.etxsolar.com,5,9
"KWJ Consultant, An Authorized Dealer",+1 713-529-7778,Houston,TX,www.tucsonrollingshutters.com,4.6,9
"M&A Tech Solutions",+1 866-832-0291,,TX,,4.6,9
"Houston Admiral Air Conditioning and Heating",+1 281-876-9400,Katy,TX,goadmiral.com,4.6,9
"Sustainable Energy Solutions",(801) 528-9509,Orem,TX,sesinnovation.com,4.9,9
"RWE Clean Energy",(914) 286-7000,Valhalla,TX,americas.rwe.com/rwe-clean-energy,3.2,9
"Permian Energy Services",(325) 554-7034,Tuscola,TX,www.permian-es.com,4.9,9
"Corbin Electric Company",(940) 302-8036,Denton,TX,,2.8,9
"Solar Wash ATX",(512) 814-5542,,TX,,5,9
"Sentry Roofing, Restoration & Solar",(214) 733-9968,,TX,,3.7,9
"Norsemen Construction LLC",(469) 993-9011,,TX,www.norsemen-construction.com,4.9,9
"Gosunlite, LLC",(972) 469-1106,Savannah,TX,gosunlite.io,4.6,9
"World Class Electric, LLC",(817) 800-4038,Arlington,TX,worldclasselectricllc.com,5,9
"LA Solar Company",(209) 432-5663,Los Angeles,TX,,3.1,9
"JAVglassandservices",(214) 451-8370,Trenton,TX,javglassandservices.com,5,9
"IBG RESTORATIONS - IBG ROOFING - AN INNOVATIVE BUILD GROUP COMPANY",(404) 324-9133,Arlington,TX,innovativebdg.com,5,9
"Nordic Pressure Washing",(281) 467-5428,,TX,nordicpressurewashing.com,5,9
"Aligned Solutions",(903) 517-3354,,TX,myalignedsolutions.com,4.1,9
"Vanguard Restoration Services",(972) 688-6702,Sunnyvale,TX,www.vanguardrestorationtx.com,5,9
"A R Electric",(972) 285-7525,Mesquite,TX,,4.1,9
"ADVANCED OVERHEAD DOOR",+1 972-404-6632,,TX,,3.2,9
"Total Home Technologies",(512) 991-0567,Austin,TX,totalhometx.com/?utm_source=gmb&utm_medium=direct,4.9,9
"Eclipse Solar & Construction",(916) 798-2539,Woodland,TX,eclipsesolcon.com,4.6,9
"True Cost Solar",+1 281-636-2692,,TX,tcsolarpower.com,5,8
"POWER RAY LLC",(432) 895-3019,Midland,TX,www.powerrayllc.com,5,8
"Javier Villarreal Law Firm - Accident Attorney",(210) 248-0808,San Antonio,TX,jvlawfirmsanantonio.com,5,8
"Roof Rejuvenators of SETX",(409) 207-7772,,TX,rrsetx.com,5,8
"TXD Consult Solar Waco",(262) 598-7172,,TX,www.txdconsult.com,5,8
"Green Planet Solar, LLC",(956) 333-2499,McAllen,TX,www.gpssolar.com,4,8
"Zenith Security - ADT Authorized Dealer",(888) 515-6199,Corpus Christi,TX,,3.5,8
"Zero Energy by Erus",(833) 999-9376,McAllen,TX,,4.1,8
"AC DC Renewables",(915) 478-2879,,TX,acdcrenewables.my.canva.site,5,8
"Sundial Solar",+1 817-766-5200,,TX,sundialsolarpower.com,5,8
"M&M Roofing, Siding & Windows",(214) 381-0600,,TX,www.mmroofsiding.com,4.4,8
"Kosmos Energy Ltd.",(214) 445-9600,Dallas,TX,www.kosmosenergy.com,4.9,8
"Energy Choice Experts",(469) 320-1300,Dallas,TX,www.energychoiceexperts.com,4.5,8
"Sequoia Contractors",(903) 689-2889,Sulphur Springs,TX,,4.8,8
"I V ELECTRICIAN LLC",(726) 216-1366,San Antonio,TX,www.ivelectricianllc.com,5,8
"Texas Roofers USA",(214) 717-8818,Dallas,TX,texasroofers.com/locations/dallas-texas-roofers,4.5,8
"Total Energy Solutions LLC",(915) 335-2004,El Paso,TX,www.totalenergysolutionsusa.com,4,8
"Lone Star Solar Co",(915) 285-0005,Richardson,TX,www.solar-texas.co,5,8
"F.I.G. Custom Plumbing, LLC",(512) 935-5200,San Antonio,TX,www.figplumbing.com,4.9,8
"The Energy Shop",(972) 661-0688,Carrollton,TX,www.energyshopinc.com,4,8
"Sunhut Solar LLC",(800) 261-2835,El Paso,TX,sunhutsolar.com,4.5,8
"Skygrid Solar Solutions, LLC.",(903) 539-5658,Mineola,TX,skygrid-solar.com,5,8
"Lewis Energy",(210) 384-3200,San Antonio,TX,www.lewisenergy.com,4.9,8
"Audio Visual Aids",(210) 732-1234,San Antonio,TX,www.audiovisualaids.com,4.1,8
"Tiny Giant LifeStyle",(903) 231-3808,Tyler,TX,tinygiantlife.biz,5,8
"Shades Austin",(512) 991-2024,Austin,TX,www.shadesaustin.com,5,8
"Adaptiv Roofing and Solar Solutions",(972) 880-0268,Frisco,TX,www.adaptivroofingllc.com,4,8
"ARC Solar & EV Solutions",(830) 275-2352,Lytle,TX,www.arcsolarevsolutions.net,5,8
"Nations Roof",(972) 278-9200,Rowlett,TX,nationsroof.com/locations/dallas-tx-commercial-roofing?utm_source=gmb&utm_medium=organic&utm_campaign=dallas&utm_term=website_dallas&utm_content=home_dallas,4.4,8
"Texas Roofing and Construction Services LLC",(832) 652-1105,Pasadena,TX,www.texroofingandconstruction.com,3.5,8
"Sunscreens ""R"" Us 2 / Solar screens",(361) 765-9305,Corpus Christi,TX,www.sunscreensrus2.com,5,8
"Thermo King of Corpus Christi",(361) 883-1223,Corpus Christi,TX,www.thermoking.com/dealers/north-america/us/tx/6530-agnes-st,4.1,8
"Solar Kings",(214) 301-3358,,TX,solarkingstx.com,5,8
"S and S Total Energy Solutions Roofing and General Contractors",(682) 597-0339,Fort Worth,TX,,5,8
"Renewell",(956) 649-1513,Laredo,TX,renewellhomes.com,5,8
"Grid Guard",(469) 891-6676,,TX,texasgridguard.com,5,8
"Clarity Roofing and Solar",(972) 922-6434,Dallas,TX,www.clarityroofingandsolar.com,5,8
"Victory Energy Operations LLC",(918) 274-0023,Collinsville,TX,victoryenergy.com,3.9,8
"L.E.D. LYSI Lighting & Electric",(512) 862-7974,,TX,ledlysi.com,4.4,8
"Neighborhood-Solar",(940) 331-8092,Lewisville,TX,neighborhood-solar.com,5,8
"Amped Pump& Controls LLC",(208) 610-8822,,TX,ampedpump.com,4,8
"Alpha 3 Residential LLC",(469) 251-0210,,TX,alpha3residential.com,5,8
"Peak Solar Electric LLC",(575) 463-4639,Las Cruces,TX,www.peaksolarelectric.com,5,8
"AIM Enterprise Solutions",(915) 321-0206,El Paso,TX,,5,8
"Flamboyance Estate Sale Specialists, Texas Edition",(210) 701-0060,,TX,www.flamboyanceestatesales.com,4.4,7
"Moran's Repair",(210) 268-7302,,TX,moransrepairconstruction.com,4.1,7
"Remote Roofing",(800) 401-7716,Frisco,TX,,2.7,7
"Vent FanAttic LLC",(469) 560-1916,Rowlett,TX,,5,7
"AAA Roofing & Construction, LLC",(512) 419-8482,,TX,,4.4,7
"Mtz Landscaping",(210) 382-9626,San Antonio,TX,,3.9,7
"Aladdin Environmental, LLC",(210) 241-2958,San Antonio,TX,www.aladdinenvironmental.com,4.4,7
"Security Solar",(512) 967-6527,,TX,www.securitysolar.pro,4,7
"Elite Roofing Solutions",(817) 605-7663,North Richland Hills,TX,eliteroofingsolutions.com/fort-worth-roof-repair,4.4,7
"Clean Plus Panel Pro",(956) 303-4421,Laredo,TX,cleanpluspanelpro.com,5,7
"voltaic electrical",(469) 568-0227,Fairview,TX,,5,7
"Arka Energy Inc.",(833) 968-3998,Allen,TX,arkaenergy.com,3.1,7
"Sunus Pro",(817) 518-9967,Fort Worth,TX,sunuspro.com,4.9,7
"Water Energy Services, LLC",(844) 861-1991,San Antonio,TX,waterenergyservices.com,4.4,7
"Go Green NRG",+1 832-321-7770,,TX,,5,7
"Sustainable Solar",(636) 489-2700,Wright City,TX,sustainablesolarllc.com,5,7
"JERA Americas Inc.",(713) 980-4140,Houston,TX,www.jera.co.jp/en,4,7
"Lime Roofing and Solar",(737) 237-1887,Austin,TX,limeroofingandsolar.com,4.4,7
"Industrial Communications",(800) 447-8475,San Antonio,TX,www.indcom.net,4.4,7
"Solar Service",(877) 230-4606,Plano,TX,solarservice-tx.com/dallas,5,7
"RFA Innovation",(956) 551-4332,Houston,TX,rfainnovation.com,5,7
"Pool Techs",(325) 480-9587,,TX,,4.4,7
"STRONG TOWER SOLAR ELECTRICAL SERVICES & GENERATORS LLC",(512) 547-1807,Austin,TX,strongtowerelec.com,5,7
"All Inclusive Energy LLC",(832) 552-3499,Pasadena,TX,,5,7
"Skylights of West Texas",(806) 799-7772,Lubbock,TX,skylightsofwesttexas.com,4.6,7
"Fortune Energy Austin Texas",(512) 467-4466,Austin,TX,fortuneenergy.net,3.9,7
"Rexel",(512) 462-0300,Round Rock,TX,www.rexelusa.com/locations/TX/Austin/2500?utm_source=local-listings&utm_medium=organic&utm_content=GMB,3.7,7
"Evergreen Energy Solutions",(469) 660-6150,Dallas,TX,,2.7,7
"Strategic Solutions | Pressure Washing | Window Cleaning | Gutter Cleaning | Wash Amarillo TX",(806) 437-4380,,TX,www.washamarillo.com,5,7
"Superior Skylights",(817) 313-6484,,TX,,3.3,7
"Nova Global System",(832) 298-1211,El Campo,TX,www.novaglobalsystem.com,5,7
"Texas Construction Company",(512) 451-8050,Austin,TX,txconstruct.com,4.9,7
"Allegiance Electric & Controls",(940) 592-4340,Wichita Falls,TX,aecllc.com,5,7
"SunSmart Window Replacement of Rockwall",(469) 887-6310,Rockwall,TX,rockwall.sunsmarthome.com,5,7
"Diego's House Leveling",(210) 436-9656,,TX,www.diegoshouseleveling.com,5,7
"Southwest Well Solutions LLC.",(575) 430-2349,,TX,,5,7
"Romano Custom Homes, LLC",(972) 363-4964,,TX,www.romanocustomhomes.com,5,6
"Energy Outlet",(855) 895-2525,McKinney,TX,energyoutlet.com/?utm_campaign=gmb,5,6
"Solar Power Systems Waco",(254) 414-0356,,TX,www.solarpowersystemstexas.com/location/Waco,5,6
"Infinity Solar Solutions",(325) 221-5418,San Angelo,TX,www.infinitysolarsolutions.net,3.7,6
"King Electric",(432) 209-2276,Seminole,TX,www.kingwtelectric.com,4.3,6
"Friesen Energy Solutions, LLC",(432) 209-2775,Seminole,TX,friesenenergysolutions.com,5,6
"Earth Energy Audits",(512) 466-7679,Austin,TX,www.earthaudits.com,5,6
"GEnergy Integration, LLC.",(817) 310-9354,Grapevine,TX,www.genergyint.com,5,6
"Solarplus Electric",(817) 932-2346,,TX,solarpluselectric.com,5,6
"Capital Solar USA",(985) 373-3935,,TX,,5,6
"Pacific Electrical Contracting",(979) 269-8838,Houston,TX,usmapol.org/details/pacific-electrical-contracting-ChIJ7w8,5,6
"Jedco Gutters",(972) 772-5183,Rockwall,TX,www.jedcogutters.com/contact.html,4.3,6
"Major Electric",(512) 525-5800,,TX,1majorelectric.com,4.3,6
"Star Fence and Gate",(512) 738-7827,,TX,www.starfenceandgate.com,4.3,6
"VIA Technology LLC",(210) 227-7726,San Antonio,TX,www.800viatech.com/?utm_source=google&utm_medium=local&utm_campaign=1&utm_content=primary,3,6
"Go2 Air Duct Cleaning .",(325) 230-2088,San Antonio,TX,,5,6
"Screenmobile of Flower Mound & Southlake",(817) 809-7770,,TX,www.screenmobile.com/locations/flower-mound-southlake,5,6
"Infinity and Beyond Solar",(682) 233-4619,Farmers Branch,TX,infinityandbeyondsolar.com,5,6
"Beyond Construction Management LLC",(915) 209-1266,El Paso,TX,beyondconstructionmanagement.com,5,6
"Adrick Glass Work",(469) 667-0163,,TX,www.instagram.com/adrickglasswork1,4.3,6
"Elitenrg TX",(469) 464-9686,,TX,elitenrgtx.com,5,6
"Energy Saver Solutions - Arlington TX",(469) 802-0286,Arlington,TX,www.energysavesolutionstx.com,5,6
"Watson Electric",(409) 599-5548,Santa Fe,TX,,2.8,6
"Big West Building Services, LLC",(512) 699-1734,Austin,TX,bigwestbs.com,5,6
"Empowered Improvements",(682) 738-5289,Bedford,TX,,3,6
"Gallagher Solar",(806) 777-4414,Lubbock,TX,gallaghersolar.solutions,5,6
"Precision Exterior & Services",(817) 964-1364,,TX,www.precisionexteriorservice.com,5,6
"Ecoplexus, Inc",(415) 626-1802,Durham,TX,www.ecoplexus.com,3.7,6
"Next Generation Solar, LLC",(817) 448-2018,,TX,www.nextgenerationsolartx.com,5,6
"DVS - Quality Electrical Service and Electrical Maintenance",(956) 247-0310,Edinburg,TX,dvs-tx.com,5,6
"Beyond Shingles LLC",(469) 581-4010,Wylie,TX,www.beyondshingles.com,5,6
"Snapguard Solutions",(626) 342-6602,Carrollton,TX,snapguardsolutions.com,3.7,6
"Solar Supply, Inc.",(956) 412-3900,Harlingen,TX,www.solarsupply.us,5,6
"Solar Supply Inc",(936) 435-1166,Huntsville,TX,solarsupply.us,4.3,6
"Obelektro Solar",(903) 412-3234,,TX,,5,6
"Arya's Attic",(469) 325-5775,Plano,TX,www.aryasattic.com,4.3,6
"RUOFF Roofing & Restoration",(214) 548-5974,McKinney,TX,www.ruoffroofing.com,5,6
"ProStar Energy Solutions",(469) 388-6240,Frisco,TX,www.prostarenergy.com,3.8,6
"Power Roofing & Wash LLC",(254) 218-5020,,TX,prwconstruction.com,5,6
"JK Renewables",(888) 429-0105,Pantego,TX,www.jkrenewables.com,5,6
"DWS Energy",(214) 350-5095,Dallas,TX,www.dwsenergy.com/?utm_source=gbp&utm_medium=organic&utm_campaign=website,4.2,6
"Solar Supply",(469) 952-5886,McKinney,TX,www.solarsupply.us,5,6
"GPT Energy, Inc.",(713) 913-1554,Houston,TX,www.gptenergy.com,5,6
"Oscar Lara Electric",(915) 778-4418,Sunland Park,TX,oscarlaraelectric.com,4.3,6
"Accurate Electric And Solar",(915) 246-1194,,TX,,5,6
"Elite Efficiency Pros",(469) 865-2852,,TX,,5,6
"Texas Responsible Energy, Inc.",(430) 437-4777,Tyler,TX,www.energybytree.com,5,6
"SPG Solar",(713) 550-3646,Houston,TX,www.spgsolar.io,5,6
"Acosta Drilling",(806) 872-5960,Lamesa,TX,acostadrilling.com,2.3,6
"North Texas Natural Lighting",(972) 349-0008,Arlington,TX,,4.3,6
"First Source Energy Incorporated",(346) 509-9100,Houston,TX,firstsourceenergyinc.com,5,6
"Abundant Energy",+1 713-805-0759,Houston,TX,,1.7,6
"Sunrise Solar",(512) 243-0628,,TX,,5,6
"AirMD San Antonio TX",(830) 265-6991,San Antonio,TX,www.airmd.com/areas-served/texas/san-antonio,2.8,5
"Energizersunny LLC",(214) 494-1435,Dallas,TX,energizersunny.com,4.2,5
"Fabians Construction",(210) 738-8835,San Antonio,TX,www.fabiansconstruction.com,3.4,5
"Garcia’s Remodeling and cons.LLC",(210) 426-4707,San Antonio,TX,garciasremodeling.org,5,5
"Home UpGr8",(831) 756-1727,Laredo,TX,www.homeupgr8.com,5,5
"Texas Solar Consulting",(979) 476-4227,Houston,TX,www.texas-solarconsulting.com,5,5
"Optimum Solar; Daniel R. Solar Energy Equipment Supplier",(281) 832-9100,,TX,optimumsolarusahouston.com,5,5
"Silver Ventures",(210) 930-1251,San Antonio,TX,silverventures.com,3.8,5
"Titan Roofing & Solar LLC",(817) 774-0200,Cleburne,TX,,5,5
"IES Residential (Corporate)",+1 800-847-5778,Sugar Land,TX,www.iesresidential.com,2.6,5
"Rio Grande Power Plant",(915) 585-7820,El Paso,TX,www.epelectric.com,5,5
"Anchor Products LLC",+1 888-575-2131,Haltom City,TX,www.anchorp.com,5,5
"RELIABLE RESOURCES",(972) 298-0400,Duncanville,TX,www.reliableresourcesco.com,3.8,5
"NE Solar LLC",(469) 583-9341,,TX,nesolardni.com,4.2,5
"Divided Sky Roofing & Solar",(512) 400-4267,Buda,TX,mydividedsky.com,5,5
"3DP Solar",(214) 519-3762,,TX,www.3dpsolar.com,5,5
"ENTOUCH Controls",(800) 820-3511,Richardson,TX,entouchcontrols.com,4,5
"Arrowhead General Construction - Commercial, Roofing, Solar Screens, Gutters",(817) 793-3966,Haslet,TX,arrowhead-gc.com,5,5
"RMC Solar Screens Blinds and Shutters since 1995",(281) 660-7769,,TX,rmcsolarscreens.com,5,5
"Doherty Services LLC",(817) 600-2825,,TX,www.dohertyservicesllc.com,5,5
"Stallion Oilfield Services",(713) 528-5544,Houston,TX,www.stallionoilfield.com,4.2,5
"ELM MicroGrid and ELM Solar",(469) 676-1648,The Colony,TX,www.elmmicrogrid.com,4.2,5
"Priority Power",(800) 221-7061,Dallas,TX,www.prioritypower.com,4.2,5
"MVP Daylight",(214) 972-0465,,TX,mvpdaylight.com,5,5
"Big Star Builders",(888) 276-6242,Dallas,TX,bigstarbuilders.com/about-us,3.4,5
"Fort Belknap Electric Co-Op",(940) 564-3526,Olney,TX,www.fortbelknapec.com,4,5
"Totec energy LLC",(682) 683-8964,,TX,,5,5
"ABC Supply Co Inc",(432) 367-0088,,TX,www.abcsupply.com,4.8,5
"J & D Electric & Solar LLC",(469) 865-7418,Dallas,TX,jdelectricsolar.com,4.8,5
"W Energy Software",(877) 472-9600,Houston,TX,wenergysoftware.com,4.2,5
"Charlie's Machine & Welding",(806) 374-1200,Amarillo,TX,www.charliesmachineweldingamarillo.com,4.2,5
"Elite Solar ARP Solutions",(915) 262-6507,El Paso,TX,elitesolararp.com,4.2,5
"NextGen Solar LLC",(832) 314-9207,El Paso,TX,nextgensolar.com,5,5
"Solar Supply LLC",(409) 833-7438,Beaumont,TX,www.solarsupply.us,4.2,5
"Veterans Solar Panel Cleaning Solutions",(325) 721-2633,,TX,vetsolarpanelcleaning.com,5,5
"Loyola Live Solar & Construction LLC",(833) 957-6527,Dallas,TX,loyola-constructions.com,5,5
"ION Electrical Services",(512) 608-8935,Hutto,TX,www.ionservice.net,5,5
"Solar Power Systems Odessa",(432) 356-2787,Odessa,TX,www.solarpowersystemstexas.com/location/Odessa,5,5
"Crone Roofing",(325) 238-5964,Abilene,TX,croneroofing.com/https://croneroofing.com/?utm_source=google&utm_medium=organic&utm_campaign=gmb-primary-link-abilene,5,5
"Solar Sandhu Inc",(817) 807-3594,Houston,TX,solarsandhu.com,5,5
"Capitol Screen Company",(512) 423-7000,,TX,www.capitolscreens.com,5,5
"HelioPro Solar Screens",(361) 742-7245,Corpus Christi,TX,,5,5
"Unlimited Solar & Roofing",(956) 257-3479,,TX,unlimitedsolarandroofing.com,5,5
"LoneStar SkyPower",(817) 717-7450,Fort Worth,TX,lonestarskypower.com,1.8,5
"Green Planet Services",(956) 204-1205,Brownsville,TX,,4.2,5
"Simple Solar",(888) 839-7657,Frisco,TX,gosimplepower.com,4.2,5
"Saving Energy Solutions LLC",(956) 450-7753,McAllen,TX,www.savingenergysolutions.com,5,5
"Nexus Integrity Management, LLC",(361) 334-0308,Corpus Christi,TX,www.nexusintegrity.com,4.2,5
"Endless Energy LLC",(432) 266-8316,Andrews,TX,,5,5
"CM Closet Design",(210) 386-9907,,TX,www.cmclosetdesign.com,5,5
"BHI Energy",(800) 225-0385,Norwell,TX,www.bhienergy.com,2.4,5
"Tesla solar Houston",(346) 450-8198,Houston,TX,www.tesla.com/findus/location/store/houstongalleria,5,5
"DPT Laboratories Ltd.",(210) 476-8100,San Antonio,TX,dptlabs.com,5,5
"Fusion Power",(844) 387-6797,Dallas,TX,www.fusionpowerco.com,4.2,5
"Aeos Energy, LLC.",(469) 430-8841,Plano,TX,aeos.energy,5,5
"Danzavida De San Antonio Dance Company",(210) 326-2893,San Antonio,TX,www.danzavidasa.com,5,5
"Evo Solar Group",(248) 376-5866,Dallas,TX,,4.2,5
"A J Monier Service Co.",(210) 223-9151,San Antonio,TX,www.ajmonier.com,4.2,5
"Viva Energy Services LLC",(432) 552-0800,Andrews,TX,vivawsc.com,4,4
"ATI Energy Group Inc.",(281) 839-7601,Baytown,TX,www.atiegroup.com,3.5,4
"Double R Electric ACQ",(972) 485-6181,Mesquite,TX,www.doublerelectricacq.com,4.5,4
"The Fairways by Meritage Homes",(949) 372-4803,Beaumont,TX,www.meritagehomes.com/state/ca/southern-ca/meritage-homes-the-fairways,5,4
"Burns Roofing & Remodeling",(972) 250-3380,,TX,burnsroofing.com,5,4
"Solar Supply",(956) 687-8551,McAllen,TX,www.solarsupply.us,3,4
"Detach Pros",(512) 887-8421,,TX,detachpros.com,5,4
"IES Electrical Contracting and Service",(956) 725-0166,Laredo,TX,www.iesci.net,5,4
"De Gala Electric & Neon Signs",(915) 263-2288,,TX,degalaelectricandneonsigns.com,5,4
"eco-NRGY Solutions",(817) 773-4217,,TX,www.eco-nrgy.com,5,4
"I want Solar",(332) 270-1687,,TX,www.iwantsolar.us,5,4
"GP Solar Screen",(956) 217-9399,Pharr,TX,www.gpsolarscreen.com,5,4
"PM Roofing and Repair LLC",(214) 998-0520,,TX,www.pmroofingandrepair.com,5,4
"Spears Refrigeration",(817) 654-2222,,TX,www.spearsrefrigeration.com,5,4
"Texas Solar Farms",(832) 616-8538,Houston,TX,texasolarfarm.com,5,4
"Tesla Solar Austin",(254) 318-5778,Austin,TX,www.tesla.com/findus/location/service/austin500,4,4
"Raising Kane Media + Marketing",(210) 605-6438,San Antonio,TX,cmo.raisingkanemedia.com,5,4
"Solur Power",(956) 304-1440,McAllen,TX,solurpower.com,5,4
"Solar Ape",(915) 203-0478,El Paso,TX,,5,4
"Solar Turbines Inc.",(432) 694-6106,Midland,TX,,4.3,4
"R.A.M Electrical Systems LLC",(214) 577-9982,Plano,TX,www.ramelectricalsystems.com,5,4
"Solar Guru Inc",(866) 967-9927,,TX,solarguruinc.com,5,4
"red diamond energy",(325) 690-0053,Abilene,TX,www.reddiamondenergy.net/contact.html,2.3,4
"RESCREENING FOR YOU",(915) 588-0751,El Paso,TX,rescreeningforyou.com,4,4
"Cascade Coast Construction and Solar",(541) 961-5606,,TX,www.cascadecoastsolar.com,5,4
"Sunsout Solar",(800) 674-3318,Plano,TX,,4,4
"Mega Watt Solar",(214) 326-0763,,TX,megawattsolar.com,5,4
"OutdoorEX",(855) 855-9597,Carrollton,TX,,4.5,4
"SOLARIT®",(855) 917-6527,Houston,TX,solarit.org,5,4
"SolarFIX Electrical Services",(737) 888-5242,Austin,TX,solarfixtx.com,4.8,4
"New Generation Solar/Roofing",(956) 266-9219,San Benito,TX,ngsroofing.com,3,4
"DD Custom Contractors",(469) 644-6351,Little Elm,TX,www.ddcustomcontractors.com,5,4
"Dallas Solar Consultant",(972) 581-9394,,TX,www.dallassolarconsultant.com,5,4
"C.A.M. Solar Inc",(844) 912-4868,,TX,www.gocamsolar.com/?utm_source=GMB&utm_medium=organic&utm_campaign=roundrock,2,4
"Houston Solar Energy",(713) 697-6527,Houston,TX,www.houstonsolarenergy.com,5,4
"Total Home Electric",(512) 293-6386,,TX,totalhomeelectrical.com/?utm_source=google&utm_medium=organic&utm_campaign=GMB,5,4
"Colton Electrical Services",(512) 312-7961,Round Rock,TX,,4.3,4
"Amp Solar Squad",(806) 687-7267,Lubbock,TX,,4,4
"Tuff Electric",(682) 554-6426,Fort Worth,TX,,5,4
"Parklane Landscaping",(210) 239-6715,San Antonio,TX,,3.3,4
"Aesthetix Energy Solutions",(432) 217-0038,Midland,TX,,5,4
"HOP Solar Energy",(915) 525-9738,El Paso,TX,hopsolarenergy.com,5,4
"Velocity Solar Energy",(813) 280-4291,,TX,velocitysolarenergy.com,4,4
"Affordable Water Well",(940) 368-1210,Denton,TX,www.affordablewaterwell.com,4.8,4
"Texas A&m Agrilife Extension",(979) 314-8200,Waco,TX,agrilifeextension.tamu.edu,5,4
"Oil States Energy Services",(432) 560-4095,Midland,TX,www.oses.com/Home-1426.html,5,4
"All American SWD Roofing",(806) 576-6658,Amarillo,TX,,5,4
"3P Home Solutions",(580) 367-5525,,TX,,4.8,4
"TEXAS CLEAN ENERGY ASSOCIATION",(713) 261-0399,Atascocita,TX,,5,4
"Grubb Engineering, Inc.",(210) 658-7250,San Antonio,TX,grubbengineering.com,2,4
"Benchmark Electrical Solutions",(432) 272-6316,Odessa,TX,benchmarkelectricalsolutions.com,3.8,4
"1876 Energy",(512) 858-8276,Austin,TX,www.1876energy.com,3.3,4
"Logic Solar",(512) 877-4622,,TX,,5,4
"David Energy Systems",(914) 909-3940,New York,TX,www.davidenergy.com,3.3,4
"Energy Service Partners of Texas",(866) 865-4559,Farmers Branch,TX,www.joinesp.com/texas,4,4
"SolarTech Innovations and lighting",(817) 862-1143,Fort Worth,TX,,5,4
"Solar-Link",(855) 765-2785,Nacogdoches,TX,solarlinkglobal.com,5,4
"Pro Builder LLC",(956) 791-6060,Laredo,TX,www.probuilderinc.com,5,4
"Dallas Sustainable Solar",(469) 757-3482,Dallas,TX,,5,3
"All Around Glass and Screen",(469) 336-0655,,TX,,5,3
"Synergy Solar, LLC",(682) 712-8833,Dallas,TX,www.synergysolartx.com,3.7,3
"BROKS Home Ecential services",(956) 292-8016,Edinburg,TX,,5,3
"Parabella Roofing",(512) 506-0622,Austin,TX,www.parabellaroofing.com,5,3
"Bethel Roof LLC",(430) 302-3703,Dallas,TX,www.bethelroof.com,3.7,3
"Piña Pools",(432) 813-6703,Odessa,TX,www.pinapoolstexas.net,5,3
"Texan Integrity Gene Brown",(469) 563-3833,,TX,,5,3
"Solar Electric Co",(575) 523-6633,Las Cruces,TX,www.solarelectriclc.com,5,3
"Ignition Solar",+1 469-797-0970,,TX,www.ignitionsolar.com,5,3
"iRoof and Restoration",(817) 776-4011,Southlake,TX,www.iroofrestoration.com,5,3
"Hill Country Roof Royale",(737) 249-9211,,TX,,5,3
"Inferno Solar Cleaning",(432) 413-3792,,TX,,5,3
"None Better Electric",(402) 430-8673,,TX,sites.google.com/view/nonebetterelectric/home,5,3
"Titán solar power",(855) 729-7652,El Paso,TX,titansolarpower.com,1,3
"Vantage Point Solar",(915) 249-5910,El Paso,TX,www.vantagepointsolar.com,5,3
"Texas Solar Power Systems of Cedar Hill",(469) 848-3575,,TX,www.texassolarpowersystems.com/location/Cedar-hill/?utm_source=Cedarhill_GMB,5,3
"Contracting Now",(972) 333-0883,Flower Mound,TX,contractingnow.io,5,3
"Kore Solar Screens",(210) 201-6362,,TX,koresolarscreens.com,5,3
"Lightening Electric Dallas",(469) 874-6320,Dallas,TX,,5,3
"Core Four Roofing",(972) 392-2683,Flower Mound,TX,www.corefourroofing.com,5,3
"Industrial Sales",(915) 588-8324,,TX,indust-sales.com,5,3
"PEOPLE'S CHOICE SOLAR",(888) 893-8002,McAllen,TX,,2.3,3
"Heflin Water Works",+1 979-865-0083,Bellville,TX,,5,3
"Jaime Crouse Solar Energy Consultant",(903) 330-6446,Whitehouse,TX,powur.com/james.crouse/solar,5,3
"One World Roofing & Renovation",(469) 592-7663,Dallas,TX,www.1wroofing.com,3.7,3
"Window Film Depot - Home & Commercial Window Tint",(469) 607-1480,Dallas,TX,www.windowfilmdepot.com/locations/texas/dallas-fort-worth,5,3
"Electric Tech",(806) 632-6850,,TX,,3.7,3
"Ramsey Building Solutions, LLC",(817) 894-2447,,TX,,5,3
"Burleson Electric",(325) 480-1717,Abilene,TX,abileneelectricalcontractor.org,3.7,3
"RODENTS EXTERM & INSULATION LLC",(972) 804-6456,Fort Worth,TX,rodentsextermandinsulationllc.com,5,3
"Solar Power Bros, Denton, Tx USA",(214) 514-4418,,TX,,3.7,3
"Sun City Solar",(915) 240-3365,,TX,,1,3
"Prominent Solar Corporation",(832) 770-4452,Houston,TX,www.prominentsolarcorp.com,5,3
"Texas Roofing and Solar",(281) 317-0896,,TX,www.texasroofingsolar.com,2.3,3
"Desire Cement & Terrazzo Tile | Premier Manufacturer",(210) 798-2288,San Antonio,TX,www.desiretile.com,3.7,3
"The Halo Crew",(281) 819-3360,Houston,TX,thehalocrew.com,3.7,3
"SouthWest Electronic Energy",(800) 231-3612,Missouri City,TX,www.swe.com,3.7,3
"SunPro Windows Siding Painting",(817) 730-3266,Arlington,TX,sunprotx.com,5,3
"A&W Construction",(817) 992-7766,Hurst,TX,awremodel.com,5,3
"Texas Solar Pros, llc",(281) 598-6178,Stafford,TX,,2.3,3
"Simple Power",(214) 230-4000,Allen,TX,gosimplepower.com,5,3
"Oak Point Electric",(469) 777-6495,,TX,,5,3
"Aggreko Rental Solutions - Dallas",(972) 882-9046,Cedar Hill,TX,www.aggreko.com/en-us/?utm_source=gmb&utm_medium=organic&utm_campaign=aggreko_GMB_listings,3.7,3
"Open Road Renewables",(512) 524-1195,Austin,TX,openroadrenewables.com,3,3
"Sunroof USA",(512) 666-4866,Austin,TX,sunroof.energy,5,3
"G&C Optimization",(361) 444-5811,Corpus Christi,TX,gcoptimization.com,5,3
"Mammoth Roofing And Solar of Marble Falls",(830) 850-4124,Marble Falls,TX,www.mammothroofs.com,5,3
"Professional Choice Remodeling",(210) 833-8530,San Antonio,TX,professionalchoiceremodeling.com,5,3
"Beacon Hill Landscaping & Lawn Care",(210) 574-8607,San Antonio,TX,,5,3
"Green Frog Systems",(214) 838-7010,Plano,TX,greenfrogsystems.com,5,3
"Allied Hand Dryer",(210) 733-5918,San Antonio,TX,www.handdryer.com/?utm_source=Google&utm_medium=GMB&utm_campaign=GMB,5,3
"Renewable Solar Energy, LLC",(512) 217-1307,,TX,,5,3
"Mojo Electric and Solar",(903) 718-9162,Trenton,TX,www.mojo-electric.com,5,3
"Apex Roofing & Solar",(469) 396-4022,Lavon,TX,apexroofingandsolar.com,5,3
"Bolt Monkey Electrical LLC",(469) 512-9573,Dallas,TX,boltmonkeyelectrical.com,5,3
"J.v. Roffing. And solar panel system",(956) 510-4655,San Juan,TX,,5,3
"Greater Edwards Aquifer Alliance",(210) 320-6294,San Antonio,TX,aquiferalliance.org,5,2
"SUNergize",+1 832-400-2700,Houston,TX,www.sunergizeusa.com,5,2
"Solar Geeks",(833) 337-3844,Dallas,TX,www.solargeeks.com,3,2
"Real Floors San Antonio",(210) 561-4435,San Antonio,TX,www.realfloors.com,5,2
"NRG Chimney Inspections Experts",(817) 512-1568,Fort Worth,TX,,3,2
"Star Solar TX",(925) 474-4926,,TX,www.starsolartx.com,1,2
"Whitaker Well Services",(806) 681-8486,Amarillo,TX,www.whitakerwellservice.com,5,2
"Elect Energy, Inc.",(972) 447-8255,Dallas,TX,www.electenergy.com,5,2
"J&E Energy Services LLC",(956) 326-8323,,TX,,5,2
"Solar Protection Screens, LLC",(512) 341-2665,,TX,www.solarprotectionscreens.com,3,2
"Clear Energy America",(409) 223-3539,Beaumont,TX,clearenergyamerica.com,5,2
"Global Drone Cinema",(469) 528-1422,,TX,globaldronecinema.com,5,2
"Three Points Roofing and Solar",(214) 471-5124,,TX,www.threepointsroofingandsolar.com,5,2
"Rockstar Power",(737) 808-4070,,TX,,5,2
"Cycle Solar",(512) 298-3897,Austin,TX,www.cyclesolar.com,5,2
"Eco Roof",(214) 773-2147,Dallas,TX,www.myecoroof.com,5,2
"Exeltech Inc",(817) 595-4969,Fort Worth,TX,exeltech.com,5,2
"Sustainable Edge Construction & Roofing",(210) 699-1400,San Antonio,TX,www.sustainableedgeroofing.com,5,2
"Remington Insulation and Ventilation",(214) 542-7711,,TX,remingtonsolar.com/installation/tx/dallas,5,2
"Smart Energy Management LLC",(210) 987-7954,Laredo,TX,,3,2
"L & M Border Services",(956) 722-5847,Laredo,TX,,5,2
"Newcastle Homes",(361) 834-5354,Corpus Christi,TX,www.newcastlehomescc.com,5,2
"Solar Solution TX",(972) 890-8688,Irving,TX,,5,2
"NewLite Solar",(512) 233-8220,,TX,newlitesolar.com,5,2
"RRC Power & Energy",(512) 992-2087,Round Rock,TX,rrccompanies.com,5,2
"Shursave Energy LLC",(281) 660-2487,,TX,shursaveenergy.com,5,2
"P1 Roofing & Construction",(214) 448-8607,,TX,www.p1roof.com,1,2
"Spear Commercial and Industrial",(512) 676-5831,New Braunfels,TX,www.spearcommercial.com,5,2
"Harnessed Solar",(336) 953-9664,,TX,harnessedsolar.com,5,2
"Rabalais I & E Constructors",(210) 333-1560,San Antonio,TX,www.rabalais.com,4.5,2
"Onward Solar",(214) 888-6903,Dallas,TX,onwardsolarenergy.com,5,2
"Ryte Roofing",(214) 449-0335,,TX,rytesolution.com,5,2
"Tindol Construction LLC",(325) 646-2010,Brownwood,TX,tindolconstruction.com,5,2
"Evolve Roofing & Exteriors, LLC",(817) 614-7004,Forney,TX,,5,2
"Luminary Solar",(619) 354-9415,,TX,,5,2
"HM3 Engineering Consultants, LLC",(210) 393-1840,San Antonio,TX,hm3engineering.com,4.5,2
"Sunnly.",(832) 648-2933,,TX,,5,2
"Sheffield Metals International",(877) 853-4904,Arlington,TX,www.sheffieldmetals.com,4.5,2
"D-Tyl Electric",(361) 275-8100,Cuero,TX,www.dtylelectric.com,5,2
"United Commercial Energy Partners",(469) 646-4380,Frisco,TX,www.ucepartners.com,5,2
"SYNCRO Architecture Studio",(210) 548-2901,San Antonio,TX,syncrostudio.com,4.5,2
"Solid Rock Corporation",(903) 876-3370,Frankston,TX,solidrock-corp.com,4.5,2
"Power Wizard",(855) 477-1056,Plano,TX,powerwizard.com/?utm_source=google&utm_medium=gmb&utm_campaign=plano-gmb,3,2
"EnLight.Energy",(512) 774-4633,,TX,www.enlight.energy,5,2
"Lubbock Solar Install Experts",(806) 425-4386,Lubbock,TX,,3,2
"The Solar Captain",(713) 305-4646,,TX,www.powur.com/t.j.west,5,2
"NuPower Systems & Services",(817) 821-5465,,TX,nupower-electric.com,5,2
"AMax Energy",(214) 336-5167,,TX,www.amaxenergy.com,5,2
"Dream Home Services",(956) 243-2401,Brownsville,TX,servicesdhs.com,5,2
"K-2 Electric, Inc",(817) 808-5278,Azle,TX,www.k-2electric.com,5,2
"Sector 7 Energy",(469) 838-5811,Houston,TX,www.sector7energy.com,5,2
"HomePal",(888) 818-9484,Dallas,TX,www.myhomepal.com,3,2
"Tamez Refrigeration AC & Heating",(210) 884-5059,San Antonio,TX,www.tamezrefrigerationac.com,3,2
"NeoSun Solar Systems",(972) 845-1401,Plano,TX,,1,2
"Alto Roofing & Home Improvements",(214) 966-0417,,TX,altohomeroofing.com,5,2
"Draco Energy",(432) 924-7102,Midland,TX,www.dracoenergy.net,3,2
"RobCo Construction",(325) 665-0080,Abilene,TX,www.robco-construction.com,3,2
"BlueSolar",(469) 708-0287,Dallas,TX,,5,2
"Golden Spread Electric Cooperative, Inc.",(806) 379-7766,Amarillo,TX,www.gsec.coop,5,2
"E & S River Farm Ltd",(956) 686-8868,McAllen,TX,,4.5,2
"Langy Solar Lights",(972) 265-9097,Richardson,TX,langy-energy.com,3,2
"Southwest Solar Initiative",(915) 455-7446,,TX,sri.solar,5,2
"Drew Electric",(817) 748-2774,Arlington,TX,,3,2
"The Newtron Group",(225) 927-8921,Baton Rouge,TX,thenewtrongroup.com,2.5,2
"American Site Builders",(806) 553-2703,Amarillo,TX,americansitebuilders.com,4,2
"TX Foam Energy",(903) 532-2645,Caddo Mills,TX,txfoamenergy.com/contact-us,5,2
"American Array Solar",(844) 347-6527,Dallas,TX,www.americanarray.com,5,2
"Sunlight Energy Company",(512) 914-1128,,TX,www.sunlightenergycompany.com,5,2
"South Texas Solar Pros",(956) 300-1101,,TX,www.southtexassolarpros.com,5,2
"Evolution Plumbing Royse City",(972) 332-5983,,TX,waterheatersinplano.com,3,2
"Global Solar Group Dallas",(817) 229-1736,Plano,TX,www.globalsolargroup.co,3,2
"Origis Services",(512) 287-7424,Austin,TX,origisservices.com,3,2
"Nadar Drone Aerial Photography & Inspection",+1 346-237-4219,,TX,www.nadardrone.com/houston-tx/?utm_source=local&utm_campaign=gpb&utm_content=tx-houston,5,2
"Four G Roofing",(817) 403-2940,Denton,TX,www.fourgroofing.com/?roofing=,5,2
"LRS Engineering",(252) 764-7382,Corpus Christi,TX,,5,2
"HOLT Renewables Commercial Solar",(512) 382-2999,Austin,TX,holtrenewables.com/?utm_source=gmb&utm_medium=yext,5,2
"Natural Light Company",(402) 483-1500,,TX,www.naturallightco.com,4,2
"Solar Technology and Recovery",(361) 219-3213,Alice,TX,solartechnologyandrecovery.com,5,2
"Solar Panels San Antonio",(210) 941-4292,,TX,,5,2
"Storm Pros",(214) 227-2763,,TX,www.storm-pros.com,5,2
"BYND Energy",(469) 209-5286,Plano,TX,beyondhome.solutions,5,2
"Energy provider - Servicio de luz , Independent Contractor",(956) 903-5407,,TX,,5,2
"KiloWatt Solar - Houston",(713) 635-9094,Houston,TX,,5,2
"Hyperion Digital Solutions",(469) 247-8014,McKinney,TX,gohds.co,5,2
"SolarTech Energy Solutions, LLC",(806) 787-2533,Lubbock,TX,solartechtx.com,3,1
"SUNFINITY USA",(214) 307-4069,Irving,TX,,5,1
"American Integrated Security Group | Texas",(903) 877-1776,Tyler,TX,www.aisg-online.com,5,1
"STX Construction Services LLC",(956) 225-4835,Edinburg,TX,stxconstructionservices.com,5,1
"Yotta Energy Inc.",(512) 856-7788,Austin,TX,www.yottaenergy.com,5,1
"Rcm Global Energy Consultants",(915) 256-3676,,TX,rcm-global-energy-consultants.ueniweb.com/?utm_campaign=gmb,1,1
"Clean Energy Services (CES)",(713) 588-0058,Houston,TX,www.cesrenewables.com,5,1
"Flexsolar",(800) 620-1249,Austin,TX,flexsolarenergy.com/pages/contact-us,5,1
"Solar Alternatives, Inc.",(281) 374-1446,Houston,TX,www.solalt.com/?utm_source=google&utm_medium=gmbhome&utm_campaign=Houston&utm_term=SolarEnergyContractor&utm_content=idgmb,5,1
"King of Solar Screens Waco",(254) 304-2101,,TX,,5,1
"Watson Screening and Repair",(817) 992-6935,Pflugerville,TX,screenwork.wixsite.com/watson-screening,5,1
"Fast Sunpanels LLC",(404) 207-9065,Dallas,TX,fastsunpanelsllctx.com,5,1
"One Sun Home",(512) 675-7200,Buda,TX,,1,1
"Aspect Management Group LLC",(972) 360-8518,,TX,,5,1
"EndurEnergy Systems",(888) 323-6387,Allen,TX,www.endurenergy.com,5,1
"Axton Solar",(276) 209-2922,Irving,TX,www.axtonsolarva.com,5,1
"Infinity Water & Home Solutions",(956) 645-1422,Laredo,TX,infinitywaterhomesolutions.com,5,1
"Fence Installation Houston",(713) 597-7472,Houston,TX,www.elevationrr.com,3,1
"Ceiba Energy",(346) 446-4596,Houston,TX,www.ceibaenergy.com,5,1
"Optimum Home",(832) 981-3911,Houston,TX,optimumhome.org,5,1
"Amicus Solar",+1 303-872-9116,Boulder,TX,amicussolar.com,5,1
"Belltown Power Texas",(972) 656-9180,Dallas,TX,belltownpowertexas.com,5,1
"The Solar Cowboys",(469) 999-7462,,TX,www.solarcowboys.org,5,1
"Veritas Installers",(817) 886-6669,Lewisville,TX,www.veritasinstallers.com,5,1
"Texas Solar Energy Program",(214) 210-2919,Coppell,TX,,5,1
"SHINE Partners",(800) 516-4452,Flower Mound,TX,shine.partners,1,1
"Kellam Solar",(830) 253-4515,Ben Wheeler,TX,solarkingslasvegas.xyz,5,1
"PVInsight Inc",(732) 261-6455,Plano,TX,pvinsightinc.com,5,1
"Solar RNR",(469) 259-7800,Dallas,TX,solarrnr.com,5,1
"Janta Power",(469) 649-7811,Dallas,TX,www.jantaus.com,5,1
"Big Texan Solar - Arlington Solar Service Provider",(817) 533-7087,,TX,www.bigtexansolar.com/service-areas/arlington/?utm_source=gbp&utm_medium=gbph&utm_campaign=arlington,5,1
"Zencore Solar",(972) 802-8898,Dallas,TX,zencoresolar.com,5,1
"Yes Electricity",(833) 874-5744,Watauga,TX,www.yeselectricity.com,5,1
"Casa Solar",(956) 371-8509,Mission,TX,,5,1
"Imagine Solar",(512) 443-5725,Austin,TX,imaginesolar.com,5,1
"Mammoth Contracting",(888) 487-6637,Lubbock,TX,www.mammothroofs.com,5,1
"NexGrade Engineering",(325) 455-1560,Abilene,TX,www.nexgrade.com,5,1
"Energy Bandits",(806) 881-9684,Amarillo,TX,energybandits.com,1,1
"EP Solar and Water Filters",(915) 499-8023,,TX,windowtreatmentelpaso.com,5,1
"Classic Solar Panels Cleaning",(817) 733-5282,Fort Worth,TX,classicscleaningservices.com/location.html,5,1
"Dynamic Solar installation",(817) 697-0264,,TX,,5,1
"Tecma Group",(915) 534-4252,El Paso,TX,www.tecma.com/?utm_source=local&utm_medium=organic&utm_campaign=gmb,5,1
"Newco Electric Builders (Neb)",(915) 850-4694,El Paso,TX,,5,1
"Texas Solar Girl",(512) 971-0313,Austin,TX,www.texassolargirl.com,5,1
"JK Technology & Security Services",(361) 405-9506,Goliad,TX,,5,1
"Texas Off Grid",(512) 921-6762,Buda,TX,,5,1
"Alamo City Tech",(210) 920-1963,San Antonio,TX,,5,1
"Credible Solar",(210) 972-9294,Kyle,TX,www.crediblesolar.com,1,1
"Stevans Construction & Fine Homes",(432) 352-1834,,TX,stevansfinehomes.com,5,1
"Sonic Systems",(281) 531-7611,Wilmington,TX,www.sonicsystems.com,5,1
"SAISD Foundation",(210) 554-2235,San Antonio,TX,www.saisdfoundation.com,3,1
"Smart Energy Team | Affordable Home Solar Panels Installation, Solar Energy Equipment Specialist Services",(402) 275-8255,,TX,,5,1
"Joseph A Acker Agency",(210) 223-1700,San Antonio,TX,www.insurancejoe.com,5,1
"Solar Screens - C6 Solar Control (Recommended)",(254) 981-6234,,TX,,5,1
"Best Insulation:",(210) 760-0660,San Antonio,TX,www.truteam.com/branches/tx/san-antonio/398,5,1
"Davco Custom Builder",(210) 347-5216,,TX,,5,1
"Rios Painting & more llc",(210) 319-9960,,TX,,5,1
"Coker Estate Liquidators",(210) 736-9244,San Antonio,TX,,5,1
"Hsc Electric Co",(210) 735-1560,San Antonio,TX,,1,1
"Geldard Technologies, LLC",(817) 838-8787,Haltom City,TX,www.geldardtechnologies.com,5,1
"MVA Solar Solutions,LLC",(214) 713-1888,Grand Prairie,TX,,5,1
"AC Installation San Antonio",(830) 239-5087,,TX,,1,1
"Vantage Point Solar",(210) 725-0124,San Antonio,TX,www.vantagepointsolar.com,5,1
"Affordable Siding & Windows",(210) 733-6599,San Antonio,TX,affordablesidingandwindows.com,5,1
"Elite Solar",(214) 970-5198,,TX,elite-solar.ueniweb.com/?utm_campaign=gmb,1,1
"Sendero Energy Services",(713) 868-6960,Houston,TX,www.senderoenergyservices.com,5,1
"Militia Solar LLC",(346) 487-6527,Houston,TX,www.militiasolar.com,5,1
"Jamco Ventures LLC",(210) 270-7609,San Antonio,TX,,5,1
"Ambassador Energy of North Texas",(214) 478-1990,Dallas,TX,www.facebook.com/LocalEnergyBrokers,5,1
"EDH Film Group",(972) 210-8438,Dallas,TX,edhfilmgroup.com/window-tinting-dallas-texas,5,1
"Texas Elite Roofing & Solar",(888) 839-6102,Mansfield,TX,,5,1
"Expert Energy",(800) 930-8663,Dallas,TX,clearpowerchoice.com,1,1
"4 SEASONS Solar Powered Vents",(214) 377-8921,Dallas,TX,www.4seasonsvents.com,5,1
"Greeniverse",(888) 866-5756,Denton,TX,greeniverse.com,5,1
"South Texas Solar Los Fresnos",(956) 300-4431,,TX,southtexassolarpros.com/los-fresnos-texas,5,1
"Dallas Solar Installers",(469) 757-3486,Dallas,TX,,5,1
"Indie Solar VANOPY",(512) 270-1786,Austin,TX,indie-solar.com,5,1
"Solar Power Technologies",(432) 924-2626,,TX,powur.com/whysolar?ref_id=107203,3,1
"IHS Solar & Construction",(469) 744-5660,Princeton,TX,,5,1
"Ramex C&R, LLC",(361) 215-6525,,TX,,5,1
"Abdiel Butron",(830) 217-3002,Arlington,TX,,5,1
"Solar-Men",(706) 699-1325,McKinney,TX,,5,1
"C.R. Best Quality ADT Solar Affiliate",(432) 978-2887,Odessa,TX,,1,1
"Houser Solar Services",(432) 813-2104,Odessa,TX,,5,1
"Emnova Roofing LLC",(682) 407-9682,Arlington,TX,,5,1
"Synaptic Solar",(972) 643-8655,Midland,TX,synapticsolar.com,5,1
"Permian Solar",(432) 689-8186,Midland,TX,permiansolar.com,5,1
"Private Power Solutions",(806) 553-1208,Amarillo,TX,,5,1
"915 Solar",(915) 831-0653,El Paso,TX,915solarep.com/contact,1,1
"Elysium Solar and More",(575) 214-4333,Canutillo,TX,goelysium.com,5,1
"Solar Cowboys: West Texas Energy Outlaws",(806) 503-2121,,TX,www.solarcowboys.org,5,1
"NMPROlectric",(575) 956-3990,,TX,nmprolectric.com,5,1
"Solar Panel Austin",(512) 399-4568,Austin,TX,,5,1
"Texas HEAT",(972) 853-3971,Forney,TX,,5,1
"WESCO Distribution",(903) 757-4290,Longview,TX,www.wesco.com,5,1
"Cornerstone Construction - Roofing & Solar",(337) 483-1789,Lake Charles,TX,,5,1
"Affordable Electricity - Ambit Energy",(806) 544-8857,Lubbock,TX,akitten.myambit.com,1,1
"Mr. Valet Rockwall Roofing",(469) 314-4101,,TX,,5,1
"Sun Stream USA",(682) 232-2000,Addison,TX,,5,1
"BJ Energy Solutions",(346) 867-8900,Spring,TX,www.bjenergy.com,5,1
"Big Texan Solar - Irving Solar Service Provider",(214) 296-9215,,TX,www.bigtexansolar.com/service-areas/irving/?utm_source=gbp&utm_medium=gbph&utm_campaign=irving,5,1
"Camey Xteriors",(972) 900-8969,,TX,www.cameyxteriors.com,5,1
"RC CITY",(254) 294-6762,,TX,www.rccity.us,5,1
"E&D Premier Roofing",(469) 309-6581,Garland,TX,edpremierroofing.com,5,1
"Green Gold Electric, LLC",(713) 487-5054,,TX,www.greengoldelectric.com,5,1
"EnVolt Renewable Energy",(609) 666-4077,,TX,envoltenergy.com,5,1
"JV Solar Solutions, LLC.",(915) 472-1045,,TX,jv-solar-solutions-llc.ueniweb.com/?utm_campaign=gmb,5,1
"Rami solutions LLC",(915) 494-2147,,TX,,5,1
"Solar Installers TX",(682) 999-0953,,TX,solarinstallerstx.com,5,1
"Texas Solar Power Systems",(915) 233-6046,El Paso,TX,texassolarpowersystems.com,5,1
"Texas Solar Store",(832) 677-5299,Houston,TX,,5,1
"Affluent Exteriors",(713) 489-6412,Houston,TX,www.affluentexteriors.com,5,1
"Pearce Renewables",(469) 702-8008,,TX,www.pearce-renewables.com,5,1
"Mills Systems Solutions",(254) 309-4357,Farmers Branch,TX,,5,1
"Brock Solutions",(972) 373-2500,Irving,TX,www.brocksolutions.com,5,1
"Atma Energy",(832) 410-1046,Houston,TX,atma-energy.com,2,1
"Eaton Corporation",(972) 242-6442,Carrollton,TX,www.eaton.com/us/en-us.html,5,1
"PulseTech",(817) 329-6099,Flower Mound,TX,www.pulsetech.com,5,1
"Abeco Contracting Inc",(210) 231-8324,San Antonio,TX,abecocontracting.com,,0
"Border Solar",(915) 875-1305,El Paso,TX,www.bordersolar.com,,0
"Datum Rios, LLC",(210) 469-3699,San Antonio,TX,www.datumrios.com,,0
"JRay Electrical",(512) 981-8215,Austin,TX,,,0
"South Texas Chapter Neca",(210) 226-6331,San Antonio,TX,,,0
"Real Energy Solutions",(432) 687-6700,Midland,TX,,,0
"RockSolar Energy",(512) 846-7757,Round Rock,TX,,,0
"CA Contractors",(210) 910-9928,,TX,,,0
"Pond Innovations",(210) 724-6995,San Antonio,TX,,,0
"WorldPetal Solar Power & Energy",(321) 328-7497,Corpus Christi,TX,,,0
"All Star Backline Rental",(210) 445-1444,San Antonio,TX,allstarbackline.com/contact-us,,0
"Kosmos Solar",(214) 699-7644,McKinney,TX,,,0
"SolarTek Energy of Austin",(512) 268-2800,,TX,www.solartekenergytexas.com,,0
"Apex Onshore Energy Services, LLC",(432) 664-9116,Tyler,TX,www.apexonshore.com,,0
"Kaleo Design",(210) 405-5108,San Antonio,TX,www.kaleo.design/pages/contact-3,,0
"American West Windmill and Solar Company",(888) 535-4788,Abernathy,TX,,,0
"Austin SolarUnion",(512) 737-3443,Austin,TX,,,0
"Solar Proponent",(512) 637-3900,Austin,TX,solarproponent.com,,0
"Austin RV Offgrid",(512) 924-8941,Austin,TX,www.austinrvoffgrid.com,,0
"Solar Injection Systems",(432) 570-8144,Odessa,TX,www.sunpumper.com,,0
"Caldus Energy",(888) 635-7008,Austin,TX,caldusenergy.com/about-us,,0
"Bedrock Contracting",(800) 958-7663,Odessa,TX,,,0
"Power Up Green Energy, LLC",(432) 201-1154,,TX,powerupgreen.energy,,0
"Blaze Energy",(512) 503-9143,Austin,TX,blazeenergyusa.com,,0
"Abdur Rahman",(512) 563-3913,Austin,TX,,,0
"Milk Solar",(707) 702-6455,Austin,TX,milksolar.com,,0
"EE North America",(737) 203-7425,Austin,TX,www.eenorthamerica.com,,0
"Vast Energy Group",(909) 488-4429,,TX,www.vastenergy.group/vast,,0
"Houston Solar House",(281) 598-5655,Houston,TX,,,0
"Solarever USA",+52 55 1696 4172,Laredo,TX,solareverusa.com,,0
"Bell Roofing & Solar Providers Houston",(832) 536-5618,,TX,,,0
"Aion Solar Houston",(833) 907-1575,,TX,www.aion.solar/houston-texas,,0
"SoftPaw",(518) 320-2613,Austin,TX,www.softpawpv.com,,0
"RGV Solar Alliance",(956) 636-5019,McAllen,TX,www.rgvsolaralliance.com,,0
"Texas Energy",(888) 393-5944,Houston,TX,,,0
"American Solar and Green Energy",(956) 303-0204,Brownsville,TX,,,0
"You roofers and solar",(310) 384-4387,Arlington,TX,youroofers.com,,0
"Solar Panels for Home - Solar Econo",+1 512-883-8584,,TX,solarecono.com,,0
"Heriberto Energy Solutions, LLC",(737) 307-7712,Fort Worth,TX,,,0
"TexaSolar",(817) 304-4456,Fort Worth,TX,,,0
"Jones Solar LLC",(214) 412-7444,Fairview,TX,www.jonessolar.com,,0
"Longhorn Solar",(512) 837-4800,Pflugerville,TX,longhornSolar.com,,0
"First United Solar",(405) 778-3007,Tyler,TX,firstunitedsolar.com,,0
"Blaze Energy",(903) 433-3923,Tyler,TX,,,0
"EcoThrive Builders",(512) 943-2606,Austin,TX,,,0
"Level Up Roofing",(915) 808-0009,El Paso,TX,lrcnation.com,,0
"Big Wave Energy",(254) 722-5233,Waco,TX,bigwaveenergy.com,,0
"GLI Solar Solutions",(915) 900-5196,El Paso,TX,solarinstallationssocorro.com,,0
"Greentech Renewables El Paso",(915) 317-1770,El Paso,TX,www.greentechrenewables.com/location/el-paso-tx,,0
"Solar Panels Rates - Panels Installation in Denton TX",(940) 204-0841,,TX,,,0
"SunPeak Solar Energy Solutions Denton TX",(940) 242-4636,Denton,TX,,,0
"Southwest Solar LLC",(915) 471-9545,El Paso,TX,www.southwestsolarllc.com/?utm_source=google&utm_medium=wix_google_business_profile&utm_campaign=4323913981633145956,,0
"Single Source Roof",(817) 513-1830,Arlington,TX,,,0
"Wright Way Solar Technologies",(903) 561-5191,Tyler,TX,www.wright-wsq.com,,0
"Texan Glass & Solar Control",(512) 451-8181,,TX,www.texanglassexpress.com,,0
"West Texas Solar",(325) 201-1707,,TX,www.west-texas-solar.com,,0
"My Solar Energy",(512) 582-5175,Austin,TX,www.mysolar.com,,0
"Trinity Solar Power",(210) 620-3694,Laredo,TX,,,0
"Entero Energy",(512) 551-0742,Austin,TX,www.enteroenergy.com,,0
"E-MC Electrical Services",(817) 795-5900,Arlington,TX,www.e-mcservices.com,,0
"Intech Electrical LLC",(817) 405-2425,Fort Worth,TX,www.intechelectrical.com/contact.html,,0
"Solar Alternatives, Inc.",(469) 977-1301,Tyler,TX,solalt.com,,0
"Sun City Solar Panels",(915) 209-7009,El Paso,TX,suncitysolarpanels.com,,0
"Sunspot Solar Power",(469) 609-7030,,TX,sunspotsolarpower.com,,0
"CED Greentech RGV",(956) 382-6230,McAllen,TX,www.greentechrenewables.com/location/rio-grande-valley-tx,,0
"Texas Solar Group",(469) 581-8881,Garland,TX,texassolargroup.com/about-us,,0
"Genius Energy Solutions",(214) 970-2958,Arlington,TX,www.geniusenergysolutions.com,,0
"Roof Experts",(469) 936-7663,,TX,www.roofexperts.com,,0
"Signature Solar",(903) 441-2090,Sulphur Springs,TX,,,0
"SunPower®",(800) 377-4480,,TX,blueravensolar.com/texas/solar-installation-company-in-fort-worth,,0
"Quantum Utility Generation",(713) 485-8600,Houston,TX,,,0
"Wielers Well Solutions",(432) 209-3221,Seminole,TX,,,0
"Residential and Commercial Solar Energy",(915) 339-3788,El Paso,TX,,,0
"El Paso Solar System",(254) 276-1757,El Paso,TX,,,0
"VIP ELPASO Solar Guys",(254) 276-1798,El Paso,TX,,,0
"Jacob Parz",(512) 314-3100,Austin,TX,,,0
"Solar Panel Cleaning",(915) 256-8224,El Paso,TX,solarpanelcleaningtx.com/contact-us,,0
"Texas Solar Guys",(512) 565-4767,Buda,TX,https://texassolarguys.com/,,0
"VBNG Solar Panel & Service",(432) 247-0005,Midland,TX,,,0
"Mathis Solar",(817) 247-7346,,TX,mathissolar.com,,0
"Blaze Energy",(409) 262-3251,Beaumont,TX,,,0
"Niro",(832) 400-4751,Houston,TX,https://mynirobome.com/,,0
"Freedom Solar Power - San Antonio Solar Panel Company & Installers",(726) 210-0159,Schertz,Texas,https://freedomsolarpower.com/locations/san-antonio-solar-company?utm_source=gmb&utm_medium=organic,,0
"Destined Energy",(469) 277-9628,Lewisville,Texas,https://www.destinednrg.com/,,0
"Solar Power Systems Arlington",(817) 774-4819,Arlington,Texas,http://www.solarpowersystemstexas.com/location/Arlington,,0
"GVEC Solar Services",(855) 898-8807,La Vernia,Texas,http://gvecsolarservice.com/,,0
"Harvest Solar Inc",(888) 719-4787,Carrollton,TX,https://www.harvestsolarinc.com/,,0
"Now Energy LLC",(866) 227-1352,Austin,Texas,https://www.nowenergyllc.com/,,0
"Jiles Solar Power, LLC",(830) 401-9972,New Braunfels,TX,https://www.jilesllc.com,,0
"ETW Energy LLC",(210) 201-4453,San Antonio,TX,,,0
"Texas Solar Professional",(469) 581-0008,Monterey,TX,www.texassolarpro.com,,0
"Easy Simple Solar",(512) 200-9444,Austin,Texas,https://easysimple.solar/,,0
"EGO CLAIMS & CONSTRUCTION LLC",(956) 465-0386,Brownsville,Texas,https://egoclaimsconstruction.com/,,0
"American Made Solar and Wind Technologies",(956) 832-3023,Weslaco,Texas,https://amsolarandwind.com/,,0
"Green Solar Savings",(254) 203-5045,Woodway,Texas,https://greensolarsavings.com/,,0
"Lighthouse Solar",(210) 280-8509,San Antonio,Texas,http://www.lighthousesolar.com/,,0
"Got Energy Services LLC",(432) 687-0273,Midland,TX,,,0
"Fort Land & Energy, LLC",(432) 695-6121,Midland,TX,www.fortlandenergy.com,,0
"Universal Solar System",(512) 772-1422,Plano,Texas,https://www.universalsolarsystem.net/,,0
"Backyard Shades LLC",(806) 678-6511,Amarillo,TX,www.backyardshades.com,,0
"Solur Power",(210) 791-0340,San Antonio,Texas,https://solurpower.com/location/san-antonio,,0
"Pure Energy Amarillo",(806) 681-5111,,TX,,,0
"The Solar Maintenance Guys",(682) 346-2225,Bedford,Texas,http://solarmaintenanceguys.com/,,0
"Solar El Paso",(915) 301-8050,El Paso,TX,www.solar-elpaso.com,,0
"Cook Roofing Company",(806) 424-4541,Amarillo,TX,cookroofingbranson.com/cook-roofing-company-amarillo-tx,,0
"Texas Solar Professional",(469) 581-0008,Cedar Hill,Texas,https://www.texassolar.pro/,,0
"Gateway Electric",(956) 568-4484,Laredo,TX,gatewayelectric.us,,0
"Monument Solar",(682) 707-5224,Saginaw,Texas,http://www.gomonumentsolar.com/,,0
"EnergyRey LLC.",(737) 206-0457,Austin,Texas,https://energyreytx.com/,,0
"Solar Electric Texas",(915) 304-0302,El Paso,TX,solarelectrictexas.com/el-paso,,0
"Rankin Roofing & Solar LLC",(817) 554-2064,Southlake,Texas,https://www.rankinroofingandsolar.com/,,0
"Vertical Solutions Solar",(469) 993-9203,Carrollton,TX,www.verticalsolutionssolar.com,,0
"5Estimates.com",(757) 354-4212,Chesapeake,TX,5estimates.com,,0
"Solatube",(254) 773-3431,West,TX,www.solartexonline.com,,0
"Aria Services, Inc.",+1 713-386-5066,Houston,TX,www.aria-corp.com,,0
"Van Energy",(214) 385-0327,Plano,TX,,,0
"Solar Mine",+1 713-931-3336,Katy,TX,solarmineusa.com,,0
"Westco Construction",(469) 212-3261,Frisco,TX,westcoconstruction.us,,0
"Greentech Renewables Corpus Christi",(361) 271-0617,Corpus Christi,TX,www.greentechrenewables.com/location/corpus-christi-tx,,0
"Superb Roofing & Restoration",(830) 240-7318,Canyon Lake,Texas,https://www.superbroofingllc.com/service-areas/roofing-canyon-lake-tx/?utm_campaign=gmb,,0
"Texas Best Solar",(940) 242-1285,Lewisville,Texas,http://www.texasbestsolar.com/?utm_source=google&utm_medium=wix_google_business_profile&utm_campaign=6322427046039916090,,0
"Bright Earth Solar",(817) 682-6463,Irving,Texas,https://www.brightearth.solar/,,0
"Native Solar, LLC",(855) 234-3131,Austin,TX,www.nativesolar.com/,,0
"Solar Power Systems Temple",(254) 414-0625,Temple,Texas,http://www.solarpowersystemstexas.com/location/Temple,,0
"Solar Power Systems College Station",(979) 589-5894,College Station,Texas,http://www.solarpowersystemstexas.com/location/College-Station,,0
"Tesla",(512) 516-8177,Austin,TX,https://thenehues.com,,0
"Signature Solar",(903) 441-2090,Sulphur Springs,TX,,,0
"All Day Electrician Dallas",(800) 860-1458,Dallas,TX,alldayelectrician.com/areas-served/dallas-texas,,0
"Dallas Solar",(972) 441-8230,Dallas,Texas,http://dallassolar.com/,,0
"Standard",(726) 444-5163,San Antonio,Texas,http://standard.com/,,0
"Luminaz Energy",(713) 783-7056,Houston,TX,https://luminazenergy.com,,0
"Sunsolar Solutions",(817) 591-8228,Grapevine,Texas,https://sunsolarsolutions.com/,,0
"Texas Solar Energy",(210) 802-4222,Boerne,TX,https://texsolarenergy.com,,0
"Solar Alliance",(865) 309-4674,San Antonio,TX,SolarAlliance17.com,,0
"Signature Solar",(903) 441-2090,Sulphur Springs,TX,,,0
"Texas Solar",(512) 803-9652,Austin,TX,http://etcsolar.com,,0
"Evolve Solar Installation",(469) 224-5039,Frisco,Texas,https://friscosolarinstallation.com/,,0
"ARC Solar & EV Solutions",(210) 461-8128,Lytle,Texas,http://www.arcsolarevsolutions.net/,,0
"Synergy Electric",(210) 704-7610,San Antonio,Texas,https://synergy-electric.net/,,0
"Metro Electric, Inc.",(956) 831-7801,Brownsville,Texas,http://www.metroelectric-rgv.com/,,0
"Ramirez Innovations LLC",(956) 626-1024,San Benito,Texas,http://ramirezinnovationsllc.com/,,0
"Solar Solutions",(432) 257-5228,,TX,,,0
"SMART PLAN SOLAR",(432) 741-1640,,TX,,,0
"Stephens Solar Solutions",(210) 785-0994,San Antonio,Texas,https://www.stephenssolar.net/,,0
"A7 Auto Pros | Tint | Coatings | Details - Brownsville",(956) 517-7498,Brownsville,Texas,https://a7autopros.square.site/,,0
"AZ-Tex Electrical & Maintenance LLC",(432) 553-2996,,TX,,,0
"Evolve Solar Installation",(469) 297-9013,Duncanville,Texas,https://solarinstallationdallascounty.com/,,0
"E2S Renewables",(713) 393-7659,Houston,TX,,,0
"Prodigy Solar",(210) 905-4445,San Antonio,Texas,https://prodigysolartx.com/,,0
"Freedom Solar Power",(512) 759-8313,Sulphur Springs,TX,,,0
"Sunfinity Solar",(844) 786-3461,Dallas,Texas,https://sunfinity.com/,,0
"Tesla solar",(254) 318-4664,Fredericksburg,TX,https://www.tesla.com/findus/location/store/fredericksburgremotedrive,,0
"Eagle SolarPanels Tiles Installs",(281) 533-6728,Eagle Pass,Texas,,,0
"Sunlane Electric",(210) 414-8695,Boerne,TX,https://sunlaneelectric.com,,0
"TMD SOLAR ENERGY",(956) 435-4991,Brownsville,Texas,,,0
"Evergreen Home Energy",(956) 340-9697,Weslaco,Texas,http://www.goevergreenhome.com/,,0
"RGV Solar",(956) 507-0514,Mission,Texas,http://www.rgvsolarsystems.com/,,0
"Infinergy Wind and Solar",(432) 553-8617,Midland,TX,,,0
"Texas Solar Energy Company",(956) 368-1818,Harlingen,Texas,,,0
"Solar Grids",(713) 560-4809,Houston,TX,solargrids.com/locations/houston,,0
"Solar Electric Texas",(210) 802-4222,San Antonio,Texas,https://solarelectrictexastx.hibuwebsites.com/,,0
"South Texas Roofing",(956) 309-1307,Weslaco,Texas,https://mysouthtexasroofing.com/,,0
"Logans Electric",(956) 382-4651,Brownsville,Texas,https://www.loganselectric.com/contact/,,0
"Alpha Valley Roofing",(956) 304-1403,Weslaco,Texas,https://www.alphavalleyroofing.com/,,0
"Will Power Solar",(210) 446-9879,San Antonio,Texas,https://www.willpowersolarllc.com/,,0
"Owen Roofing Company",(956) 546-6638,Brownsville,Texas,http://www.owenroofingco.com/,,0
"Joe Murillo",(903) 885-0787,Sulphur Springs,TX,,,0
"Derrick Reddell",(903) 885-7571,Sulphur Springs,TX,,,0
"J Ferg Solar",(806) 771-3374,Wolfforth,TX,,,0
"Niro",(832) 756-4800,Pearland,TX,https://mynirobome.com/,,0
"Aresa Home Solutions",(956) 509-7193,Harlingen,Texas,https://usmapet.org/details/aresa-home-solutions-ChIJ5cU,,0
"Greenstar Power LLC",(512) 291-7571,San Antonio,Texas,https://www.greenstarpower.com/sanantonio-tx,,0
"Lightning Master",(800) 749-6800,Midland,TX,www.lightningmaster.com,,0
"SCS Sales Consultant Services",(956) 551-1420,Olmito,Texas,http://scservicestexas.com/,,0
"Sunergy Services LLC",(800) 844-0372,Weslaco,Texas,https://sunergyservices.net/,,0
"Solar Preparatory School for Girls",(972) 749-4300,Dallas,TX,www.dallasisd.org/solarprep,,0
"Solar Electrics Texas",(828) 515-1800,San Antonio,Texas,http://www.solarelectricstexas.com/,,0
"Southern Solar of New Mexico",(575) 644-0868,Las Cruces,TX,www.southernsolarofnm22.com,,0
"Roofing A-1 & Construction Corp",(956) 443-6621,Brownsville,Texas,http://www.roofinga-1andconstructioncorp.com/,,0
"Sustainable Roofing & Solar",(210) 900-1999,San Antonio,Texas,https://sustainableroof.com/,,0
"Hill Country Solar",(512) 924-5525,Fredericksburg,Texas,http://hillcountrysolar.com/,,0
"Magic Valley Elec Co-Op Inc",(866) 225-5683,Mercedes,Texas,http://www.magicvalley.coop/,,0
"Pure Energy",(956) 317-9380,Weslaco,Texas,https://pureenergyvalley.com/,,0
"Silva Roofing & Construction",(956) 336-2816,Brownsville,Texas,https://roofcontractorservice.com/,,0
"Helios Solar and Electric LLC",(575) 502-4155,,TX,www.helioslcnm.com,,0
"DV Rooofing - Midland",(432) 425-1343,,TX,dvroofing.com,,0
"South Texas Solar Systems",(210) 829-5420,San Antonio,Texas,https://txsolarsystems.com/,,0
"View Crystal Solar Contractor",(830) 850-1006,Crystal City,Texas,https://viewcrystalsolarcontractor.com/,,0
"Freedom Solar Power - Austin Solar Panel Company & Installers",(512) 759-8313,Austin,Texas,https://freedomsolarpower.com/locations/austin-solar-company?utm_source=gmb&utm_medium=organic,,0
"CAM Solar",(210) 227-3456,San Antonio,Texas,https://www.gocamsolar.com/,,0
"Solid Structures Inc",(956) 544-5459,Brownsville,Texas,,,0
"Smart Energy Solution",(830) 968-0784,Eagle Pass,Texas,,,0
"SunSmart Solar Helotes",(210) 898-4890,Helotes,Texas,,,0
"Taxout",(915) 900-6795,Las Cruces,TX,,,0
"Five Star Solar",(214) 551-4648,San Antonio,Texas,https://gurrbrothersenergy.com/san-antonio,,0
"Solar 360",(956) 230-6833,South Padre Island,Texas,,,0
"HAR Renewables",(512) 921-6763,Austin,TX,https://harrenewables.com,,0
"Solar Power and Pump Supply",(866) 246-7652,Elk City,TX,solarpowerandpump.com,,0
"Alba Energy",(210) 571-0311,San Antonio,Texas,http://albaenergy.com/,,0
"Solar Edge Pros",(210) 401-9030,San Antonio,Texas,https://solaredgepros.com/,,0
"Soleil Energy Solutions LLC",(726) 800-4301,San Antonio,Texas,https://soleilenergies.com/,,0
"Longhorn Solar - San Antonio",(210) 566-8000,San Antonio,Texas,https://longhornsolar.com/,,0
"Power up Solar 21 LLC",(916) 824-4650,Katy,TX,www.powerupsolar21@yahoo.com,,0
"IES Texas Solar",(956) 797-3148,La Feria,Texas,https://www.iestxsolar.com/,,0
"SDUSA",(888) 853-3645,Brownsville,TX,solardistributionusa.com,,0
"Signature Solar",(903) 441-2090,Lubbock,TX,,,0
"Aptos Solar Technology",(949) 932-0733,San Antonio,Texas,http://www.aptossolar.com/,,0
"RENERGY",(830) 755-8699,Boerne,Texas,http://www.renergysolar.com/,,0
"Freedom Forever",(888) 557-6431,San Antonio,Texas,https://www.freedomforever.com/,,0
"Kenny Electric - Odessa, TX",(432) 208-0640,Odessa,TX,www.kenny-electric.com,,0
"Barr Roofing and Construction",(940) 231-9552,,TX,,,0
"Now Energy LLC",(512) 614-0498,Live Oak,Texas,http://www.nowenergyllc.com/,,0
"Lucria Solar Systems LLC",(325) 425-3306,Dallas,TX,,,0
"Ameresco",(888) 253-7372,Dallas,TX,www.ameresco.com,,0
"Greenbelt Solar",(512) 750-1478,Austin,Texas,http://www.greenbeltsolar.com/,,0
"Greentech Renewables San Antonio",(210) 988-2045,San Antonio,Texas,https://www.greentechrenewables.com/location/san-antonio-tx,,0
"Bahia Mar & Solare Tower",(956) 433-5480,South Padre Island,Texas,http://www.bahiamarmanagement.com/,,0
"Skylar Solar",(214) 908-2553,Arlington,TX,,,0
"Green Star EV and Solar Solutions",(830) 438-3396,San Antonio,Texas,https://www.greenstarsolarsolutions.com/,,0
"Xactman Services LLC",(956) 382-3985,Brownsville,Texas,,,0
".",(972) 841-5579,Grand Prairie,TX,,,0
"Epik Solar of Kerrville",(830) 224-3342,Kerrville,Texas,https://epiksolar.com/locations/Kerrville/,,0
"Vector Force Development",(855) 729-7448,Arlington,TX,vectorforcedevelopment.com,,0
"GreenMT Solar",(806) 334-3150,Lubbock,TX,www.greenmtsolar.com/,,0
"Solar Innovation Experts San Antonio",(726) 204-0230,San Antonio,Texas,,,0
"Houston Solar Experts",(346) 447-7531,Houston,TX,,,0
"Solar Power Home Systems",(956) 422-3033,Harlingen,Texas,,,0
"Solar Panel Company",(956) 357-9751,Weslaco,Texas,,,0
"NUR Green Living Solutions",(956) 800-9498,Mercedes,Texas,,,0
"Life Solar Panels",(210) 608-2508,San Antonio,Texas,http://lifesolarpanels.com/,,0
"liberty energy solutions",(817) 968-8420,Fort Worth,TX,,,0
"Heinz Built Electrical",(682) 259-8980,Desdemona,TX,,,0
"Elevate Electrical Solutions",(210) 913-1115,San Antonio,Texas,https://goelevateelectrical.com/,,0
"Signature Solar",(903) 441-2090,Sulphur Springs,TX,https://signture.com,,0
"Solar Service",(210) 343-2822,San Antonio,Texas,https://solarservice-tx.com/san-antonio/,,0
"Orius Solar Care+",(210) 384-1014,San Antonio,Texas,http://oriusolar.com/,,0
"dtel engineering & consultants",(972) 395-8888,Richardson,TX,dtelcorp.com,,0
"Wilsons Energy",(817) 412-4400,Fort Worth,TX,,,0
"Lux Energy",(830) 308-7475,San Antonio,Texas,http://luxsolarenergy.com/,,0
"Jiles Solar Power and Jiles Roofing",(830) 401-9972,New Braunfels,Texas,http://www.gojiles.com/,,0
"Central Texas Solar",(210) 635-0007,San Antonio,Texas,https://centraltexas.solar/,,0
"Enpower Off-Grid",(737) 379-9299,Austin,TX,www.empoweroffgrid.com,,0
"roofio",(833) 674-7663,San Antonio,Texas,https://roofio.com/,,0
"NATiVE Solar",(855) 234-3131,Dripping Springs,Texas,https://nativesolar.com/,,0
"Signature Solar",(903) 441-2090,Sulphur Springs,TX,,,0
"Best Solar Homes",(866) 999-3974,Buda,Texas,https://www.bestsolarhomes.net/,,0
"Texas Sunrise Solar",(817) 429-4411,Fort Worth,TX,www.sunrise-solar.com/index.htm,,0
"Texas Solar Guys",(512) 565-4767,Buda,Texas,https://texassolarguys.com/,,0
"Dal-Tar Solutions",(817) 217-1196,,TX,daltarsolutions.com,,0
"Texas Energy Experts",(210) 982-0812,San Antonio,Texas,,,0
"Trident Renewables",(512) 781-8156,Austin,Texas,http://tridentrenewables.co/,,0
"Velar Solar",(469) 364-4655,Plano,TX,www.velarsolar.com,,0
"Energy Solutions Llc",(210) 405-7796,San Antonio,Texas,https://www.energysolutions.com/,,0
"Power Home Remodeling",(210) 585-3398,San Antonio,Texas,https://powerhrg.com/,,0
"Urban Solar",(210) 415-8440,San Antonio,Texas,,,0
"Atma Energy",(210) 247-2862,San Antonio,Texas,https://atma-energy.com/,,0
"Quantum Photonics",(903) 920-8148,Tyler,TX,quantumphotonics.com,,0
"Truth Solar Energy",(817) 857-8416,,TX,,,0
"Delta Solar Power",(210) 687-7675,San Antonio,Texas,,,0
"Mission Solar Energy LLC",(210) 531-8600,San Antonio,Texas,http://www.missionsolar.com/,,0
"SOLARWASH",(817) 808-8129,North Richland Hills,TX,,,0
"RGV Electric",(956) 443-3004,Harlingen,Texas,,,0
"Premier Solar Sumter Co.",(936) 246-5253,Nacogdoches,TX,,,0
"Sun Action Trackers LLC",(210) 503-6101,San Antonio,Texas,http://www.sat-energy.com/,,0
"Argus Solar and Construction",(210) 548-8071,Universal City,Texas,http://www.argussolarandconstruction.com/,,0
"Earth Smart Solar TX",(210) 421-5526,San Antonio,Texas,https://info.earthsmartsolar.com/main-tx,,0
"Expert Solar Solutions",(469) 300-9755,Irving,TX,expertsolarsolutions.com,,0
"Solar Sunny-Side UP",(855) 887-8669,San Antonio,Texas,http://solarsunnysideup.com/,,0
"Quicken Solar",(972) 632-6646,Frisco,TX,www.quickensolar.com,,0
"Fonroche Lighting America",(339) 225-4530,San Antonio,Texas,https://www.fonrochesolarlighting.com/,,0
"Cool Solar - Austin Texas Solar Panel Power",(512) 883-4407,Austin,Texas,https://coolsolarpower.co/,,0
"Ecopro Solar Supply",(210) 251-4059,San Antonio,Texas,http://www.ecoprosolar.com/,,0
"Best electric",(956) 833-2604,,TX,,,0
"Huff Construction & Roofing",(956) 451-1993,,TX,www.huffrgv.com,,0
"Erco Energy",(210) 639-3818,San Antonio,Texas,https://erco.energy/us,,0
"Statewide Energy Solutions",(800) 339-4326,Dallas,TX,statewideenergysolutions.com/about-us,,0
"Fortress Power",(877) 497-6937,Bastrop,TX,fortresspower.com,,0
"HESOLAR",(512) 921-6763,Buda,Texas,https://www.hesolarllc.com/,,0
"Lighthouse Solar",(512) 710-7538,San Antonio,Texas,http://lighthousesolartx.com/,,0
"Guided Path Solar",(512) 200-3344,Dripping Springs,Texas,https://www.guidedpathsolar.com/,,0
"Electric Distribution and Design Systems",(214) 679-5458,Dallas,Texas,https://www.eddssolar.com/,,0
"Advanced Solar & Electric",(210) 556-1399,Cibolo,Texas,http://www.advancedsolar.com/,,0
"GVEC Solar Services",(855) 898-8807,Schertz,Texas,http://gvecsolarservice.com/,,0
"Solarex LLC",+1 909-765-2739,Houston,TX,solarexpro.com,,0
"Merica Solar Panels",(469) 817-9433,Dallas,TX,mericasolarpanelsdallastx.com,,0
"SolarWind Panel Installation San Antonio LLC",(726) 762-3214,San Antonio,Texas,,,0
"Erus Energy",(844) 272-8336,San Antonio,Texas,,,0
"Hammertime Solar",(866) 261-8980,Richardson,TX,www.hammertime.co,,0
"National Renewable Energy Partners",(855) 858-6737,San Antonio,Texas,https://nrep.solar/,,0
"Shade Connection",(325) 939-8575,,TX,shadeconnectiontx.com,,0
"Strategic Solar Installation San Antonio",(833) 435-4213,San Antonio,Texas,,,0
"SAT Energy",(210) 688-4301,San Antonio,Texas,https://www.sat-energy.biz/,,0
"Big Sun Solar",(210) 960-2303,San Antonio,Texas,https://www.bigsunsolar.com/,,0
"Zerimar Lighting Solutions",(956) 578-3046,Mercedes,TX,,,0
"Green Era Solar",(210) 934-4414,Pleasanton,Texas,https://greenerasolar.energy/,,0
"Greenlight energy",(210) 790-1261,San Antonio,Texas,http://gl.solar/,,0
"San Antonio Roof Royale",(512) 400-3113,San Antonio,Texas,https://austinroofroyale.com/san-antonio-roofing-contractors/,,0
"APEX Smart Home",(210) 301-0032,San Antonio,Texas,http://getapexsmart.com/,,0
"Axis Solar",(512) 501-4084,Austin,Texas,http://axis-solar.com/,,0
"Texas Solar",(210) 802-4222,San Antonio,TX,www.texas-solar.com/,,0
"M&M Roofing, Siding & Windows",(210) 822-6070,San Antonio,Texas,https://mmroofsiding.com/locations/san-antonio/roofing/,,0
"Profesional Solar Installation",(726) 238-7889,San Antonio,Texas,,,0
"Texas Solar Energy",(210) 573-3418,San Antonio,Texas,,,0
"Power Up Sol",(210) 469-9649,Boerne,Texas,,,0
"DKD Energy",(800) 844-0569,San Antonio,Texas,http://www.dkdenergy.com/,,0
"Solar Energy House TX",(726) 256-7177,San Antonio,Texas,,,0
"Green Planet Solutions",(512) 866-6968,Austin,Texas,,,0
"Longhorn Solar - Plano",(972) 850-7764,Plano,Texas,https://longhornsolar.com/,,0
"Rockwall Solar",(225) 413-8928,Rockwall,TX,rockwallsolarpanels.com,,0
"Built To Last Roofing - Roof Repair Services in Dallas, TX",(469) 966-1171,Dallas,TX,btolroofing.com/?utm_source=google&utm_medium=organic&utm_campaign=gbp_dallas,,0
"The Professional Shutter Company",(956) 561-9664,Rio Hondo,Texas,https://theprofessionalshuttercompany.com/,,0
"ION Solar - Texas",(888) 781-7074,Kyle,Texas,https://www.ionsolar.com/texas,,0
"A to Z Solar Maintenance",(469) 866-5525,San Antonio,Texas,http://atozsolarmaintenance.com/,,0
"Freedom Solar and Electric, LLC",(972) 935-6787,Mansfield,TX,advancedsolar.com,,0
"Sunlit Solar San Antonio",(833) 435-3745,San Antonio,Texas,,,0
"FRAME SWITCH ENERGY",(512) 789-5073,Round Rock,TX,www.frameswitchenergy.net/#!contact/cluw,,0
"SolarOn Services",(512) 299-6000,Austin,Texas,https://www.solaronservices.com/,,0
"Impact Renewable Energy",(210) 409-4646,Poteet,Texas,,,0
"StarPoint Group",(888) 831-9690,San Antonio,Texas,https://www.starpointgroup.us/,,0
"EcoGen America",(888) 294-5764,San Antonio,Texas,https://ecogenamerica.com/residential/tx/san-antonio/,,0
"Solar Electric Texas",(737) 379-9295,San Antonio,Texas,http://www.solarelectrictexas.com/,,0
"LOA Roofing and Construction",(713) 396-3951,San Antonio,Texas,https://www.loaconstruction.com/san-antonio/?utm_source=GMBlisting&utm_medium=organic&utm_campaign=gmb-sanantonio,,0
"One80 Solar",(210) 802-7428,San Antonio,Texas,http://one80solar.com/,,0
"GVEC Solar Services",(855) 898-8807,Cuero,Texas,http://gvecsolarservice.com/,,0
"Go Solar Power",(800) 530-9597,San Antonio,Texas,https://www.gosolarpower.com/locations/san-antonio-tx/?utm_source=google&utm_medium=gbp&utm_campaign=san_antonio,,0
"TeamGreen Solar LLC",(713) 853-9219,Houston,TX,www.teamgreensolar.com,,0
"The American Power Company",(737) 900-1980,Austin,Texas,http://www.powerbacktothepeople.com/,,0
"Go Solar San Antonio",(210) 718-5658,San Antonio,Texas,https://gosolarsanantonio.co/,,0
"Rhino Roofers: San Antonio Roofing Company",(210) 756-2834,San Antonio,Texas,https://rhinoroofers.com/,,0
"Mammoth Roofing and Solar Of Boerne",(210) 569-0398,Boerne,Texas,https://www.mammothroofs.com/locations/san-antonio-tx/?utm_source=google&utm_medium=organic&utm_campaign=gmb&utm_content=boerne,,0
"POM Solar Energy",(210) 782-0291,San Antonio,Texas,,,0
"ETW Energy, LLC",(210) 201-4453,San Antonio,Texas,,,0
"San Antonio Solar Systems",(726) 256-6202,San Antonio,Texas,,,0
"Critter Shield",(210) 314-1177,San Antonio,Texas,,,0
"PEP Solar llc",(512) 535-7676,Austin,Texas,https://www.pepsolar.com/about-us,,0
"Texas Powered by Solar",(830) 832-3332,New Braunfels,Texas,,,0
"Green Energy of San Antonio",(210) 310-3371,San Antonio,Texas,https://www.greenenergyofsanantonio.com/,,0
"CoolVu of Addison - Commercial & Home Window Tint",(214) 725-7870,,TX,www.coolvu.com/north-dallas-window-film,,0
"Pro Energy Solutions",(713) 739-6430,Houston,TX,,,0
"Elios Solar",(214) 865-7519,Irving,Texas,https://www.eliossolar.com/,,0
"IES Residential",(210) 651-8294,Converse,Texas,https://www.iesresidential.com/,,0
"EnergyCinq",(833) 699-2467,Houston,TX,,,0
"All Points Roof & Solar",(210) 507-2225,San Antonio,Texas,,,0
"Alba Energy",(800) 238-3112,Austin,Texas,http://albaenergy.com/,,0
"Freedom Solar Power - Dallas Solar Panel Company & Installers",(972) 441-8230,Grapevine,Texas,https://freedomsolarpower.com/locations/dallas-fort-worth-arlington?utm_source=GMBlisting&utm_medium=organic,,0
"Agilon Energy",(713) 275-7999,Houston,TX,www.portofvictoria.com/news-and-media/business-directory/p/item/16501/agilon-energy-holdings,,0
"Synthesis Energy Systems Inc",(713) 579-0600,Houston,TX,www.synthesisenergy.com,,0
"WanderWatt",(817) 807-2929,,TX,wanderwatt.net,,0
"Epik Solar of San Marcos",(737) 283-3365,San Marcos,Texas,https://epiksolar.com/locations/san-marcos/,,0
"White Label Solar & Lighting",(210) 325-1110,New Braunfels,Texas,https://whitelabel.solar/,,0
"Solar eTribe",(972) 400-6422,Plano,Texas,http://solaretribe.com/,,0
"GVEC Solar Services",(855) 898-8807,Gonzales,Texas,https://gvecsolarservice.com/,,0
"Cinco Energy Management Group",(713) 463-6009,Houston,TX,www.cincoland.com,,0
"Enova Electrification",(281) 713-4858,Bryan,Texas,https://enovaelectrification.com/,,0
"Ecolectrics LLC",(210) 987-2640,San Antonio,Texas,http://www.ecolectricsusa.com/,,0
"Ibergreen",(832) 410-1118,Castle Hills,Texas,,,0
"SolarGuru Energy - Houston Texas Solar Company",(833) 383-4878,Houston,TX,solarguruenergy.com/locations-3/houston-solar-company,,0
"Choose The Right Solar",(833) 510-2877,San Antonio,Texas,,,0
"Sunshine Renewable Solutions",(832) 280-8838,Dallas,Texas,https://sunshinerenewable.com/,,0
"Energy Renovation Center - TX",(682) 222-1490,Arlington,Texas,https://energyrenovationcenter.com/,,0
"GNRG, Inc.",(833) 464-4674,Dallas,Texas,https://gnrg.co/,,0
"SolarCo. Texas",(817) 751-8911,Fort Worth,Texas,http://gosouthernsolar.com/,,0
"Set apart solar",(319) 333-4445,Austin,Texas,http://setapartsolar.durablesites.com/,,0
"Epic Solar Pro's",(940) 368-3744,Denton,Texas,https://epicsolarpros.com/,,0
"My Roof Solar",(469) 461-1996,Plano,Texas,https://myroofus.com/solar/,,0
"emrzconstructionllc",(469) 653-9636,,TX,,,0
"John Williams",(512) 451-5511,Austin,TX,,,0
"Dawn to Dusk Solar Texas",(214) 945-3529,Carrollton,Texas,http://solardawntodusk.com/,,0
"Solar Quotes & Installation Specialists Rosenberg TX",(281) 809-6559,,TX,,,0
"Engel Electric",(210) 897-6527,San Antonio,Texas,http://engelelectrictx.com/,,0
"Alamo Smart Home",(210) 625-6575,San Antonio,Texas,https://alamosmarthome.com/,,0
"Eclipse Solar",(214) 973-6417,Fort Worth,Texas,http://www.eclipsesolarinfo.com/,,0
"Smart Renewables of Texas LLC",(210) 465-1021,San Antonio,Texas,https://smartsolartx.com/,,0
"Energy and Power Engineering",(203) 417-5818,Frisco,TX,enpengineering.com,,0
"Credo Construction",(469) 715-3223,Frisco,TX,www.credoconstruction.co,,0
"Sustainable Roofing & Solar",(817) 900-9560,Grapevine,Texas,https://www.sustainableroof.com/,,0
"Eagle Solar Power",(817) 917-9965,Mansfield,Texas,https://eaglesolarpower.com/,,0
"Divided Sky Roofing & Solar",(512) 995-7663,San Marcos,Texas,https://mydividedsky.com/,,0
"In Full Light",(210) 260-5180,Bulverde,Texas,http://iflcm.com/,,0
"Aztec Solar Solutions",(956) 282-9857,McAllen,TX,,,0
"Epik Solar of New Braunfels",(830) 224-3347,New Braunfels,Texas,https://epiksolar.com/locations/new-braunfels/,,0
"ProElectric, LLC",(956) 217-5998,McAllen,TX,www.proelectric.biz,,0
"GVEC Solar Services",(855) 898-8807,Seguin,Texas,http://gvecsolarservice.com/,,0
"Charger Roofing LLC",(210) 305-7663,San Antonio,Texas,http://www.charger-roofing.com/,,0
"Solarize",(817) 527-1482,Farmers Branch,Texas,http://mysolarize.com/,,0
"GVEC Electric Cooperative",(800) 223-4832,Schertz,Texas,http://www.gvec.org/,,0
"ALPHA SOLAR SOLUTIONS, LLC",(210) 783-0507,San Antonio,Texas,http://www.alphasolarsa.com/,,0
"Harvest Solar Inc.",(888) 719-4787,Garland,Texas,https://www.harvestsolarinc.com/,,0
"Our World Energy, LLC",(623) 850-5700,Grand Prairie,Texas,http://ourworldenergy.com/,,0
"STR Solar",(469) 552-5576,McKinney,Texas,,,0
"Xclusive Solar",(720) 656-3647,Irving,Texas,,,0
"Solstema",(512) 524-3504,Kyle,Texas,https://www.solstema.com/,,0
"Credible Solar",(972) 513-5293,Irving,Texas,https://crediblesolar.com/,,0
"Blue Hammer Solar",(844) 426-6375,Dallas,Texas,http://www.bluehammersolar.com/,,0
"Solar Panel Cleaning",(512) 993-1894,Cedar Park,TX,,,0
"Smooth Solar Power",(866) 210-6654,Dallas,Texas,https://smoothsolarpower.com/,,0
"ARP Roofing & Remodeling",(210) 714-0040,San Antonio,Texas,https://arproofing.com/san-antonio-roofing-contractor/?utm_source=GBP,,0
"Simplicity power",(817) 646-7174,North Richland Hills,Texas,https://www.simplicitysolar.io/,,0
"Suntria | Texas Solar Panel Installers",(469) 277-9918,Fort Worth,Texas,https://www.suntria.com/,,0
"Hanwha Convergence USA Corp. (Round Rock office)",(512) 294-2671,Round Rock,TX,hanwhaconvergenceus.com,,0
"RISE Power LLC",(855) 747-3769,Richardson,Texas,https://risepower.energy/,,0
"Current Solar",(972) 904-8988,Dallas,Texas,https://www.currentsolar.com/,,0
"Solnova",(833) 765-6682,Fort Worth,Texas,http://www.gosolnova.com/,,0
"Recon Roofing Pro",(469) 550-9408,Mesquite,TX,reconroofingpro.com/contact,,0
"Pulse Turnkey- Formerly Texas Solar Solutions LLC",(817) 903-2295,Fort Worth,Texas,http://pulseturnkey.com/,,0
"Design 1 Solar Marketing",(901) 233-3704,,TX,,,0
"Willis Construction",(806) 935-6951,Dumas,Texas,http://www.willisconstructiondumas.com/,,0
"Limitless Energy Pros",(210) 951-9786,San Antonio,Texas,http://limitlessenergypros.com/,,0
"MINT Solar",(469) 570-6468,Waxahachie,Texas,https://mintsolar.com/,,0
"Solar SME, INC.",(214) 227-9736,Grand Prairie,Texas,https://solarsme.com/,,0
"Sunbox Pros",(214) 600-8270,Grapevine,Texas,,,0
"Signature Solar LLC",(903) 441-2090,Sulphur Springs,TX,www.signaturesolar.com,,0
"Alchemy Industrial",(832) 981-5505,Houston,TX,alchemyindustrial.com,,0
"Vantage Point Solar",(844) 507-6527,Dallas,Texas,http://www.vantagepointsolar.com/,,0
"Texas Solar Screens",(210) 777-3003,San Antonio,Texas,https://texassolarscreensllc.com/?utm_source=gbp&utm_medium=webclick,,0
"Sonovus Energy",(833) 766-6887,Grand Prairie,Texas,https://www.sonovusenergy.com/,,0
"Solartime USA",(972) 675-7725,Richardson,Texas,https://www.solartime.us/,,0
"Gold Standard Roofing",(972) 265-9454,Frisco,TX,www.goldstandardcg.com,,0
"Integrity Solar Energy LLC",(949) 847-8363,,TX,www.integritysolarenergyllc.com,,0
"Immediate Solar LLC",(469) 349-7955,Richardson,Texas,http://immediatesolar.com/,,0
"Simply Green Solar",(760) 563-2138,,TX,,,0
"Affordable Solar Roof & Air - Dallas",(800) 515-1254,Southlake,Texas,http://solarroofair.com/,,0
"Circle L Solar",(817) 945-2011,Fort Worth,Texas,https://www.circlelsolar.com/,,0
"CMS RENEWABLE ENERGY",(940) 220-9971,Grand Prairie,Texas,https://www.cmsnrg.com/?utm_source=google&utm_medium=wix_google_business_profile&utm_campaign=4644666292073989109,,0
"Micro Grid Energy LLC",(210) 987-3429,Hollywood Park,Texas,https://microestx.com/,,0
"THS Home Solar",(888) 617-5289,Lewisville,Texas,https://thshomesolar.com/,,0
"Integrity Solar USA",(940) 841-4103,Sunset,Texas,http://www.integritysolarusa.net/,,0
"Shop My Power Inc.",(855) 227-3321,Allen,TX,shopmypower.com/about-us,,0
"Atlas Solar Power",(214) 256-3799,Richland Hills,Texas,https://www.atlasenergy.org/,,0
"DFW Solar Electric",(972) 827-7651,Flower Mound,Texas,https://www.dfwsolarelectric.com/,,0
"Akam-Energ LLC",(281) 655-3200,Houston,TX,www.akamenerg.com,,0
"Enova Electrification",(281) 713-4858,Plano,Texas,https://enovaelectrification.com/,,0
"Blevins Solar",(763) 522-2100,Eddy,Texas,https://www.mortenson.com/industries/solar,,0
"Beneficial Roofing of Dallas, TX",(214) 849-1946,,TX,beneficialroofing.com/lewisville,,0
"Solar Bath",(469) 640-0414,,TX,,,0
"Arvo Solar DFW Rockwall-Fate",(469) 264-8383,Fate,Texas,https://goarvo.com/dallas-fort-worth,,0
"North Texas Solar",(940) 387-2716,Grapevine,Texas,https://northtexassolar.com/,,0
"Trojan Solar",(469) 299-9980,Frisco,Texas,http://www.trojansolarpower.com/,,0
"EWS Solar & Construction",(817) 657-0465,Burleson,Texas,https://www.energizewithsunrise.com/,,0
"Sunton Solutions LLC | Solar Panel Cleaning",(817) 353-5479,Fort Worth,Texas,https://suntonsolutions.com/,,0
"Energy Clean Solar Solutions",(469) 207-8312,,TX,,,0
"Proxima Solar Energy",(214) 271-9171,Dallas,Texas,https://proximasolar.com/,,0
"Solar Power Systems Fort Worth",(817) 330-6766,Fort Worth,Texas,http://www.solarpowersystemstexas.com/location/Fort-Worth,,0
"SunStar Solutions",(469) 423-8088,Mesquite,Texas,http://sunstarsolutions.us/,,0
"LGCY Power",(817) 616-5344,Hurst,Texas,https://www.lgcypower.com/state/tx/dallas/,,0
"Prime SLR",(469) 980-0351,Richardson,Texas,https://www.primeslr.com/,,0
"Shneyder Solar Frisco",(469) 916-7105,Frisco,Texas,https://shneydersolar.com/frisco-tx/,,0
"Home Xperts",(469) 226-9042,Dallas,Texas,http://www.gohomexperts.org/,,0
"Tesla Energy - Dallas | Fort Worth",(877) 373-7652,Dallas,Texas,https://www.tesla.com/solarpanels?utm_source=gmb_listing&utm_medium=organic&utm_content=dallastx_solar&utm_campaign=te_dallastx,,0
"Green Balance Energy",(817) 274-0223,Dallas,Texas,,,0
"Sunergy",(727) 375-9375,Dallas,Texas,,,0
"Solar Panels Dallas",(469) 947-9481,Dallas,Texas,https://solarpanelsdallas.org/,,0
"Delta Power Group",(877) 913-3582,Dallas,Texas,https://www.deltapowergroup.co/,,0
"O3 Energy Solutions",(888) 999-2902,Dallas,Texas,https://o3energy.com/?utm_source=google&utm_medium=organic&utm_campaign=gmb-listing&y_source=1_MTQ3NzQ3MjItNzE1LWxvY2F0aW9uLmdvb2dsZV93ZWJzaXRlX292ZXJyaWRl,,0
"Infinity Energy",(469) 485-5207,Garland,Texas,,,0
"Solar Avenue",(469) 842-7128,Fort Worth,Texas,https://www.txsolaravenue.com/,,0
"Quicken Solar",(432) 967-8618,Carrollton,Texas,http://quickensolar.com/,,0
"Amarillo Solar Pros",(806) 318-8418,Amarillo,Texas,https://amarillosolarpros.com/,,0
"ProLight Solar-PV Installer",(817) 431-5674,Southlake,Texas,http://prolightsolar.com/,,0
"AB Solar and Roofing",(469) 608-0311,Fort Worth,Texas,https://absolarandroofing.com/?utm_source=AdPages_GMB_Home&utm_medium=AdPages_GMB_Home&utm_campaign=AdPages_GMB_Home,,0
"StarVolt Solar",(844) 782-7865,Fort Worth,Texas,https://starvoltsolar.com/,,0
"Infinity Solar USA - Texas",(469) 945-6290,Farmers Branch,Texas,https://infinitysolarusa.com/,,0
"Solar Power Systems Denton",(940) 353-6214,Denton,Texas,http://www.solarpowersystemstexas.com/location/Denton,,0
"ION Solar - Dallas",(877) 579-5053,Dallas,Texas,https://www.ionsolar.com/,,0
"Solar World LLC",(903) 910-5497,Kemp,Texas,,,0
"Provident Energy Solutions",(800) 208-9220,,TX,,,0
"Pure Energy Solar Systems",(817) 512-1710,Arlington,Texas,,,0
"Triumph Roofing and Solar",(888) 608-7486,,TX,www.triumphroofingandsolar.com,,0
"Diamond Solar USA",(214) 214-5496,Dallas,Texas,https://www.diamondsolarusa.com/,,0
"Axium Solar",(972) 633-8680,McKinney,Texas,https://www.axiumsolar.com/,,0
"Tech Solar Industries (TSI)",(469) 991-5000,Farmers Branch,Texas,https://tsi.solar/,,0
"NOVOS Energy Solar",(800) 990-4598,Rowlett,Texas,,,0
"Open Road Solar LLC.",(512) 701-0298,Manchaca,TX,,,0
"Fort Worth Solar Installation Consulting",(817) 440-3343,Fort Worth,Texas,,,0
"1 Solar Solution, LLC",(855) 601-7652,Frisco,Texas,,,0
"Arvo Solar Dallas-Fort Worth",(817) 242-2786,Rockwall,Texas,https://goarvo.com/dallas-fort-worth,,0
"Renewables Hub",(469) 833-2716,Plano,Texas,,,0
"Champion Solar",(972) 801-8662,Frisco,Texas,http://www.championsolar.net/,,0
"Inspire Solar",(866) 939-0089,Plano,Texas,http://inspiresolar.com/,,0
"KA Solar",(214) 856-8222,Flower Mound,Texas,http://ka.solar/,,0
"COREnerG",(817) 821-6504,Dallas,Texas,https://www.corenerg.solar/,,0
"Freedom Forever",(888) 557-6431,Plano,Texas,https://www.freedomforever.com/,,0
"Greentech Renewables Dallas",(972) 972-4510,Arlington,Texas,https://www.cedgreentech.com/,,0
"Texas Best Solar",(940) 242-1285,Richardson,Texas,http://www.texasbestsolar.com/,,0
"KPost Roofing & Waterproofing",(469) 898-8099,Dallas,Texas,https://kpostcompany.com/?utm_source=google&utm_medium=organic&utm_campaign=GMBListing-Dallas-TX,,0
"KEL Energy TX",(737) 444-0676,Georgetown,TX,kelenergytx.pro,,0
"Custom Pro Roofing and solar",(229) 264-4313,Dallas,Texas,https://custompro.us/,,0
"SolarLife Technology",(817) 677-9100,Arlington,Texas,http://solarlifetech.com/,,0
"EcoVolta LLC.",(828) 777-7084,,TX,,,0
"Solar Panel Installation Systems of Weatherford",(817) 904-4394,Weatherford,Texas,,,0
"Solvari",(844) 765-8274,Round Rock,TX,www.solvarisolar.com,,0
"Green Energy Specialties",(940) 464-4219,Argyle,Texas,,,0
"Turtle Island Solar LLC",(269) 487-2663,,TX,,,0
"Force of Nature",(682) 291-4365,Grapevine,TX,forceofnature.solar/contact,,0
"Loanstar Solar Power",(682) 459-1939,Fort Worth,Texas,,,0
"Austin Affordable Solar",(512) 635-5230,,TX,,,0
"NATPRE Solar",(512) 379-8332,Austin,TX,https://natpresolar.com,,0
"Denton Solar",(940) 208-0150,Denton,Texas,https://dentontxsolar.com/,,0
"Solarugreen",(682) 718-4741,Hurst,Texas,https://solarugreen.com/,,0
"Solio Solar",(972) 636-5033,Irving,Texas,,,0
"Nicolas Lyons",(806) 730-6596,Lubbock,TX,freedomsolarpower.com,,0
"Solar Pro Windows",(817) 572-4994,Fort Worth,Texas,https://ntwindow.com/product/solar-pro/,,0
"Clean Power Store",(214) 915-8802,Dallas,Texas,https://cleanpowerstore.com/,,0
"Proclaim Solar LLC",(972) 984-7663,Dallas,Texas,http://www.proclaimsolar.com/,,0
"Metroplex solar panels",(214) 662-3746,Richardson,Texas,,,0
"SLE Green Energy, LLC",(469) 776-9200,Dallas,Texas,https://www.slegreenenergy.com/,,0
"CoServ Solar Station",(940) 321-7800,Aubrey,Texas,https://www.coserv.com/Energy-Solutions/Solar,,0
"Remington Solar, Inc.",(214) 257-8300,Garland,Texas,https://remingtonsolar.com/,,0
"Go Solar Power",(800) 530-9597,Dallas,Texas,https://gosolarpower.com/,,0
"V3 Electric",(844) 837-6937,Grand Prairie,Texas,https://www.v3electric.com/,,0
"Copperhead Solar & Storage",(806) 671-7332,,TX,geronimopower.com/projects/copperhead,,0
"Best Way Solar - Solar Installation & Maintenance Services",(844) 766-3929,Arlington,Texas,https://bestwaysolar.org/,,0
"Lithium Werks",(888) 548-4957,Round Rock,TX,lithiumwerks.com,,0
"Zen Solar US",(817) 482-6215,Fort Worth,Texas,,,0
"Expert Solar",(800) 340-0681,Houston,TX,expertsolarfl.com,,0
"AZO Solar LLC",+1 713-545-6316,Houston,TX,azosolar.com,,0
"Solar Smart TX",(469) 558-1701,DeSoto,Texas,,,0
"Victory Solar",(214) 643-8374,Dallas,Texas,https://victorysolar.com/,,0
"Owens Solar Providers",(832) 852-8205,Houston,TX,,,0
"Switch Smart Solar",(214) 414-3003,Dallas,Texas,https://switchsmartsolar.com/,,0
"Sunrun Solar",(833) 324-5886,Grand Prairie,Texas,https://www.sunrun.com/?utm_source=google&utm_medium=web&utm_campaign=gbp&utm_term=local,,0
"Epicpwr Solar Energy Farmers Branch TX",(945) 221-7100,Farmers Branch,Texas,,,0
"Charles Solar Panels Fort Worth TX",(682) 290-3192,Fort Worth,Texas,,,0
"Marklink",(267) 254-0752,Arlington,TX,www.marklink.net,,0
"Power Werx Energy",(682) 718-1428,Irving,Texas,,,0
"IES Texas Solar - Dallas",(512) 766-4276,Rowlett,Texas,https://iestxsolar.com/,,0
"Royal Solar Systems",(972) 842-4382,Dallas,Texas,,,0
"Solar Screens",(817) 880-3500,Fort Worth,Texas,http://beattexasheat.com/contact-us/,,0
"American Solar Wind LLC",(817) 263-0000,Colleyville,Texas,,,0
"ENCOMPASS GENERAL CONTRACTORSna",+1 817-874-0575,Fort Worth,TX,,,0
"Solar Farm and Ranch",(737) 399-7316,Giddings,TX,solarfarmandranch.com,,0
"Alba Energy of Dallas",(214) 320-4968,Dallas,Texas,http://albaenergy.com/solar-installer/dallas-texas/,,0
"How much solar energy can you collect?",(678) 961-8855,Red Oak,Texas,,,0
"EcoSave Solar",(915) 225-2252,El Paso,TX,,,0
"SUNPRO SOLAR LLC",(833) 786-7761,Grapevine,Texas,,,0
"Redemption Solar Power",(254) 355-3600,Waco,Texas,https://redemptionpower.com/,,0
"True Texas Solar & Roofing",(936) 286-8325,Willis,Texas,http://truetexassolar.com/,,0
"Solar Recycle USA",(817) 200-6111,Grand Prairie,Texas,http://www.solarrecycleusa.com/,,0
"Austin Discount Solar",(512) 968-7070,Austin,Texas,http://www.austindiscountsolar.com/,,0
"Sun of Texas Solar",(254) 366-8372,West,Texas,http://www.sunoftexassolar.com/,,0
"Radiant Technologies Solar System LLC",(469) 949-3982,Ennis,Texas,https://radianttechnologiessolarsystemllc.blogspot.com/2022/01/blog-post.html,,0
"Solar Power Systems Killeen",(254) 414-0753,Killeen,Texas,http://www.solarpowersystemstexas.com/location/Killeen,,0
"ZUNA SOLAR",(817) 786-6120,Plano,Texas,https://www.zunasolar.com/,,0
"Infinity Solar Panel Installations",(469) 591-1212,McKinney,Texas,https://dfwsolarpanelinstallation.com/mckinney-solar-energy-company,,0
"Solar Supply",(817) 402-7657,Arlington,Texas,http://www.solarsupply.us/,,0
"Solar Supply",(817) 556-4648,Cleburne,Texas,https://solarsupply.us/,,0
"Ross Solar Energy Co",(502) 594-0020,Dallas,Texas,https://www.rosssolarenergy.com/solar-energy-contact,,0
"GNRG USA North Austin",(512) 675-8777,Round Rock,Texas,https://gnrgusana.com/,,0
"HEZA Home Solutions",(915) 479-5426,El Paso,TX,,,0
"Texas Solar Panimals",(469) 694-3475,Forney,Texas,https://www.texassolarpanimals.com/,,0
"Solar Connect",(904) 351-8395,Plano,Texas,https://www.solarconnect.energy/,,0
"Texas Solar Design",(469) 575-4786,Carrollton,Texas,,,0
"Longhorn Solar - Austin",(512) 837-4800,Pflugerville,Texas,https://longhornsolar.com/,,0
"Fintesa, LLC",+1 713-568-1390,Houston,TX,www.fintesa.biz,,0
"SolarWaco",(254) 457-9900,McGregor,Texas,https://solarwaco.com/,,0
"Radix Solar-Dallas",(888) 919-0980,Dallas,Texas,https://radixsolar.com/,,0
"Sunstra",(469) 215-1335,Plano,Texas,https://sunstra.com/,,0
"Skyfall Roofing Systems",(855) 994-6400,Dallas,TX,www.skyfallroofingsystems.com,,0
"ILLINOIS POWER AGENCY",(312) 793-0263,Chicago,TX,ipa.illinois.gov,,0
"Solar Water Solutions",(214) 929-8730,Burleson,Texas,,,0
"512 Solar",(512) 329-2117,Austin,TX,512Solar.com,,0
"Solar X",(888) 394-1090,Temple,Texas,,,0
"SunAura Energy",(512) 862-4101,Cedar Park,Texas,http://sunauraenergy.com/,,0
"Diamond M Waterwell Services",(806) 733-5678,Gruver,Texas,http://www.diamondmwaterwellservicellc.com/,,0
"Texas Green Energy",(979) 209-0010,Bryan,Texas,http://www.txge.com/,,0
"Power TX",(512) 298-2045,Leander,Texas,https://www.powertx.net/,,0
"Quantum Solar of Texas",(737) 379-9288,Fort Worth,Texas,,,0
"ATX Solar",(512) 803-9652,Austin,Texas,https://www.goatxsolar.com/,,0
"TEXSOLAR",(214) 774-2335,Dallas,Texas,,,0
"Cabaña del sol",(817) 443-4439,Weatherford,Texas,,,0
"McKinney Roofing Pros",(972) 945-6671,,TX,,,0
"EasTex Solar",(903) 805-1849,Palestine,TX,http://www.eastexsolar.com/,,0
"Out Da Gutter",(469) 386-1032,,TX,,,0
"Dallas Fort Worth Security Gates",(214) 833-5003,,TX,,,0
"Allegiance Solar",(254) 213-2164,Harker Heights,Texas,https://allegiance-solar.com/,,0
"Solar Power Systems Round Rock",(512) 714-2451,Round Rock,Texas,http://www.solarpowersystemstexas.com/location/Round-Rock,,0
"Yagnew Manengenegle",(214) 894-5040,Dallas,TX,https://g4electronics.com/,,0
"Casa Services Company",+1 972-510-8182,,TX,casaroofsystems.com,,0
"Sol Tech Roofing & Solar",(512) 987-8968,Austin,Texas,http://soltecsolar.com/,,0
"Solar CenTex",(254) 393-1340,Harker Heights,TX,https://www.solarcentex.com/,,0
"Freedom Forever",(888) 557-6431,Round Rock,Texas,https://www.freedomforever.com/,,0
"James Electrical Service LLC",(254) 258-7665,Gatesville,Texas,http://www.jameselectricalservices.us/,,0
"SILVER ELECTRIC AND SOLAR",(512) 529-8283,Leander,Texas,http://www.silverelectricandsolar.com/contact.html,,0
"Integrity Solar Inc.",(254) 307-1483,Waco,Texas,,,0
"Sunbeam Solar",(346) 888-4458,Houston,TX,http://sunbeamsolar.net,,0
"Texas Solar Power Company",(512) 459-9494,Austin,Texas,http://www.txspc.com/,,0
"Clearly",(512) 525-8673,Austin,Texas,,,0
"Apricot Solar - VSP",(214) 336-4098,,TX,msha.ke/virtualsolarpro,,0
"Smart Solar Systems",(512) 489-7854,Austin,Texas,,,0
"Sweet Light Solar",(254) 457-9900,Waco,TX,,,0
"Sonepar",(512) 246-8001,Round Rock,TX,,,0
"Genova Power Advisors LLC",(214) 365-9797,Plano,TX,genovapower.com,,0
"Solar Supply Inc",(254) 791-4822,Temple,Texas,http://www.solarsupply.us/,,0
"2EZ Solar",(254) 224-5500,Killeen,Texas,http://www.2ezsolar.com/,,0
"Renewable Solutions",(254) 276-1589,Brownsville,TX,,,0
"Commercial Energy Specialists, LLC",(972) 732-0306,Addison,TX,www.aquafinity.com,,0
"Solstice Solar LLC",(281) 801-4211,Houston,TX,http://solsticesolar.com/,,0
"Good Energy Solar",(512) 337-3697,Cedar Park,Texas,http://goodenergysolartx.com/,,0
"Boulder Solar Energy Services, LLC",(254) 310-7726,Cameron,Texas,,,0
"Wellington Boschworth Commercial Technologies",+1 832-492-5078,Cypress,TX,www.wbctc.net,,0
"Solar Brothers, LLC | Solar Installation & Hardware",(512) 759-8690,Austin,Texas,,,0
"Southwest Interiors",(214) 675-3590,Plano,TX,www.southwestinteriorsdfw.com/contact-us,,0
"Resilient Ranch",+1 281-451-3841,Houston,TX,,,0
"IES Texas Solar - Austin",(512) 766-4276,Pflugerville,Texas,https://www.iestxsolar.com/,,0
"Blaze Energy",(254) 273-5004,Waco,Texas,,,0
"Koala Solar",(737) 299-0926,Austin,Texas,https://koalasolar.com/,,0
"GreenGo Solar",(512) 674-1577,Manor,Texas,https://greengosolarenergy.com/,,0
"SolarCentralTexas",(254) 245-2030,Killeen,Texas,https://solarcentraltexas.com/,,0
"OBR Solar",(432) 227-5634,,TX,,,0
"Crimson Solar",(512) 552-7257,Austin,Texas,http://crimson-solar.com/,,0
"Optimum Solar USA",(512) 489-0044,Austin,Texas,https://optimumsolarusa.com/,,0
"Shield Defense Roofing and Restoration LLC",(915) 247-4994,,TX,stormroofrescue.com,,0
"Walmart Home Services",(833) 600-0406,El Paso,TX,www.walmart.com/store/5962-el-paso-tx/home-services?veh=seo_loc,,0
"Luminate - Ameriprise Financial Services, LLC",(214) 272-7919,Plano,TX,www.ameripriseadvisors.com/team/luminate/contact?cid=IP_local_google,,0
"Discount solar/ ERUS Energy",(915) 309-9565,El Paso,TX,,,0
"Zelaya Windows & Glass",(469) 544-1045,Carrollton,TX,www.zelayawindows.com/?utm_source=google&utm_medium=wix_google_business_profile&utm_campaign=16006523137603938515,,0
"Solar Installer Texas",(512) 812-7409,Lakeway,Texas,https://powur.com/scott.antcliff/solar,,0
"Clean Energy Nexus PR",+1 713-222-8378,Houston,TX,www.cleanenergynexus.com,,0
"MayAztil Renovations",(432) 894-9941,Mesquite,TX,,,0
"Walsh Solar & Electrical Services",(817) 861-6933,Austin,TX,,,0
"Energy Experts Solar of Austin",(512) 649-9287,Austin,Texas,,,0
"Greenstar Power",(512) 253-7100,Round Rock,Texas,https://greenstarpower.com/,,0
"Blue Volt Electric",(972) 670-5749,,TX,www.bluevoltelectric.com,,0
"Hydro-Star Energy, LLC",(806) 331-5626,Amarillo,TX,www.windadvantage.com,,0
"Amarillo Solar Shade Co.",(806) 214-2345,Amarillo,Texas,https://amarillosolarshades.com/?utm_source=google&utm_medium=organic&utm_campaign=gmbwebsite,,0
"Solar Service",(844) 248-0335,Harker Heights,Texas,https://www.solarservice-tx.com/,,0
"Power On",(512) 648-3268,Liberty Hill,Texas,,,0
"2H Solar Training",(254) 294-7907,Harker Heights,Texas,,,0
"The Solar Spot",+1 972-467-2870,,TX,www.thesolarspot.co,,0
"Solar Efficiency Experts Austin",(512) 649-9050,Austin,Texas,,,0
"Nation Solar inc.",(512) 379-8332,Austin,Texas,https://info.nationsolar.co/SLP?utm_source=organic&utm_medium=gmb&utm_campaign=1seo_organic_gmb,,0
"Solar Farm",(830) 254-4896,Mt Calm,Texas,,,0
"Solar Service",(512) 537-0459,Austin,Texas,https://solarservice-tx.com/,,0
"Bright Energy Texas",(512) 518-5771,Austin,Texas,https://brightenergytexas.com/,,0
"Kaco Energy LLC",(210) 446-4238,Fort Worth,TX,,,0
"Gordan Gure",(512) 678-9333,Austin,TX,,,0
"Olympic Electric & Solar, LLC",(210) 236-8314,San Antonio,TX,https://olympicelectricco.13.com,,0
"Longhorn Solar",(512) 837-4800,Austin,TX,https://longhornsolar.com,,0
"Longhorn Solar",(512) 837-4800,Austin,TX,https://longhornsolar.com,,0
"Solar Screens Killeen",(254) 458-4116,Nolanville,Texas,https://www.solarscreenskillen.com/,,0
"Christopher Knight",(713) 653-8810,Houston,TX,www.suncaleum.com,,0
"Michael Lafiectis",(469) 227-9333,Dallas,TX,www.mileskoldelectricalservice.com/,,0
"Edge North America",(817) 732-4473,Fort Worth,TX,https://edgena.com,,0
"Bright Solar Energy LLC",(512) 518-5771,Houston,TX,,,0
"Elias Solar, Inc.",(713) 239-9133,San Antonio,TX,https://eliassolar.com,,0
"Green Solar Rocket",(346) 209-9933,Houston,TX,,,0
"Sonfis, LLC",(817) 231-0171,Fort Worth,TX,,,0
"Trinity Union Services",+1 281-609-2808,Houston,TX,www.trinityunionservices.com,,0
"Orange Fox, LLC",(512) 488-1120,Austin,TX,https://orangefoxrenewables.com,,0
"Clean Green Energy",(512) 986-2530,Lubbock,TX,,,0
"Green Lake Solar",(346) 209-9933,Houston,TX,,,0
"Latino Solar Solutions",(347) 757-8671,Richmond Hill,TX,www.latinosolar.org,,0
"Tesla",(512) 516-8177,Austin,TX,https://tesla.com,,0
"Julio Kumbakari",(281) 974-1767,Houston,TX,Arkom.com,,0
"Skylight NRG",+1 281-909-6152,,TX,www.skylightnrg.com,,0
"NRG Renewables",(833) 464-4674,Sulphur Springs,TX,https://nrgsolar.com,,0
"Engel Electric",(210) 897-6527,San Antonio,TX,https://engelelectric.com,,0
"Sueanne Jones",(903) 753-7291,Burketsville,TX,,,0
"Solar Electric Texas L.L.C",(210) 802-4222,San Antonio,TX,http://solarelectrictexas.com,,0
"Pro Solar Installers",(832) 377-7193,Houston,TX,https://prosolarinstallers.com,,0
"Sonepar Solar",(281) 469-6693,Houston,TX,https://soneparsolar.com,,0
"Omosewe Guerra",(210) 775-2265,San Antonio,TX,,,0
"Pure Energy",(866) 234-8184,New Cancy,TX,,,0
"3rd Generation",(210) 224-9588,San Antonio,TX,,,0
"Prism Solar",(202) 891-4674,Austin,TX,,,0
"Black Diamond PPF & Tint - Olmito",(956) 558-2263,Olmito,Texas,https://blackdiamondrgv.com/?utm_source=google&utm_medium=organic&utm_campaign=gmb-Olmito&utm_content=website_button,,0
"Proway Exteriors",+1 713-843-7730,Jersey Village,TX,www.prowayexteriors.com,,0
"Now Energy LLC",(866) 227-1352,Wimberley,TX,nrgenergyllc.com,,0
"Renewa",(844) 721-5063,Houston,TX,www.renewa.com,,0
"Green Dream Solar LLC",(830) 438-3396,Bexar County,TX,,,0
"Easton Energy Services",(281) 336-1468,Houston,TX,,,0
"Tesla",(806) 503-6224,Lubbock,TX,https://tesla.com,,0
"Solar White, LLC",(210) 325-1110,Katy,TX,https://solarwhite.com,,0
"Travis Lakey",(806) 783-0800,Lubbock,TX,,,0
"Guy Kohlko",(806) 797-7000,Lubbock,TX,,,0
"DG Renewables",(956) 686-6040,Sulphur Springs,TX,https://dgrenewables.com,,0
"Charles Kirk",	+44 116 277 3336,San Antonio,TX,https://biggestbuilder.com/,,0
"Austin Energy",(512) 494-9400,Austin,TX,,,0
"Signature Solar",(903) 441-2090,Sulphur Springs,TX,,,0
"East Texas Power",(936) 229-4000,Livingston,TX,,,0
"Madere LLC",(940) 267-0063,Wichita,TX,alevara.us,,0
"Texar Solar",(469) 581-0008,Waxahachie,TX,www.texar-solar.com/,,0
"Solarus",(469) 651-9836,Lubbock,TX,www.solarus.com,,0
"Sol Nova Electric",(833) 765-6682,Fort Worth,TX,www.solnovaelectric.com,,0
"Blaze Energy",(346) 449-6457,Houston,TX,blazeenergyusa.com,,0
"Free Rein Solar",(816) 739-3509,,TX,freereinsolar.net,,0
"Reliable Roofing & Solar Providers Houston",(832) 957-7244,Houston,TX,,,0
"Energy LLC",(281) 767-2422,Houston,TX,,,0
"Solaris Global LLC",(713) 355-0926,Houston,TX,www.solaris-global.com,,0
"Impact Solar Solutions, LLC",(866) 395-1975,New Braunfels,TX,,,0
"Houston Energy Systems, LLC",(281) 520-4786,Missouri City,TX,www.houstonenergysystems.com,,0
"Elios PPA",(855) 524-1219,Prosper,TX,www.eliosppa.com/contact,,0
"My solar Outlet",(713) 505-7171,Houston,TX,mysolaroutlet.com,,0
"My Roof Solar",(833) 996-9766,Dallas,TX,myroofus.com/solar,,0
"Vector Energy Advisers",(832) 390-2628,Houston,TX,vectorenergy1.com,,0
"ConnectGen LLC",(346) 998-2020,Houston,TX,www.connectgenllc.com,,0
"Robert Martinez",(806) 762-3597,Lubbock,TX,,,0
"Hickory Solar Park",(217) 291-9423,Jerseyville,TX,www.edpr.com/north-america/hickory-solar-park,,0
"Supernova Solar DBA Smartsan Energy",(346) 704-2198,Katy,TX,,,0
"Solar2SK",(972) 332-1002,Wylie,TX,solar2sk.com/contact,,0
"Broad Reach Power",(832) 304-7860,Houston,TX,broadreachpower.com/contact,,0
"Key Capture Energy",(516) 279-2955,Houston,TX,www.keycaptureenergy.com/contact,,0
"Solar Society",(832) 205-8281,,TX,www.gosolarsociety.com,,0
"Nova Solar - The Bright Choice",(540) 983-2038,,TX,www.novasolar.net,,0
"HOUSTON SOLAR GROUP",(281) 546-7129,Houston,TX,,,0
"Triumph solar installation",(806) 670-3387,Amarillo,TX,,,0
"Hans Maggio",(832) 280-8838,Dallas,TX,,,0
"Tekart Solar",(469) 855-9560,,TX,,,0
"Phillip Lofxfer",(903) 885-7571,Sulphur Springs,TX,,,0
"Ecoelectrics, LLC",(512) 717-0660,Austin,TX,www.ecoelectrictxusa.com,,0
"Texas Independent Energy Solar Roofing and Construction",(214) 289-2458,,TX,www.texasie.us,,0
"Solving Solar",(888) 558-8689,,TX,solving.solar,,0
"Hunt Energy Enterprises",(214) 978-8000,Dallas,TX,www.huntenergyenterprises.com,,0
"Eco-Green Renewable",(888) 229-0213,Corpus Christi,TX,https://ecogreenrenewable.com,,0
"Freedom Solar",(512) 759-8313,Austin,TX,www.freedomsolarpower.com,,0
"Pediwatt, LLC.",(800) 803-6637,Dallas,TX,pediwatt.com,,0
"Serrano Solar Systems Fort Worth TX",(737) 307-7644,Fort Worth,TX,,,0
"Plainsman Engineering",(512) 454-8711,Austin,TX,,,0
"Power Wizard Fort Worth",(888) 400-3445,Fort Worth,TX,www.powerwizard.com/fort-worth,,0
"Eco Earth Solar Company",(800) 550-6946,,TX,www.ecoearthusa.com,,0
"Summit Solar USA",(972) 777-2373,Dallas,TX,,,0
"Miguel Rivera",(813) 879-8045,San Antonio,TX,,,0
"Sunrise Solar Corp.",(210) 881-0850,San Antonio,TX,,,0
"IM Home Solutions",(210) 718-4575,San Antonio,TX,citylocal101.com/cl03264-fence-installation-lytle-tx#Intro,,0
"Sage Energy Co",(210) 404-2828,San Antonio,TX,,,0
"Cal Paso Solar Electric",(805) 239-4851,Heritage Ranch,TX,www.calpasosolar.com,,0
"SolarCollab Asia",(843) 410-9750,Hollywood,TX,solarcollab.asia/contact-us,,0
"Nebraska Solar Providers",(308) 920-0315,,TX,www.nebraskasolarproviders.com,,0
"Lone Star Ptac",(210) 480-8969,,TX,,,0
"Permian Energy Partners",(432) 698-1049,Midland,TX,www.permianenergypartners.com,,0
"Terra Klean Solutions Inc",(210) 734-3606,San Antonio,TX,www.terraklean.com,,0
"Memorial Solar Power",+1 832-868-9029,,TX,memorialsolarpower.com,,0
"Solar Mop Company",(210) 305-9990,San Antonio,TX,solarmop.com/pages/contact,,0
"JTV Solar",(325) 853-1000,Eldorado Springs,TX,solarptastx.com,,0
"Solar Sheep Connect",(806) 414-0364,Shallowater,TX,solarsheepconnect.com/contact-page,,0
"DMG Electric Co",(210) 843-4407,San Antonio,TX,dmgelectrical.com,,0

