id;name;certification_type;certification_number;certification_expires;company_name;company_website;location_city;location_state;location_zip;latitude;longitude;country;is_premium;services;rating;review_count;years_in_business;is_veteran;created_at;updated_at;user_id;phone;phone_verified;is_verified;verification_date;verification_notes
912d9fa2-0209-435a-ab41-23d8b65c61f7;Daniel Swadley;PV System Inspector (PVSI);PVSI-060223-013640;2026-06-05;;;Devine;TX;78016;;;USA;false;[];;0;;false;2025-10-14 05:31:50.315464+00;2025-10-14 05:31:50.315464+00;;;false;false;;
6dccf9f1-32b1-4136-80e2-88dc8b47285d;Andrew Tran;PV System Inspector (PVSI);PVSI-122223-013689;2027-08-01;Sunnova;www.sunnova.com;Schertz;TX;77046;;;USA;false;[];;0;;false;2025-10-14 05:31:50.315464+00;2025-10-14 05:31:50.315464+00;;;false;false;;
b9e08b82-cc59-4b63-8265-2fe4e610c876;Fabian Wells;PV Installation Professional (PVIP);PV-051624-014019;2027-05-15;Sundown Solar LLC;sundownsolarllc.com;San Antonio;TX;78231;;;USA;false;[];;0;;false;2025-10-14 05:31:50.315464+00;2025-10-14 05:31:50.315464+00;;;false;false;;
79b780c1-aa6b-49c2-b248-9a0d9ba6e7b3;Alona Pavlenko;PV Installation Professional (PVIP);PV-042118-020598;2027-06-21;Altis Energy;http://altisenergy.com/;Buda;TX;78610;;;USA;false;[];;0;;false;2025-10-14 05:35:11.831222+00;2025-10-14 05:35:11.831222+00;;;false;false;;
74c18840-fa4c-4a55-bb86-4b4f531b7728;John Williams;PV Installation Professional (PVIP);031310-91;2027-04-19;;;Austin;TX;78744;;;USA;false;[];;0;;false;2025-10-14 05:31:50.315464+00;2025-10-16 10:11:27.263586+00;;	+1 512-451-5511;false;false;;
db574efd-c2d4-4245-9181-49e4efb1ce79;Henry Wood;PV Installation Professional (PVIP);PV-012214-003923;2026-06-12;Freedom Solar and Electric, LLC;advancedsolar.com;Mansfield;TX;76832;;;USA;false;[];;0;;false;2025-10-14 05:31:50.315464+00;2025-10-16 10:11:28.943949+00;;	+1 972-935-6787;false;false;;
5f240067-8d5c-4c15-bacb-022a184d2d78;Trevor Wooden;PV System Inspector (PVSI);PVSI-042724-013706;2027-06-24;Signature Solar;;Sulphur Springs;TX;75559;;;USA;false;[];;0;;false;2025-10-14 05:31:50.315464+00;2025-10-16 10:11:30.568479+00;;	+1 903-441-2090;false;false;;
6cce5c30-a250-4efb-a359-333a366c2267;Rudy Wright;PV Installation Professional (PVIP);(P)-020122-177;2027-12-17;Wright Way Solar Technologies;www.wright-wsq.com;Tyler;TX;75703;;;USA;false;[];;0;;false;2025-10-14 05:31:50.315464+00;2025-10-16 10:11:32.322638+00;;	+1 903-561-5191;false;false;;
8410b2cc-d143-4d8d-a196-d6be862260dd;Brent Staggs;PV System Inspector (PVSI);PVSI-122223-013689;2026-12-20;Signature Solar LLC;www.signaturesolar.com;Sulphur Springs;TX;75482;;;USA;false;[];;0;;false;2025-10-14 05:31:50.315464+00;2025-10-16 10:11:33.755111+00;;	+1 903-441-2090;false;false;;
4ef466a4-5072-456a-b8ed-013d640a929b;Shane Swan;PV Installation Professional (PVIP);092411-140;2025-11-01;Now Energy LLC;nrgenergyllc.com;Wimberley;TX;78676;;;USA;false;[];;0;;false;2025-10-14 05:31:50.315464+00;2025-10-16 10:11:38.705164+00;;	+1 866-227-1352;false;false;;
3e6800ce-7a2d-4bab-ae45-a98ce480c118;Mohammed Taha;PV Installation Professional (PVIP);PV-052522-013625;2027-05-05;Solstice Solar LLC;http://solsticesolar.com/;Houston;TX;77040;;;USA;false;[];;0;;false;2025-10-14 05:31:50.315464+00;2025-10-16 10:11:40.264909+00;;	+1 281-801-4211;false;false;;
856b4606-b31c-4636-b11d-f7c24dadb170;Sean Taylor;PV Installation Professional (PVIP);PV-090422-013673;2028-08-06;Texas Solar Guys;https://texassolarguys.com/;Buda;TX;78610;;;USA;false;[];;0;;false;2025-10-14 05:31:50.315464+00;2025-10-16 10:11:41.70424+00;;	+1 512-565-4767;false;false;;
90def14e-6b6a-48a8-a845-8256ffc39b3d;Steven Thompson;PV Installation Professional (PVIP);PV-041722-013621;2028-04-23;Power up Solar 21 LLC;www.powerupsolar21@yahoo.com;Katy;TX;77494;;;USA;false;[];;0;;false;2025-10-14 05:31:50.315464+00;2025-10-16 10:11:43.215764+00;;	+1 916-824-4650;false;false;;
dd6741a7-49c4-4b98-93d6-6b88e4e4ff62;Tony Trammell;PV Installation Professional (PVIP);101124-139;2027-01-31;Sol Nova Electric;www.solnovaelectric.com;Fort Worth;TX;76118;;;USA;false;[];;0;;false;2025-10-14 05:31:50.315464+00;2025-10-16 10:11:44.493912+00;;	+1 833-765-6682;false;false;;
54711d64-6dc1-4389-974d-a09ba2bc21e7;Jeremy Turner;PV Installation Professional (PVIP);Multiple;2028-03-11;Niro;https://mynirobome.com/;Pearland;TX;77584;;;USA;false;[];;0;;false;2025-10-14 05:31:50.315464+00;2025-10-16 10:11:47.196058+00;;	+1 832-756-4800;false;false;;
d55ace6f-f79b-4a7a-a960-750bd814ac07;Brian Turner;PV Design Specialist (PVDS);PVDS-081422-013754;2028-03-11;Niro;https://mynirobome.com/;Houston;TX;77043;;;USA;false;[];;0;;false;2025-10-14 05:31:50.315464+00;2025-10-16 10:11:49.212955+00;;	+1 832-400-4751;false;false;;
ba8e152f-f22f-4101-97bc-6a96f738b35d;Manuel Vallejo;PV Installation Professional (PVIP);PV-022124-013823;2026-02-20;ETW Energy LLC;;San Antonio;TX;78219;;;USA;false;[];;0;;false;2025-10-14 05:31:50.315464+00;2025-10-16 10:11:52.080909+00;;	+1 210-201-4453;false;false;;
822ae128-4793-4a79-938c-21e2fb6ac41a;Jacob Parz;PV Installation Professional (PVIP);PV-101419-028280;2025-12-14;;;Austin;TX;78745;;;USA;false;[];;0;;false;2025-10-14 05:35:11.831222+00;2025-10-16 10:11:54.987488+00;;	+1 512-314-3100;false;false;;
b429ad2c-953c-40c2-8bec-6f922c946a97;Chirag Patel;PV Installation Professional (PVIP);PV-102117-019242;2026-12-21;Ecoelectrics, LLC;www.ecoelectrictxusa.com;Austin;TX;78737;;;USA;false;[];;0;;false;2025-10-14 05:35:11.831222+00;2025-10-16 10:11:56.306031+00;;	+1 512-717-0660;false;false;;
ac6b21c0-5a0e-4850-81a1-43de2720eb0a;Payton Pearsall;PV System Inspector (PVSI);PVSI-050924-013627;2027-05-08;Signature Solar;;Sulphur Springs;TX;75482;;;USA;false;[];;0;;false;2025-10-14 05:35:11.831222+00;2025-10-16 10:11:58.219296+00;;	+1 903-441-2090;false;false;;
ccb0e255-be38-4c20-8b59-35f871f48876;KELLI PEDERSEN;PV Technical Sales Professional (PVTS);TS-010822-013622;2026-01-05;Longhorn Solar;longhornSolar.com;Pflugerville;TX;78660;;;USA;false;[];;0;;false;2025-10-14 05:35:11.831222+00;2025-10-16 10:11:59.361208+00;;	+1 512-837-4800;false;false;;
08caa395-d709-4180-8e40-808781bcfc47;Louis Petrik;PV Installation Professional (PVIP);031319-173;2025-04-19;Longhorn Solar;www.longhornsolar.com;Round Rock;TX;78665;;;USA;false;[];;0;;false;2025-10-14 05:35:11.831222+00;2025-10-16 10:12:00.831098+00;;	+1 512-837-4800;false;false;;
a785823f-c014-40bf-8dbc-58508a59480e;Martha Pipkin;PV Design Specialist (PVDS);PVDS-081424-013777;2028-08-14;Lighthouse Solar;www.lighthousesolarrx.com;Austin;TX;78704;;;USA;false;[];;0;;false;2025-10-14 05:35:11.831222+00;2025-10-16 10:12:03.192525+00;;	+1 512-476-5555;false;false;;
e03dfcf1-c375-4c00-89f0-14860ed1d5e3;Chadwyck Preece;PV Installation Professional (PVIP);PV-041115-002963;2027-06-11;Freedom Solar;www.freedomsolarpower.com;Austin;TX;78733;;;USA;false;[];;0;;false;2025-10-14 05:35:11.831222+00;2025-10-16 10:12:04.468648+00;;	+1 512-759-8313;false;false;;
fa7c0895-ca64-48d4-946f-c09997e27618;Nicholas Radzykewycz;PV Design Specialist (PVDS);PVDS-032824-013736;2027-03-27;Supernova Solar DBA Smartsan Energy;;Katy;TX;77493;;;USA;false;[];;0;;false;2025-10-14 05:35:11.831222+00;2025-10-16 10:12:05.937645+00;;	+1 346-704-2198;false;false;;
d5363f1d-c5a9-4268-b949-397d93650a82;Abdur Rahman;PV Installation Professional (PVIP);PV-042118-020489;2027-06-21;;;Austin;TX;78727;;;USA;false;[];;0;;false;2025-10-14 05:35:11.831222+00;2025-10-16 10:12:07.326264+00;;	+1 512-563-3913;false;false;;
1e0e9ca6-f6e7-4a3b-9aee-bf725276a28e;Austin Reyes;PV System Inspector (PVSI);PVSI-092324-013728;2027-09-23;Signature Solar;https://signaturesolar.com/?trailer=#KDExoSDqyhAGcuaW9RRbcHOjWHQ-CtapG_kA#7uaLoxmPPH8k8r48;Sulphur Springs;TX;75482;;;USA;false;[];;0;;false;2025-10-14 05:35:11.831222+00;2025-10-16 10:12:09.510681+00;;	+1 903-441-2090;false;false;;
5864434a-8480-4bb9-b279-22b55bde65e1;Justin Reynolds;PV Installation Professional (PVIP);PV-020224-013964;2027-02-01;JRay Electrical;;Austin;TX;78728;;;USA;false;[];;0;;false;2025-10-14 05:35:11.831222+00;2025-10-16 10:12:10.776923+00;;	+1 512-981-8215;false;false;;
3f44d842-d907-4437-abfe-a8c7da40c55e;Jay Richardson;PV Installation Professional (PVIP);PV-102018-021867;2027-12-20;Jiles Solar Power, LLC;https://www.jilesllc.com;New Braunfels;TX;78130;;;USA;false;[];;0;;false;2025-10-14 05:35:11.831222+00;2025-10-16 10:12:11.984547+00;;	+1 830-401-9972;false;false;;
d31dc8f0-dc6b-458f-b4ca-0915bfa03f95;Miguel Rivera;PV Installation Professional (PVIP);PV-042217-016714;2026-06-22;;;San Antonio;TX;78254;;;USA;false;[];;0;;false;2025-10-14 05:35:11.831222+00;2025-10-16 10:12:13.406779+00;;	+1 813-879-8045;false;false;;
19ae9ed5-17d2-4f48-9f3f-66325ae8786e;Jeremy Roberts;PV Installation Professional (PVIP);PV-022721-017057;2027-04-27;Fortress Power;fortresspower.com;Bastrop;TX;78602;;;USA;false;[];;0;;false;2025-10-14 05:35:11.831222+00;2025-10-16 10:12:14.843882+00;;	+1 877-497-6937;false;false;;
58c116cb-d657-4b5a-a222-45c711164f30;Ashley Monroe;PV Installation Professional (PVIP);PV-042617-017802;2027-06-26;Plainsman Engineering;;Austin;TX;78640;;;USA;false;[];;0;;false;2025-10-14 05:38:44.5254+00;2025-10-16 10:12:16.109576+00;;	+1 512-454-8711;false;false;;
57abc5b6-9eac-4261-81e9-540f8184cec8;Jayla Moulder;PV System Inspector (PVSI);PVSI-062124-013710;;Signature Solar;;Lubbock;TX;79423;;;USA;false;[];;0;;false;2025-10-14 05:38:44.5254+00;2025-10-16 10:12:17.341054+00;;	+1 903-441-2090;false;false;;
5cd33233-3127-4d79-abb9-c4eeb7fa21c2;Ricardo Mugica;PV Design Specialist (PVDS);PVDS-111822-013721;;;;San Antonio;TX;78218;;;USA;false;[];;0;;false;2025-10-14 05:38:44.5254+00;2025-10-14 05:38:44.5254+00;;;false;false;;
f45b60f1-1ad5-421f-97d6-ebc98f9ca434;Artura Lefevra;PV Installation Professional (PVIP);PV-122323-01827;2026-12-22;;;Lubbock;TX;79366;;;USA;false;[];;0;;false;2025-10-14 05:38:44.5254+00;2025-10-14 05:38:44.5254+00;;;false;false;;
31cd405a-f5d2-4b20-9f54-aa98a153be01;Laura Lorenilo;PV Technical Sales Professional (PVTS);TS-021924-027;;BOE power LLC;https://boepower.energy;Rockdale;TX;75451;;;USA;false;[];;0;;false;2025-10-14 05:38:44.5254+00;2025-10-14 05:38:44.5254+00;;;false;false;;
04c9ad8b-5c43-4984-8cc9-58794fb2d412;Jamber Lyman;PV Installation Professional (PVIP);PV-111123-013933;;;www.lesscrews.com;Ft Worth;TX;76123;;;USA;false;[];;0;;false;2025-10-14 05:38:44.5254+00;2025-10-14 05:38:44.5254+00;;;false;false;;
4dbf7bbb-1043-4106-a68d-ce77aab738bd;Lynell Mauett;PV Installation Professional (PVIP);PV-101717-019340;;;;Milano;TX;76262;;;USA;false;[];;0;;false;2025-10-14 05:38:44.5254+00;2025-10-14 05:38:44.5254+00;;;false;false;;
a61f4a21-8187-4ed6-ac48-58c08adf0239;Elijah Nava;PV Commissioning & Maintenance Specialist (PVCMS);PVCMS-032322-013694;2027-03-01;JTV Solar;solarptastx.com;Eldorado Springs;TX;76251;;;USA;false;[];;0;;false;2025-10-14 05:38:44.5254+00;2025-10-16 10:12:20.953471+00;;	+1 325-853-1000;false;false;;
d3b6c5a4-b439-44ad-b2ae-d8f91073bac6;David Neuman;PV Installation Professional (PVIP);PV-061220-028593;;Solarus;www.solarus.com;Lubbock;TX;79106;;;USA;false;[];;0;;false;2025-10-14 05:38:44.5254+00;2025-10-16 10:12:22.094988+00;;	+1 469-651-9836;false;false;;
614e85ef-68f9-44fe-bbe3-a9fa8b067592;Vance Rollo;PV Installation Professional (PVIP);021111-31;;Akam-Energ LLC;www.akamenerg.com;Houston;TX;77043;;;USA;false;[];;0;;false;2025-10-14 05:38:44.5254+00;2025-10-16 10:12:23.370757+00;;	+1 281-655-3200;false;false;;
a16aa873-cf75-4410-8368-983b75f5a13c;Aaron Noffsinger;PV Installation Professional (PVIP);PV-062023-013878;;GreenMT Solar;www.greenmtsolar.com/;Lubbock;TX;79373;;;USA;false;[];;0;;false;2025-10-14 05:38:44.5254+00;2025-10-16 10:12:24.749764+00;;	+1 806-334-3150;false;false;;
853a78e8-f67c-4b78-874c-ae57443b7ed0;Robert O'Hara;PV Installation Professional (PVIP);;;Solarus;https://www.solarus.com/solar-funding-energy;Lubbock;TX;79414;;;USA;false;[];;0;;false;2025-10-14 05:38:44.5254+00;2025-10-16 10:12:26.373787+00;;	+1 469-651-9836;false;false;;
32a04e3f-f14c-468c-9fd7-7e0141a72b5d;Adrianne Oiler;PV Installation Professional (PVIP);;;;freedomsolarpower.com;Wylie;TX;75087;;;USA;false;[];;0;;false;2025-10-14 05:38:44.5254+00;2025-10-16 10:12:27.557892+00;;	+1 972-433-7060;false;false;;
ccbccc70-9cfd-4f6e-a24f-23e2ee2c035e;Clayton Parker;PV Installation Professional (PVIP);PV-011119-18430;;Enpower Off-Grid;www.empoweroffgrid.com;Austin;TX;78745;;;USA;false;[];;0;;false;2025-10-14 05:38:44.5254+00;2025-10-16 10:12:30.257121+00;;	+1 737-379-9299;false;false;;
3d0b7722-4513-40ae-a8e5-3d89bf979b2b;Timothy Liina;PV Installation Professional (PVIP);PV-042415-012153;2027-06-24;Texar Solar;www.texar-solar.com/;Waxahachie;TX;75601;;;USA;false;[];;0;;false;2025-10-14 05:38:44.5254+00;2025-10-16 10:12:32.545594+00;;	+1 469-581-0008;false;false;;
b01b575a-4ce4-4fbb-920e-9bcb42918f61;Shawn Little;PV System Inspector (PVSI);PVSI-021024-013675;2027-01-30;Signature Solar;https://signture.com;Sulphur Springs;TX;75486;;;USA;false;[];;0;;false;2025-10-14 05:38:44.5254+00;2025-10-16 10:12:33.896195+00;;	+1 903-441-2090;false;false;;
23bbbe3b-8315-48d7-95ec-2ff91827df65;Phillip Lofxfer;PV System Inspector (PVSI);PVSI-050524-013788;2027-05-03;;;Sulphur Springs;TX;75482;;;USA;false;[];;0;;false;2025-10-14 05:38:44.5254+00;2025-10-16 10:12:35.086582+00;;	+1 903-885-7571;false;false;;
71a3cff5-2730-4490-8883-f94cf96f6e30;Lois Lopez;PV Installation Professional (PVIP);PV-102522-013771;;Texas Solar;www.texas-solar.com/;San Antonio;TX;79364;;;USA;false;[];;0;;false;2025-10-14 05:38:44.5254+00;2025-10-16 10:12:36.714029+00;;	+1 210-802-4222;false;false;;
b6d1c07d-446a-41e0-947f-ae93026a8819;Zachary Lopez;PV Installation Professional (PVIP);;;Big Sun Solar;www.bigsunsolar.com/;San Antonio;TX;78215;;;USA;false;[];;0;;false;2025-10-14 05:38:44.5254+00;2025-10-16 10:12:38.015137+00;;	+1 210-960-2303;false;false;;
ae501a2d-ebe6-46d4-9215-e47b1f60a1a9;Nicolas Lyons;PV Installation Professional (PVIP);PV-111522-013765;2027-11-22;;freedomsolarpower.com;Lubbock;TX;79414;;;USA;false;[];;0;;false;2025-10-14 05:38:44.5254+00;2025-10-16 10:12:42.31775+00;;	+1 806-730-6596;false;false;;
34a12564-273a-4714-b189-c879d870fd15;Hans Maggio;PV Design Specialist (PVDS);PVDS-032924-013629;2026-03-23;;;Dallas;TX;75209;;;USA;false;[];;0;;false;2025-10-14 05:38:44.5254+00;2025-10-16 10:12:43.589906+00;;	+1 832-280-8838;false;false;;
3148b56a-7cc0-4445-a704-c08dadbf63bd;Yagnew Manengenegle;PV Installation Professional (PVIP);PV-071523-013661;2026-07-12;;https://g4electronics.com/;Dallas;TX;75234;;;USA;false;[];;0;;false;2025-10-14 05:38:44.5254+00;2025-10-16 10:12:44.66586+00;;	+1 214-894-5040;false;false;;
1f839fa1-6e32-4dcd-abd7-3d364881c9d0;Robert Martinez;PV Installation Professional (PVIP);PV-120116-013177;;;;Lubbock;TX;75372;;;USA;false;[];;0;;false;2025-10-14 05:38:44.5254+00;2025-10-16 10:12:45.922978+00;;	+1 806-762-3597;false;false;;
dea8e805-c664-4fa3-bbdc-f08bf81b5fa4;Jason Maxillom;PV Installation Professional (PVIP);89321-223;;East Texas Power;;Livingston;TX;75347;;;USA;false;[];;0;;false;2025-10-14 05:38:44.5254+00;2025-10-16 10:12:48.094339+00;;	+1 936-229-4000;false;false;;
2c42e12f-72b5-4085-aff5-75e9602326a5;Steve Johnson;PV Installation Professional (PVIP);091109-72;;Madere LLC;alevara.us;Wichita;TX;76303;;;USA;false;[];;0;;false;2025-10-14 05:38:44.5254+00;2025-10-16 10:12:49.26684+00;;	+1 940-267-0063;false;false;;
868d31a1-5b18-4c0d-8239-9093583385d1;Aaron Johnson;PV System Inspector (PVSI);PVSI-022024-013696;2027-02-18;Signature Solar;;Sulphur Springs;TX;75482;;;USA;false;[];;0;;false;2025-10-14 05:38:44.5254+00;2025-10-16 10:12:50.177002+00;;	+1 903-441-2090;false;false;;
8258b04e-d8b3-40dc-86a3-1d3224074db9;Paul Johnson;PV Installation Professional (PVIP);PV-012321-013613;;Impact Solar Solutions, LLC;;New Braunfels;TX;78130;;;USA;false;[];;0;;false;2025-10-14 05:38:44.5254+00;2025-10-16 10:12:51.366191+00;;	+1 866-395-1975;false;false;;
2008ca2d-8605-495e-a92a-5111b6048bf7;Christopher Johnson;PV Installation Professional (PVIP);PV-082422-014362;2025-02-22;Austin Energy;;Austin;TX;76401;;;USA;false;[];;0;;false;2025-10-14 05:38:44.5254+00;2025-10-16 10:12:52.55452+00;;	+1 512-494-9400;false;false;;
a3afda27-83f8-4daa-8fdd-e7f2ff76e22c;Sueanne Jones;PV Design Specialist (PVDS);PVDS-062024-013824;2026-06-19;;;Burketsville;TX;77827;;;USA;false;[];;0;;false;2025-10-14 05:38:44.5254+00;2025-10-16 10:12:53.899605+00;;	+1 903-753-7291;false;false;;
1b1d140d-8ae0-43e0-925d-319976b51621;Erik Karr;PV Installation Professional (PVIP);072212-39;2025-09-12;Native Solar, LLC;www.nativesolar.com/;Austin;TX;78745;;;USA;false;[];;0;;false;2025-10-14 05:38:44.5254+00;2025-10-16 10:12:57.096902+00;;	+1 855-234-3131;false;false;;
aa3a4ff8-58b9-428f-b514-9024e3429365;Julio Kumbakari;PV Installation Professional (PVIP);021019-26;;;Arkom.com;Houston;TX;78201;;;USA;false;[];;0;;false;2025-10-14 05:38:44.5254+00;2025-10-16 10:12:58.135625+00;;	+1 281-974-1767;false;false;;
1c5146dc-ae68-4182-979f-33c5a4dc2972;Charles Kirk;PV Installation Professional (PVIP);101110-76;2028-10-14;;https://biggestbuilder.com/;San Antonio;TX;78201;;;USA;false;[];;0;;false;2025-10-14 05:38:44.5254+00;2025-10-16 10:12:59.541507+00;;	+44 116 277 3336;false;false;;
71023174-9c1d-4076-b876-b1f981bd75ae;Christopher Knight;PV Technical Sales Professional (PVTS);TS-092623-013630;2026-03-23;;www.suncaleum.com;Houston;TX;77007;;;USA;false;[];;0;;false;2025-10-14 05:38:44.5254+00;2025-10-16 10:13:00.677278+00;;	+1 713-653-8810;false;false;;
8b1f9788-8e96-4add-8dac-75cb481cfa07;Guy Kohlko;PV Installation Professional (PVIP);PV-042219-10449;2026-06-12;;;Lubbock;TX;78201;;;USA;false;[];;0;;false;2025-10-14 05:38:44.5254+00;2025-10-16 10:13:02.107613+00;;	+1 806-797-7000;false;false;;
2d08f7bf-51a4-4ce6-989d-d071031f94b9;Michael Lafiectis;PV Installation Professional (PVIP);81221-88;2024-11-01;;www.mileskoldelectricalservice.com/;Dallas;TX;75238;;;USA;false;[];;0;;false;2025-10-14 05:38:44.5254+00;2025-10-16 10:13:03.340021+00;;	+1 469-227-9333;false;false;;
0c69ed65-1f20-4de2-891c-f6ea46b7a221;Travis Lakey;PV Installation Professional (PVIP);PV-070223-013875;;;;Lubbock;TX;75233;;;USA;false;[];;0;;false;2025-10-14 05:38:44.5254+00;2025-10-16 10:13:04.711312+00;;	+1 806-783-0800;false;false;;
40356799-7e88-47c7-802e-73a7913fa9ae;Jameason Dillon;PV Technical Sales Professional (PVTS);PV-TS/08482-9/20/22;2025-09-20;Longhorn Solar;https://longhornsolar.com;Austin;TX;78701;;;USA;false;[];;0;;false;2025-10-14 06:03:38.119954+00;2025-10-16 10:13:08.206404+00;;	+1 512-837-4800;false;false;;
a69fc0fe-5933-40aa-bf5a-5ac12e096d33;KJ Douglass;PV Installation Professional (PVIP);PV-IP/13458/1;2026-04-01;Pro Solar Installers;https://prosolarinstallers.com;Houston;TX;75133;;;USA;false;[];;0;;false;2025-10-14 06:03:38.119954+00;2025-10-16 10:13:09.743108+00;;	+1 832-377-7193;false;false;;
edf73620-c8c2-4097-986c-01c1d92c7b7e;Aaron Dugan;PV Installation Professional (PVIP);PV-IP/132568;2026-04-01;Tesla;https://tesla.com;Austin;TX;78234;;;USA;false;[];;0;;false;2025-10-14 06:03:38.119954+00;2025-10-16 10:13:11.14887+00;;	+1 512-516-8177;false;false;;
97189177-5231-46e8-873a-038e90e225c3;Jaukae Farmer;PV System Inspector (PVSI);PV-SI/02527;2026-06-15;KBK Renewables;;Sulphur Springs;TX;75482;;;USA;false;[];;0;;false;2025-10-14 06:03:38.119954+00;2025-10-14 06:03:38.119954+00;;;false;false;;
7224adae-e731-403d-9e2a-c896214a60c8;Gary Fuchs;PV System Inspector (PVSI);PV-SI/02472/9/10-2023;2026-09-10;Abundant Solar;;San Antonio;TX;78240;;;USA;false;[];;0;;false;2025-10-14 06:03:38.119954+00;2025-10-14 06:03:38.119954+00;;;false;false;;
94b73f48-441a-49cc-a0dd-f66d5cab9c87;Nicholas Gilliland;PV Installation Professional (PVIP);PV-IP/132373/03/15;2026-03-15;Tesla;https://teslaenergy.com;Wichita Falls;TX;76301;;;USA;false;[];;0;;false;2025-10-14 06:03:38.119954+00;2025-10-14 06:03:38.119954+00;;;false;false;;
4016051d-8f70-4764-81b8-a19e59503691;Phuri Heng;PV System Inspector (PVSI);PV-SI/02426/01-13-711;2026-01-13;;;Austin;TX;78753;;;USA;false;[];;0;;false;2025-10-14 06:03:38.119954+00;2025-10-14 06:03:38.119954+00;;;false;false;;
02ed817f-5533-45bd-9368-db4ba2d0b34c;Justin Duncan;PV Installation Professional (PVIP);PV-IP/128464;2026-09-24;Easton Energy Services;;Houston;TX;77063;;;USA;false;[];;0;;false;2025-10-14 06:03:38.119954+00;2025-10-16 10:13:13.556208+00;;	+1 281-336-1468;false;false;;
ce8d5983-c876-4f10-b845-6a218ccae2ea;Bret Dupleissis;PV Installation Professional (PVIP);PV-IP/126527;2026-12-24;Green Lake Solar;;Houston;TX;77021;;;USA;false;[];;0;;false;2025-10-14 06:03:38.119954+00;2025-10-16 10:13:14.82571+00;;	+1 346-209-9933;false;false;;
c4bdae13-7a8b-43c1-be2c-e5b72ffe3aeb;Francesco Duran;PV Installation Professional (PVIP);PV-IP/04042/3-30-2025;2025-03-30;Green Dream Solar LLC;;Bexar County;TX;78123;;;USA;false;[];;0;;false;2025-10-14 06:03:38.119954+00;2025-10-16 10:13:16.117687+00;;	+1 830-438-3396;false;false;;
be43faf7-2794-4ece-a325-12cc62d056f4;Andrew Durham;PV Installation Professional (PVIP);PV-IP/103448;2025-05-23;Clean Green Energy;;Lubbock;TX;79336;;;USA;false;[];;0;;false;2025-10-14 06:03:38.119954+00;2025-10-16 10:13:17.542866+00;;	+1 512-986-2530;false;false;;
35c3d55a-307e-491f-ade1-6f6cb841be40;Nevid Ely;PV Installation Professional (PVIP);PV-IP/102012/10/8/22;2025-10-08;Tesla;https://tesla.com;Lubbock;TX;79721;;;USA;false;[];;0;;false;2025-10-14 06:03:38.119954+00;2025-10-16 10:13:20.028986+00;;	+1 806-503-6224;false;false;;
592f4731-1913-4572-8cb8-fb066a489d0f;Stephen Engel;PV Installation Professional (PVIP);PV-IP/104764/1/19/22;2025-01-19;Engel Electric;https://engelelectric.com;San Antonio;TX;78210;;;USA;false;[];;0;;false;2025-10-14 06:03:38.119954+00;2025-10-16 10:13:21.374928+00;;	+1 210-897-6527;false;false;;
122ce4a4-7af8-40f2-816c-30da8b7e77c7;Derek Evans;PV Design Specialist Professional (PVDS);PV-DS/08440;2025-08-01;NATPRE Solar;https://natpresolar.com;Austin;TX;78745;;;USA;false;[];;0;;false;2025-10-14 06:03:38.119954+00;2025-10-16 10:13:22.705734+00;;	+1 512-379-8332;false;false;;
72e268c1-eb7b-4edd-b37b-517167ee1b40;Jean Ewusi;PV Technical Sales Professional (PVTS);PV-TS/08386-5/1-2025;2025-05-01;Longhorn Solar;https://longhornsolar.com;Austin;TX;78701;;;USA;false;[];;0;;false;2025-10-14 06:03:38.119954+00;2025-10-16 10:13:23.592884+00;;	+1 512-837-4800;false;false;;
50092e55-1257-450d-bf49-b27465f0ccc2;Anthony Fernandez;PV Installation Professional (PVIP);PV-IP/132756;2026-04-29;Prism Solar;;Austin;TX;78145;;;USA;false;[];;0;;false;2025-10-14 06:03:38.119954+00;2025-10-16 10:13:25.898491+00;;	+1 202-891-4674;false;false;;
42854311-7ac0-4427-a7a5-f050f8c02272;Gianluca Ferretti;PV Installation Professional (PVIP);PV-IP/124152;2026-10-14;Eco-Green Renewable;https://ecogreenrenewable.com;Corpus Christi;TX;78418;;;USA;false;[];;0;;false;2025-10-14 06:03:38.119954+00;2025-10-16 10:13:27.081133+00;;	+1 888-229-0213;false;false;;
b285a0ec-f0e3-4405-9b39-b51c205a9a9d;Freddy Ferre;PV Installation Professional (PVIP);PV-IP/02222/2-6-14-23;2025-02-06;Solar White, LLC;https://solarwhite.com;Katy;TX;77492;;;USA;false;[];;0;;false;2025-10-14 06:03:38.119954+00;2025-10-16 10:13:28.548094+00;;	+1 210-325-1110;false;false;;
8d0f2764-b262-4761-8f20-ea40fba7e8f5;Ben Flynn;PV Installation Professional (PVIP);PV-IP/04421/12/17/14;2025-12-17;Orange Fox, LLC;https://orangefoxrenewables.com;Austin;TX;78749;;;USA;false;[];;0;;false;2025-10-14 06:03:38.119954+00;2025-10-16 10:13:31.00163+00;;	+1 512-488-1120;false;false;;
35607b8a-1728-40c5-afe2-3293ce9c47af;Ryan Foltz;PV Installation Professional (PVIP);PV-IP/01326/2-25-9/3;2025-02-25;3rd Generation;;San Antonio;TX;78258;;;USA;false;[];;0;;false;2025-10-14 06:03:38.119954+00;2025-10-16 10:13:32.201766+00;;	+1 210-224-9588;false;false;;
676951af-313f-4372-acd8-2fa1ff0d5fac;Michael Fry;PV Installation Professional (PVIP);PV-IP/107888/1;2026-07-29;Sonfis, LLC;;Fort Worth;TX;76104;;;USA;false;[];;0;;false;2025-10-14 06:03:38.119954+00;2025-10-16 10:13:33.40582+00;;	+1 817-231-0171;false;false;;
7805b00c-60f0-4e47-8790-b32200de1c40;Jacob Gardiner;PV System Inspector (PVSI);PV-SI/02439/7-29-2025;2025-07-29;Sonepar Solar;https://soneparsolar.com;Houston;TX;77060;;;USA;false;[];;0;;false;2025-10-14 06:03:38.119954+00;2025-10-16 10:13:35.582552+00;;	+1 281-469-6693;false;false;;
104a8fa8-7cd6-4347-a72e-6bd06fa3f244;Jim Gates;PV Installation Professional (PVIP);PV-IP/128450;2026-09-24;Green Solar Rocket;;Houston;TX;77001;;;USA;false;[];;0;;false;2025-10-14 06:03:38.119954+00;2025-10-16 10:13:37.036155+00;;	+1 346-209-9933;false;false;;
e445f1c7-3540-42d2-8db2-ef52f1c3dabb;Dayton Gifford;PV Installation Professional (PVIP);PV-IP/02022/03-26-27;2027-03-26;DG Renewables;https://dgrenewables.com;Sulphur Springs;TX;75482;;;USA;false;[];;0;;false;2025-10-14 06:03:38.119954+00;2025-10-16 10:13:38.225717+00;;	+1 956-686-6040;false;false;;
97057286-e897-471b-982f-cb3825ce6f01;Koen Goggans;PV Installation Professional (PVIP);PV-IP/04042/5-15-573;2025-05-15;NRG Renewables;https://nrgsolar.com;Sulphur Springs;TX;75482;;;USA;false;[];;0;;false;2025-10-14 06:03:38.119954+00;2025-10-16 10:13:41.431999+00;;	+1 833-464-4674;false;false;;
aeabd736-7eb5-4b7b-b3b3-fbf6c1f15381;Charles Gonzales;PV Installation Professional (PVIP);PV-IP/102172/11/1/22;2025-11-01;Solar Electric Texas L.L.C;http://solarelectrictexas.com;San Antonio;TX;78229;;;USA;false;[];;0;;false;2025-10-14 06:03:38.119954+00;2025-10-16 10:13:44.718212+00;;	+1 210-802-4222;false;false;;
43a76289-db4a-4cf6-b2c8-27a975559f79;Elias Gonzalez;PV Installation Professional (PVIP);PV-IP/04041/5-13-174;2025-05-13;Elias Solar, Inc.;https://eliassolar.com;San Antonio;TX;78218;;;USA;false;[];;0;;false;2025-10-14 06:03:38.119954+00;2025-10-16 10:13:46.041245+00;;	+1 713-239-9133;false;false;;
f247287f-f633-4315-8e17-6b84775c93cf;Jarrett Gonzalez;PV Installation Professional (PVIP);PV-IP/132256/03/01;2026-03-01;Pure Energy;;New Cancy;TX;77357;;;USA;false;[];;0;;false;2025-10-14 06:03:38.119954+00;2025-10-16 10:13:48.033685+00;;	+1 866-234-8184;false;false;;
8e89eadd-5078-44fc-b831-b4e83163015d;Matthew Greenwood;PV Design Specialist (PVDS);PV-DS/08452/10/20-9/2/25;2025-10-20;Sustainable Eco;https://sustainableeco.com;Euless;TX;76040;;;USA;false;[];;0;;false;2025-10-14 06:03:38.119954+00;2025-10-16 10:13:49.330122+00;;	+1 682-231-2982;false;false;;
9a870cc8-597b-4c0d-ab8b-8da41a5977b5;Omosewe Guerra;PV Installation Professional (PVIP);PV-IP/04011/03/27-121;2027-03-12;;;San Antonio;TX;78234;;;USA;false;[];;0;;false;2025-10-14 06:03:38.119954+00;2025-10-16 10:13:50.444084+00;;	+1 210-775-2265;false;false;;
cea39a29-ec46-409c-96d4-4456607b016d;David Guerra;PV Installation Professional (PVIP);PV-IP/04042/5-30-22/27;2027-05-30;Olympic Electric & Solar, LLC;https://olympicelectricco.13.com;San Antonio;TX;78234;;;USA;false;[];;0;;false;2025-10-14 06:03:38.119954+00;2025-10-16 10:13:51.799288+00;;	+1 210-236-8314;false;false;;
8231c82d-66f8-4e82-8532-f30280a89791;Gordan Gure;PV Installation Professional (PVIP);PV-IP/128257;2026-10-28;;;Austin;TX;78741;;;USA;false;[];;0;;false;2025-10-14 06:03:38.119954+00;2025-10-16 10:13:53.080082+00;;	+1 512-678-9333;false;false;;
f85d104e-079b-4d63-88bb-5cb0dea23936;Anthony Gust;PV Installation Professional (PVIP);PV-IP/04042/12-4-7-23;2025-12-04;Edge North America;https://edgena.com;Fort Worth;TX;76102;;;USA;false;[];;0;;false;2025-10-14 06:03:38.119954+00;2025-10-16 10:13:54.457957+00;;	+1 817-732-4473;false;false;;
9d7e73be-b530-4680-bc01-25bc89bad653;Adrian Guzman;PV Installation Professional (PVIP);PV-IP/02502/8-28-2025;2025-08-28;Kaco Energy LLC;;Fort Worth;TX;76102;;;USA;false;[];;0;;false;2025-10-14 06:03:38.119954+00;2025-10-16 10:13:55.585026+00;;	+1 210-446-4238;false;false;;
b4c11b09-ac9f-4406-a75a-82d78bc85ad0;Dana Hazlebonne;PV Installation Professional (PVIP);PV-IP/126505;2026-12-24;Bright Solar Energy LLC;;Houston;TX;77034;;;USA;false;[];;0;;false;2025-10-14 06:03:38.119954+00;2025-10-16 10:13:58.310897+00;;	+1 512-518-5771;false;false;;
4f8e72ba-3e78-4e7c-8aa9-420d66c0a165;Panhandle Solar Consultants;Solar Installation;Imported;;Panhandle Solar Consultants;http://www.panhandlesolarconsultants.com/;Amarillo;Texas;;;;US;false;"[""Solar energy equipment supplier""]";4.6;11;;false;2025-10-16 10:09:25.173362+00;2025-10-16 10:09:25.173362+00;;(806) 730-0399;false;false;;
ef918bde-f3d4-47c2-a2c2-766a9c341b0e;Solar Screens Killeen;Solar Installation;Imported;;Solar Screens Killeen;https://www.solarscreenskillen.com/;Nolanville;Texas;;;;US;false;"[""Window tinting service""]";;0;;false;2025-10-16 10:09:25.464325+00;2025-10-16 10:09:25.464325+00;;(254) 458-4116;false;false;;
9e99d2fc-f902-48cf-813f-2ef5f72576ff;Solar Service;Solar Installation;Imported;;Solar Service;https://www.solarservice-tx.com/;Harker Heights;Texas;;;;US;false;"[""Electrician""]";;0;;false;2025-10-16 10:09:25.724147+00;2025-10-16 10:09:25.724147+00;;(844) 248-0335;false;false;;
6cf777a5-26be-4466-b68f-02c9adcd9659;Solar Supply Inc;Solar Installation;Imported;;Solar Supply Inc;http://www.solarsupply.us/;Waco;Texas;;;;US;false;"[""Wholesaler""]";;0;;false;2025-10-16 10:09:26.312961+00;2025-10-16 10:09:26.312961+00;;(254) 756-6527;false;false;;
e1cfe1e5-7d78-4cbc-a9f8-02361160d0a3;Solar Installer Texas;Solar Installation;Imported;;Solar Installer Texas;https://powur.com/scott.antcliff/solar;Lakeway;Texas;;;;US;false;"[""Solar energy company""]";;0;;false;2025-10-16 10:09:26.837735+00;2025-10-16 10:09:26.837735+00;;(512) 812-7409;false;false;;
ed8aafa3-bd5f-43c7-a6f7-c1987ea38d3a;James Electrical Service LLC;Solar Installation;Imported;;James Electrical Service LLC;http://www.jameselectricalservices.us/;Gatesville;Texas;;;;US;false;"[""Electrician""]";5;10;;false;2025-10-16 10:09:27.09013+00;2025-10-16 10:09:27.09013+00;;(254) 258-7665;false;false;;
f2e88c73-93d6-4e4f-b7a9-8b1b4faf788f;Solar Farm;Solar Installation;Imported;;Solar Farm;;Mt Calm;Texas;;;;US;false;"[""Solar photovoltaic power plant""]";;0;;false;2025-10-16 10:09:27.311836+00;2025-10-16 10:09:27.311836+00;;(830) 254-4896;false;false;;
57d6e845-afaf-47d6-a5a9-7766be56d7b0;Blaze Energy;Solar Installation;Imported;;Blaze Energy;;Waco;Texas;;;;US;false;"[""Solar energy equipment supplier""]";;0;;false;2025-10-16 10:09:27.51947+00;2025-10-16 10:09:27.51947+00;;(254) 273-5004;false;false;;
82186367-79e5-4bbe-8947-305d79923f01;SolarCentralTexas;Solar Installation;Imported;;SolarCentralTexas;https://solarcentraltexas.com/;Killeen;Texas;;;;US;false;"[""Solar energy company""]";;0;;false;2025-10-16 10:09:27.7261+00;2025-10-16 10:09:27.7261+00;;(254) 245-2030;false;false;;
db7fa6d5-8db3-42db-bbaa-c3757511bfa4;Solar Supply Inc;Solar Installation;Imported;;Solar Supply Inc;http://www.solarsupply.us/;Temple;Texas;;;;US;false;"[""Air conditioning contractor""]";4.1;24;;false;2025-10-16 10:09:27.936423+00;2025-10-16 10:09:27.936423+00;;(254) 791-4822;false;false;;
3157c5ee-c0e0-4fbe-b437-a1e2d9e5730d;Solar Efficiency Experts Austin;Solar Installation;Imported;;Solar Efficiency Experts Austin;;Austin;Texas;;;;US;false;"[""Solar energy system service""]";4;4;;false;2025-10-16 10:09:28.188155+00;2025-10-16 10:09:28.188155+00;;(512) 649-9050;false;false;;
2d8e87c5-2c40-432f-a673-5f80acd8225d;2EZ Solar;Solar Installation;Imported;;2EZ Solar;http://www.2ezsolar.com/;Killeen;Texas;;;;US;false;"[""Solar energy company""]";;0;;false;2025-10-16 10:09:28.42132+00;2025-10-16 10:09:28.42132+00;;(254) 224-5500;false;false;;
92e1c0b4-7a41-4b73-a52b-dfeee0e6560d;2H Solar Training;Solar Installation;Imported;;2H Solar Training;;Harker Heights;Texas;;;;US;false;"[""Training center""]";4.4;11;;false;2025-10-16 10:09:28.645635+00;2025-10-16 10:09:28.645635+00;;(254) 294-7907;false;false;;
d0b52776-4d49-4066-8ee2-331ced70339b;Solar Brothers, LLC | Solar Installation & Hardware;Solar Installation;Imported;;Solar Brothers, LLC | Solar Installation & Hardware;;Austin;Texas;;;;US;false;"[""Solar energy equipment supplier""]";4;4;;false;2025-10-16 10:09:28.870274+00;2025-10-16 10:09:28.870274+00;;(512) 759-8690;false;false;;
c717a22a-14c6-435c-a2d5-ff70c9368402;Blevins Solar;Solar Installation;Imported;;Blevins Solar;https://www.mortenson.com/industries/solar;Eddy;Texas;;;;US;false;"[""Solar photovoltaic power plant""]";;0;;false;2025-10-16 10:09:29.097145+00;2025-10-16 10:09:29.097145+00;;(763) 522-2100;false;false;;
eb348896-23f6-4fad-ac64-e1023d3bf373;Boulder Solar Energy Services, LLC;Solar Installation;Imported;;Boulder Solar Energy Services, LLC;;Cameron;Texas;;;;US;false;"[""Solar energy company""]";;0;;false;2025-10-16 10:09:29.313288+00;2025-10-16 10:09:29.313288+00;;(254) 310-7726;false;false;;
dac30a3c-d345-423e-b4a8-1580bc4a1c7f;Power On;Solar Installation;Imported;;Power On;;Liberty Hill;Texas;;;;US;false;"[""Solar energy company""]";3.4;74;;false;2025-10-16 10:09:30.187155+00;2025-10-16 10:09:30.187155+00;;(512) 648-3268;false;false;;
a43f52dd-a4b2-4c11-9026-ea4bea0d562d;Freedom Forever;Solar Installation;Imported;;Freedom Forever;https://www.freedomforever.com/;Round Rock;Texas;;;;US;false;"[""Solar energy company""]";4;398;;false;2025-10-16 10:09:30.413355+00;2025-10-16 10:09:30.413355+00;;(888) 557-6431;false;false;;
be59e5ec-1396-4c4f-b838-a49ede7ed660;GreenGo Solar;Solar Installation;Imported;;GreenGo Solar;https://greengosolarenergy.com/;Manor;Texas;;;;US;false;"[""Solar energy company""]";5;6;;false;2025-10-16 10:09:30.627936+00;2025-10-16 10:09:30.627936+00;;(512) 674-1577;false;false;;
3d2d03b6-2f0b-4858-b2f7-dd25e8be6eca;Koala Solar;Solar Installation;Imported;;Koala Solar;https://koalasolar.com/;Austin;Texas;;;;US;false;"[""Solar energy company""]";4.6;11;;false;2025-10-16 10:09:30.852374+00;2025-10-16 10:09:30.852374+00;;(737) 299-0926;false;false;;
f3dfdb10-ce92-422b-bd66-502b875048f5;Nation Solar inc.;Solar Installation;Imported;;Nation Solar inc.;https://info.nationsolar.co/SLP?utm_source=organic&utm_medium=gmb&utm_campaign=1seo_organic_gmb;Austin;Texas;;;;US;false;"[""Solar energy company""]";5;22;;false;2025-10-16 10:09:31.074312+00;2025-10-16 10:09:31.074312+00;;(512) 379-8332;false;false;;
8f367134-82a0-4f70-8fb4-8901e907c178;SILVER ELECTRIC AND SOLAR;Solar Installation;Imported;;SILVER ELECTRIC AND SOLAR;http://www.silverelectricandsolar.com/contact.html;Leander;Texas;;;;US;false;"[""Solar energy company""]";4.1;13;;false;2025-10-16 10:09:31.304521+00;2025-10-16 10:09:31.304521+00;;(512) 529-8283;false;false;;
b914b635-6a93-475c-9ee7-4cc26c7d6d86;Crimson Solar;Solar Installation;Imported;;Crimson Solar;http://crimson-solar.com/;Austin;Texas;;;;US;false;"[""Solar energy company""]";5;3;;false;2025-10-16 10:09:31.534603+00;2025-10-16 10:09:31.534603+00;;(512) 552-7257;false;false;;
754617d0-a23b-4d70-804f-86d6ada40f1a;Good Energy Solar;Solar Installation;Imported;;Good Energy Solar;http://goodenergysolartx.com/;Cedar Park;Texas;;;;US;false;"[""Solar energy company""]";4;4;;false;2025-10-16 10:09:31.7573+00;2025-10-16 10:09:31.7573+00;;(512) 337-3697;false;false;;
527ecf20-1725-4ece-bfac-8622c4b75564;Energy Experts Solar of Austin;Solar Installation;Imported;;Energy Experts Solar of Austin;;Austin;Texas;;;;US;false;"[""Solar energy company""]";5;5;;false;2025-10-16 10:09:31.97793+00;2025-10-16 10:09:31.97793+00;;(512) 649-9287;false;false;;
97d70138-af70-4cc8-aefe-66e5c9be1291;Jessica Morris;PV Design Specialist (PVDS);PV-DS/08417/01-10-25/1;2025-01-10;Sonepar;;Round Rock;TX;78681;;;USA;false;[];;0;;false;2025-10-14 06:03:38.119954+00;2025-10-16 10:14:01.883774+00;;	+1 512-246-8001;false;false;;
b01531fb-c439-4f2c-bbd4-772d1505057b;Nicholas Hayes;PV Design Specialist (PVDS);PV-DS/08406/01-01/8/15;2025-01-01;Walsh Solar & Electrical Services;;Austin;TX;78744;;;USA;false;[];;0;;false;2025-10-14 06:03:38.119954+00;2025-10-16 10:14:05.087615+00;;	+1 817-861-6933;false;false;;
e348b435-77c3-443a-9e4f-1da01daf5579;Kit Reaven;PV Installation Professional (PVIP);PV-IP/124138;2026-10-14;Sweet Light Solar;;Waco;TX;76702;;;USA;false;[];;0;;false;2025-10-14 06:03:38.119954+00;2025-10-16 10:14:06.489287+00;;	+1 254-457-9900;false;false;;
655e1ca2-241f-4592-bb97-a841af84e5d6;Alberto Hernandez;PV Installation Professional (PVIP);PV-IP/133078/04/15;2026-04-15;MayAztil Renovations;;Mesquite;TX;75150;;;USA;false;[];;0;;false;2025-10-14 06:03:38.119954+00;2025-10-16 10:14:07.752849+00;;	+1 432-894-9941;false;false;;
f47d8885-41d5-484a-bc5c-98f7092b52f6;Josef Hernandez;PV System Inspector (PVSI);PV-SI/02523;2026-06-15;Sunbeam Solar;http://sunbeamsolar.net;Houston;TX;77055;;;USA;false;[];;0;;false;2025-10-14 06:03:38.119954+00;2025-10-16 10:14:09.092348+00;;	+1 346-888-4458;false;false;;
bd3385cf-012d-4236-adaf-eb6eafa7b4b5;Bright Energy Texas;Solar Installation;Imported;;Bright Energy Texas;https://brightenergytexas.com/;Austin;Texas;;;;US;false;"[""Solar energy company""]";5;2;;false;2025-10-16 10:09:32.201275+00;2025-10-16 10:09:32.201275+00;;(512) 518-5771;false;false;;
c9e16d47-116a-4749-8e78-992169ae9e90;Smart Solar Systems;Solar Installation;Imported;;Smart Solar Systems;;Austin;Texas;;;;US;false;"[""Solar energy company""]";4.9;23;;false;2025-10-16 10:09:32.639625+00;2025-10-16 10:09:32.639625+00;;(512) 489-7854;false;false;;
4623bbc5-8bcb-4d2d-ba06-30869ba9f2b4;Easy Simple Solar;Solar Installation;Imported;;Easy Simple Solar;https://easysimple.solar/;Austin;Texas;;;;US;false;"[""Solar energy company""]";5;17;;false;2025-10-16 10:09:33.065947+00;2025-10-16 10:09:33.065947+00;;(512) 200-9444;false;false;;
06df332e-5d75-44cd-9a4c-a1c2733f31fd;IES Texas Solar - Austin;Solar Installation;Imported;;IES Texas Solar - Austin;https://www.iestxsolar.com/;Pflugerville;Texas;;;;US;false;"[""Solar energy system service""]";5;12;;false;2025-10-16 10:09:33.488651+00;2025-10-16 10:09:33.488651+00;;(512) 766-4276;false;false;;
bb5f8c6e-ee96-4e2f-8412-827354afca19;Optimum Solar USA;Solar Installation;Imported;;Optimum Solar USA;https://optimumsolarusa.com/;Austin;Texas;;;;US;false;"[""Solar energy company""]";4.7;153;;false;2025-10-16 10:09:33.91644+00;2025-10-16 10:09:33.91644+00;;(512) 489-0044;false;false;;
4292cf41-e27e-40ae-9531-6f1dda7e829f;Texas Solar Power Company;Solar Installation;Imported;;Texas Solar Power Company;http://www.txspc.com/;Austin;Texas;;;;US;false;"[""Solar energy equipment supplier""]";4.3;13;;false;2025-10-16 10:09:34.323715+00;2025-10-16 10:09:34.323715+00;;(512) 459-9494;false;false;;
e5065bfc-430d-45fc-ba64-cd7504eccea6;Solar Service;Solar Installation;Imported;;Solar Service;https://solarservice-tx.com/;Austin;Texas;;;;US;false;"[""Solar energy company""]";5;599;;false;2025-10-16 10:09:34.752029+00;2025-10-16 10:09:34.752029+00;;(512) 537-0459;false;false;;
d9fd1621-bc48-4265-a5c9-8827776b05ad;Clearly;Solar Installation;Imported;;Clearly;;Austin;Texas;;;;US;false;"[""Solar energy system service""]";4.8;103;;false;2025-10-16 10:09:35.209083+00;2025-10-16 10:09:35.209083+00;;(512) 525-8673;false;false;;
9067c74d-050d-4754-ba1c-13c35a29c823;Greenstar Power;Solar Installation;Imported;;Greenstar Power;https://greenstarpower.com/;Round Rock;Texas;;;;US;false;"[""Solar energy company""]";4.7;167;;false;2025-10-16 10:09:35.63601+00;2025-10-16 10:09:35.63601+00;;(512) 253-7100;false;false;;
379e6624-7b38-47b4-9e6f-b532cf637d38;Solar CenTex;Solar Installation;Imported;;Solar CenTex;https://www.solarcentex.com/;Harker Heights;TX;;;;US;false;"[""Solar energy company""]";4.8;107;;false;2025-10-16 10:09:36.052543+00;2025-10-16 10:09:36.052543+00;;(254) 393-1340;false;false;;
57ddba30-b892-44b2-8ebf-d819a541d06b;Michael Novak;PV Installation Professional (PVIP);120111-27;;512 Solar;512Solar.com;Austin;TX;78742;;;USA;false;[];;0;;false;2025-10-14 05:38:44.5254+00;2025-10-16 10:09:36.532886+00;;(512) 329-2117;false;false;;
b026c1af-7117-4088-89e1-bd668f794794;Solar Power Systems Temple;Solar Installation;Imported;;Solar Power Systems Temple;http://www.solarpowersystemstexas.com/location/Temple;Temple;Texas;;;;US;false;"[""Solar energy company""]";4.4;7;;false;2025-10-16 10:09:36.992604+00;2025-10-16 10:09:36.992604+00;;(254) 414-0625;false;false;;
4b9fa8cd-834d-4d05-8c66-9e861d5c168b;SunAura Energy;Solar Installation;Imported;;SunAura Energy;http://sunauraenergy.com/;Cedar Park;Texas;;;;US;false;"[""Solar energy company""]";5;22;;false;2025-10-16 10:09:37.830099+00;2025-10-16 10:09:37.830099+00;;(512) 862-4101;false;false;;
1a6dd768-1734-4910-b57d-37232064234b;Solar Power Systems College Station;Solar Installation;Imported;;Solar Power Systems College Station;http://www.solarpowersystemstexas.com/location/College-Station;College Station;Texas;;;;US;false;"[""Solar energy company""]";4.4;7;;false;2025-10-16 10:09:38.679585+00;2025-10-16 10:09:38.679585+00;;(979) 589-5894;false;false;;
f50d9942-d9c4-4a22-a1b3-42e58a0a13fc;Green Solar Savings;Solar Installation;Imported;;Green Solar Savings;https://greensolarsavings.com/;Woodway;Texas;;;;US;false;"[""Solar energy company""]";5;2;;false;2025-10-16 10:09:39.107133+00;2025-10-16 10:09:39.107133+00;;(254) 203-5045;false;false;;
f3b311f8-efb6-4c6a-80ba-88159215f487;Integrity Solar Inc.;Solar Installation;Imported;;Integrity Solar Inc.;;Waco;Texas;;;;US;false;"[""Solar energy company""]";5;7;;false;2025-10-16 10:09:39.978666+00;2025-10-16 10:09:39.978666+00;;(254) 307-1483;false;false;;
dd31a906-8dcb-4733-8d57-365f9171938e;SolarWaco;Solar Installation;Imported;;SolarWaco;https://solarwaco.com/;McGregor;Texas;;;;US;false;"[""Solar energy company""]";4.6;20;;false;2025-10-16 10:09:40.425711+00;2025-10-16 10:09:40.425711+00;;(254) 457-9900;false;false;;
aa703503-af19-4631-b3e5-137ff5a1ce0b;Amarillo Solar Pros;Solar Installation;Imported;;Amarillo Solar Pros;https://amarillosolarpros.com/;Amarillo;Texas;;;;US;false;"[""Solar energy company""]";5;30;;false;2025-10-16 10:09:40.846823+00;2025-10-16 10:09:40.846823+00;;(806) 318-8418;false;false;;
128cab13-8c8a-4918-b134-70c1e56309da;Diamond M Waterwell Services;Solar Installation;Imported;;Diamond M Waterwell Services;http://www.diamondmwaterwellservicellc.com/;Gruver;Texas;;;;US;false;"[""Solar energy equipment supplier""]";5;6;;false;2025-10-16 10:09:41.27094+00;2025-10-16 10:09:41.27094+00;;(806) 733-5678;false;false;;
e4093f1b-52c4-42c9-9c3f-9928f005236c;Texas Solar Panimals;Solar Installation;Imported;;Texas Solar Panimals;https://www.texassolarpanimals.com/;Forney;Texas;;;;US;false;"[""Solar energy company""]";5;80;;false;2025-10-16 10:09:41.695233+00;2025-10-16 10:09:41.695233+00;;(469) 694-3475;false;false;;
c5a1f871-9d25-4636-8f21-96c2151bc735;Sunstra;Solar Installation;Imported;;Sunstra;https://sunstra.com/;Plano;Texas;;;;US;false;"[""Solar energy company""]";5;30;;false;2025-10-16 10:09:42.193508+00;2025-10-16 10:09:42.193508+00;;(469) 215-1335;false;false;;
4f50c6af-26fa-4690-ad23-eb4c34b94140;ZUNA SOLAR;Solar Installation;Imported;;ZUNA SOLAR;https://www.zunasolar.com/;Plano;Texas;;;;US;false;"[""Solar energy company""]";4.8;154;;false;2025-10-16 10:09:42.644791+00;2025-10-16 10:09:42.644791+00;;(817) 786-6120;false;false;;
d6c1d8ca-8e39-4816-aaad-e1805f710c42;Cabaña del sol;Solar Installation;Imported;;Cabaña del sol;;Weatherford;Texas;;;;US;false;"[""Solar energy company""]";;0;;false;2025-10-16 10:09:43.089463+00;2025-10-16 10:09:43.089463+00;;(817) 443-4439;false;false;;
93660626-94fe-46ec-a4f7-14a8155d3b37;Texas Solar Design;Solar Installation;Imported;;Texas Solar Design;;Carrollton;Texas;;;;US;false;"[""Solar energy company""]";;0;;false;2025-10-16 10:09:43.536579+00;2025-10-16 10:09:43.536579+00;;(469) 575-4786;false;false;;
59b2a61d-6acf-4879-a4ca-bd9adeb612a0;TEXSOLAR;Solar Installation;Imported;;TEXSOLAR;;Dallas;Texas;;;;US;false;"[""Solar energy company""]";5;9;;false;2025-10-16 10:09:43.973854+00;2025-10-16 10:09:43.973854+00;;(214) 774-2335;false;false;;
2c5e99b5-2285-4fe1-9766-ebaf427f1ea0;Solar Recycle USA;Solar Installation;Imported;;Solar Recycle USA;http://www.solarrecycleusa.com/;Grand Prairie;Texas;;;;US;false;"[""Recycling center""]";;0;;false;2025-10-16 10:09:44.413547+00;2025-10-16 10:09:44.413547+00;;(817) 200-6111;false;false;;
f40de588-485b-404b-a981-31e0bb25e5b1;Radix Solar-Dallas;Solar Installation;Imported;;Radix Solar-Dallas;https://radixsolar.com/;Dallas;Texas;;;;US;false;"[""Solar energy company""]";4.3;52;;false;2025-10-16 10:09:44.854147+00;2025-10-16 10:09:44.854147+00;;(888) 919-0980;false;false;;
b7cd30b4-1790-4403-809e-539a8af38424;Solar Supply;Solar Installation;Imported;;Solar Supply;https://solarsupply.us/;Cleburne;Texas;;;;US;false;"[""Air conditioning contractor""]";4.4;34;;false;2025-10-16 10:09:45.285354+00;2025-10-16 10:09:45.285354+00;;(817) 556-4648;false;false;;
db903ad0-3c5b-49bf-87f0-9b019d1607a9;Quantum Solar of Texas;Solar Installation;Imported;;Quantum Solar of Texas;;Fort Worth;Texas;;;;US;false;"[""Solar energy company""]";;0;;false;2025-10-16 10:09:45.739721+00;2025-10-16 10:09:45.739721+00;;(737) 379-9288;false;false;;
34f246fe-c1b7-4c06-a33c-7b2564c619aa;Ross Solar Energy Co;Solar Installation;Imported;;Ross Solar Energy Co;https://www.rosssolarenergy.com/solar-energy-contact;Dallas;Texas;;;;US;false;"[""Solar energy equipment supplier""]";;0;;false;2025-10-16 10:09:46.173316+00;2025-10-16 10:09:46.173316+00;;(502) 594-0020;false;false;;
b6d850c5-0e29-48b0-8a8f-3ba49c5361e0;SunSoaker Flexible Solar;Solar Installation;Imported;;SunSoaker Flexible Solar;;Burleson;Texas;;;;US;false;"[""Solar energy equipment supplier""]";;0;;false;2025-10-16 10:09:46.659599+00;2025-10-16 10:09:46.659599+00;;(833) 776-2537;false;false;;
3a25956b-5a09-4e9f-bb9f-d2cf0815018d;EnergyRey LLC.;Solar Installation;Imported;;EnergyRey LLC.;https://energyreytx.com/;Austin;Texas;;;;US;false;"[""Solar energy company""]";5;41;;false;2025-10-16 10:09:32.420845+00;2025-10-16 10:09:32.420845+00;;(737) 206-0457;false;false;;
daaa962d-df42-4c2c-8a31-dbaf2ba65fd8;Power TX;Solar Installation;Imported;;Power TX;https://www.powertx.net/;Leander;Texas;;;;US;false;"[""Solar energy company""]";5;17;;false;2025-10-16 10:09:32.863118+00;2025-10-16 10:09:32.863118+00;;(512) 298-2045;false;false;;
76b14743-2ffd-4b73-ad77-9742d35afff0;GNRG USA North Austin;Solar Installation;Imported;;GNRG USA North Austin;https://gnrgusana.com/;Round Rock;Texas;;;;US;false;"[""Solar energy company""]";5;37;;false;2025-10-16 10:09:33.274467+00;2025-10-16 10:09:33.274467+00;;(512) 675-8777;false;false;;
9f9f5afe-c67c-4bcd-837d-ca5196b2c199;Solar Power Systems Round Rock;Solar Installation;Imported;;Solar Power Systems Round Rock;http://www.solarpowersystemstexas.com/location/Round-Rock;Round Rock;Texas;;;;US;false;"[""Solar energy company""]";5;7;;false;2025-10-16 10:09:33.699496+00;2025-10-16 10:09:33.699496+00;;(512) 714-2451;false;false;;
6e326ea2-d220-44e4-abca-f4827d7ae3d9;Solar Power Systems Killeen;Solar Installation;Imported;;Solar Power Systems Killeen;http://www.solarpowersystemstexas.com/location/Killeen;Killeen;Texas;;;;US;false;"[""Solar energy company""]";5;8;;false;2025-10-16 10:09:34.118052+00;2025-10-16 10:09:34.118052+00;;(254) 414-0753;false;false;;
01677457-ccf7-4bcd-a4c3-e56a2251d68f;Sol Tech Roofing & Solar;Solar Installation;Imported;;Sol Tech Roofing & Solar;http://soltecsolar.com/;Austin;Texas;;;;US;false;"[""Solar energy company""]";4.9;31;;false;2025-10-16 10:09:34.541667+00;2025-10-16 10:09:34.541667+00;;(512) 987-8968;false;false;;
dcb0d489-fbe1-4fe7-b391-2c1cd4080c17;Austin Discount Solar;Solar Installation;Imported;;Austin Discount Solar;http://www.austindiscountsolar.com/;Austin;Texas;;;;US;false;"[""Solar energy company""]";5;36;;false;2025-10-16 10:09:34.984712+00;2025-10-16 10:09:34.984712+00;;(512) 968-7070;false;false;;
7648e709-4cd6-4f28-8551-2eb091e86723;ATX Solar;Solar Installation;Imported;;ATX Solar;https://www.goatxsolar.com/;Austin;Texas;;;;US;false;"[""Solar energy company""]";4.9;184;;false;2025-10-16 10:09:35.425066+00;2025-10-16 10:09:35.425066+00;;(512) 803-9652;false;false;;
f8445aac-996e-461e-b8d3-268cedd7e90c;Longhorn Solar - Austin;Solar Installation;Imported;;Longhorn Solar - Austin;https://longhornsolar.com/;Pflugerville;Texas;;;;US;false;"[""Solar energy company""]";4.6;328;;false;2025-10-16 10:09:35.848165+00;2025-10-16 10:09:35.848165+00;;(512) 837-4800;false;false;;
f2669ffa-8a8f-4f90-9970-aed126edb835;Allegiance Solar;Solar Installation;Imported;;Allegiance Solar;https://allegiance-solar.com/;Harker Heights;Texas;;;;US;false;"[""Solar energy system service""]";4.6;97;;false;2025-10-16 10:09:36.271527+00;2025-10-16 10:09:36.271527+00;;(254) 213-2164;false;false;;
e6989386-1376-43d2-97f8-ff2822477641;Redemption Solar Power;Solar Installation;Imported;;Redemption Solar Power;https://redemptionpower.com/;Waco;Texas;;;;US;false;"[""Solar energy company""]";1;2;;false;2025-10-16 10:09:36.757981+00;2025-10-16 10:09:36.757981+00;;(254) 355-3600;false;false;;
eecd8790-61ba-4d1a-bd40-7fd569332728;Pure Energy;Solar Installation;Imported;;Pure Energy;http://pure.solar/;Waco;Texas;;;;US;false;"[""Solar energy company""]";3.6;105;;false;2025-10-16 10:09:37.210921+00;2025-10-16 10:09:37.210921+00;;(833) 937-7873;false;false;;
9d9c81c9-293d-455b-b9ac-ac813c557aa3;Orion I Solar Project;Solar Installation;Imported;;Orion I Solar Project;https://sbenergy.com/;Burlington;Texas;;;;US;false;"[""Solar photovoltaic power plant""]";1.9;11;;false;2025-10-16 10:09:37.628616+00;2025-10-16 10:09:37.628616+00;;;false;false;;
a2a2e77e-3dee-48db-ba02-4d50fc38c73a;Solar X;Solar Installation;Imported;;Solar X;;Temple;Texas;;;;US;false;"[""Solar energy equipment supplier""]";4;3;;false;2025-10-16 10:09:38.031506+00;2025-10-16 10:09:38.031506+00;;(888) 394-1090;false;false;;
b447d66f-e505-47d9-80dc-2e88139c1acf;Big Elm Solar Project Wharton TX;Solar Installation;Imported;;Big Elm Solar Project Wharton TX;https://www.bigelmsolar.com/;Troy;Texas;;;;US;false;"[""Manufacturer""]";3;2;;false;2025-10-16 10:09:38.468277+00;2025-10-16 10:09:38.468277+00;;;false;false;;
fe5a8046-a143-4741-bcba-e73d575348f2;Texas Green Energy;Solar Installation;Imported;;Texas Green Energy;http://www.txge.com/;Bryan;Texas;;;;US;false;"[""Solar energy company""]";5;18;;false;2025-10-16 10:09:38.882116+00;2025-10-16 10:09:38.882116+00;;(979) 209-0010;false;false;;
bb21c2b5-2112-4716-9c54-719e731b22aa;Sun of Texas Solar;Solar Installation;Imported;;Sun of Texas Solar;http://www.sunoftexassolar.com/;West;Texas;;;;US;false;"[""Solar energy system service""]";5;1;;false;2025-10-16 10:09:39.320826+00;2025-10-16 10:09:39.320826+00;;(254) 366-8372;false;false;;
0910ef5b-34f8-49de-9893-075216969c7f;EasTex Solar;Solar Installation;Imported;;EasTex Solar;http://www.eastexsolar.com/;Palestine;TX;;;;US;false;"[""Solar energy company""]";4.9;75;;false;2025-10-16 10:09:40.199408+00;2025-10-16 10:09:40.199408+00;;(903) 805-1849;false;false;;
6a17d481-2cd3-4636-acde-1fa4b1523dda;True Texas Solar & Roofing;Solar Installation;Imported;;True Texas Solar & Roofing;http://truetexassolar.com/;Willis;Texas;;;;US;false;"[""Solar energy company""]";4.9;50;;false;2025-10-16 10:09:40.634976+00;2025-10-16 10:09:40.634976+00;;(936) 286-8325;false;false;;
5bc318f1-efb9-4c8c-9cc7-0aea788af98a;Pure Energy Amarillo Solar;Solar Installation;Imported;;Pure Energy Amarillo Solar;http://pureenergyofamarillo.com/;Amarillo;Texas;;;;US;false;"[""Solar energy company""]";4.3;11;;false;2025-10-16 10:09:41.057132+00;2025-10-16 10:09:41.057132+00;;(806) 454-7873;false;false;;
0d9f1e8a-4e3b-436b-a491-026544b44903;Solar Connect;Solar Installation;Imported;;Solar Connect;https://www.solarconnect.energy/;Plano;Texas;;;;US;false;"[""Solar energy equipment supplier""]";4.7;59;;false;2025-10-16 10:09:41.478512+00;2025-10-16 10:09:41.478512+00;;(904) 351-8395;false;false;;
db8ffcfb-e087-4361-bc24-77072bedacec;West Texas Solar;Solar Installation;Imported;;West Texas Solar;https://www.west-texas-solar.com/;Abilene;Texas;;;;US;false;"[""Solar energy company""]";4.8;87;;false;2025-10-16 10:09:41.898202+00;2025-10-16 10:09:41.898202+00;;(325) 244-1917;false;false;;
e486b58c-58eb-4779-9897-b39defde1b12;Infinity Solar Panel Installations;Solar Installation;Imported;;Infinity Solar Panel Installations;https://dfwsolarpanelinstallation.com/mckinney-solar-energy-company;McKinney;Texas;;;;US;false;"[""Solar energy company""]";5;2;;false;2025-10-16 10:09:42.428218+00;2025-10-16 10:09:42.428218+00;;(469) 591-1212;false;false;;
6be907fb-9d4c-4510-8efe-5027954a7eee;Solar Water Solutions;Solar Installation;Imported;;Solar Water Solutions;;Burleson;Texas;;;;US;false;"[""Solar energy company""]";;0;;false;2025-10-16 10:09:42.857169+00;2025-10-16 10:09:42.857169+00;;(214) 929-8730;false;false;;
4fec9c0f-7394-406a-b218-d05300971b8e;Sunfuse Solar;Solar Installation;Imported;;Sunfuse Solar;http://www.sunfusesolar.com/;Richardson;Texas;;;;US;false;"[""Solar energy company""]";4.8;6;;false;2025-10-16 10:09:43.328178+00;2025-10-16 10:09:43.328178+00;;;false;false;;
f55d2f7d-4f25-43f6-b0b4-ff975b1b23fb;Nexus Energy;Solar Installation;Imported;;Nexus Energy;https://www.getnexusenergy.com/;Dallas;Texas;;;;US;false;"[""Solar energy company""]";;0;;false;2025-10-16 10:09:43.755488+00;2025-10-16 10:09:43.755488+00;;;false;false;;
9beaf5a2-29ba-4f56-89d5-c865b6afa57f;Radiant Technologies Solar System LLC;Solar Installation;Imported;;Radiant Technologies Solar System LLC;https://radianttechnologiessolarsystemllc.blogspot.com/2022/01/blog-post.html;Ennis;Texas;;;;US;false;"[""Solar energy company""]";5;2;;false;2025-10-16 10:09:44.17576+00;2025-10-16 10:09:44.17576+00;;(469) 949-3982;false;false;;
c830437d-bdd1-4627-9bc3-7c521328d76a;Solar Screens;Solar Installation;Imported;;Solar Screens;http://beattexasheat.com/contact-us/;Fort Worth;Texas;;;;US;false;"[""Roofing contractor""]";;0;;false;2025-10-16 10:09:44.623376+00;2025-10-16 10:09:44.623376+00;;(817) 880-3500;false;false;;
b68abda1-f96e-4009-96d8-8c99e97832b2;Solar Supply;Solar Installation;Imported;;Solar Supply;http://www.solarsupply.us/;Arlington;Texas;;;;US;false;"[""Air conditioning system supplier""]";5;5;;false;2025-10-16 10:09:45.071127+00;2025-10-16 10:09:45.071127+00;;(817) 402-7657;false;false;;
2eff0ba1-81da-4b8e-9f9a-0a2bdde336e8;SUNPRO SOLAR LLC;Solar Installation;Imported;;SUNPRO SOLAR LLC;;Grapevine;Texas;;;;US;false;"[""Solar energy company""]";1.3;15;;false;2025-10-16 10:09:47.202983+00;2025-10-16 10:09:47.202983+00;;(833) 786-7761;false;false;;
cd3cadc0-a5d0-40f7-b7c5-85794fb80107;KPost Roofing & Waterproofing;Solar Installation;Imported;;KPost Roofing & Waterproofing;https://kpostcompany.com/?utm_source=google&utm_medium=organic&utm_campaign=GMBListing-Dallas-TX;Dallas;Texas;;;;US;false;"[""Roofing contractor""]";4.9;797;;false;2025-10-16 10:09:45.524113+00;2025-10-16 10:09:45.524113+00;;(469) 898-8099;false;false;;
93c22e90-6a91-4673-820f-94817aa4c870;How much solar energy can you collect?;Solar Installation;Imported;;How much solar energy can you collect?;;Red Oak;Texas;;;;US;false;"[""Solar energy equipment supplier""]";;0;;false;2025-10-16 10:09:45.956023+00;2025-10-16 10:09:45.956023+00;;(678) 961-8855;false;false;;
66e7fa70-604d-418b-982e-172533ea65c1;Metroplex solar panels;Solar Installation;Imported;;Metroplex solar panels;;Richardson;Texas;;;;US;false;"[""Solar energy company""]";;0;;false;2025-10-16 10:09:46.407489+00;2025-10-16 10:09:46.407489+00;;(214) 662-3746;false;false;;
80ffccaa-c492-4640-ae0f-20a8e32fb55b;Switch Smart Solar;Solar Installation;Imported;;Switch Smart Solar;https://switchsmartsolar.com/;Dallas;Texas;;;;US;false;"[""Solar energy company""]";;0;;false;2025-10-16 10:09:46.897127+00;2025-10-16 10:09:46.897127+00;;(214) 414-3003;false;false;;
7d888b66-4e88-4050-942a-0c4f95034125;Custom Pro Roofing and solar;Solar Installation;Imported;;Custom Pro Roofing and solar;https://custompro.us/;Dallas;Texas;;;;US;false;"[""Solar energy company""]";3.2;112;;false;2025-10-16 10:09:47.427194+00;2025-10-16 10:09:47.427194+00;;(229) 264-4313;false;false;;
06d99f19-334d-429d-8cbb-4e971e03ba22;American Solar Wind LLC;Solar Installation;Imported;;American Solar Wind LLC;;Colleyville;Texas;;;;US;false;"[""Solar energy company""]";5;1;;false;2025-10-16 10:09:47.898081+00;2025-10-16 10:09:47.898081+00;;(817) 263-0000;false;false;;
f2c3728a-06aa-4e70-a5c8-84aa7a87161f;Azure Sky Solar;Solar Installation;Imported;;Azure Sky Solar;http://www.enelgreenpower.com/;Haskell;Texas;;;;US;false;"[""Solar photovoltaic power plant""]";5;2;;false;2025-10-16 10:09:48.374085+00;2025-10-16 10:09:48.374085+00;;;false;false;;
d9cc4d13-40ef-4b5b-ada3-93c39ef48651;Victory Solar;Solar Installation;Imported;;Victory Solar;https://victorysolar.com/;Dallas;Texas;;;;US;false;"[""Solar energy company""]";;0;;false;2025-10-16 10:09:48.835181+00;2025-10-16 10:09:48.835181+00;;(214) 643-8374;false;false;;
1204b034-a3f8-42b3-a979-42b836c1f7eb;Denton Solar;Solar Installation;Imported;;Denton Solar;https://dentontxsolar.com/;Denton;Texas;;;;US;false;"[""Solar energy company""]";;0;;false;2025-10-16 10:09:49.294898+00;2025-10-16 10:09:49.294898+00;;(940) 208-0150;false;false;;
6495d06a-a065-4860-a095-0f8a0c65479c;Royal Solar Systems;Solar Installation;Imported;;Royal Solar Systems;;Dallas;Texas;;;;US;false;"[""Solar energy company""]";2;12;;false;2025-10-16 10:09:49.842168+00;2025-10-16 10:09:49.842168+00;;(972) 842-4382;false;false;;
592ceb04-799d-4f5d-a822-8d7d20f50093;NXT LVL SLR;Solar Installation;Imported;;NXT LVL SLR;https://www.facebook.com/seotx?mibextid=LQQJ4d;Plano;Texas;;;;US;false;"[""Solar energy company""]";4.6;20;;false;2025-10-16 10:09:50.456419+00;2025-10-16 10:09:50.456419+00;;(833) 698-5852;false;false;;
d6186691-bee4-46be-ad30-58ce76664005;Go Solar Power;Solar Installation;Imported;;Go Solar Power;https://gosolarpower.com/;Dallas;Texas;;;;US;false;"[""Solar energy company""]";5;1;;false;2025-10-16 10:09:50.958579+00;2025-10-16 10:09:50.958579+00;;(800) 530-9597;false;false;;
a3141678-1500-4464-9377-ebabfcd2d779;Freedom Forever;Solar Installation;Imported;;Freedom Forever;https://www.freedomforever.com/;Plano;Texas;;;;US;false;"[""Solar energy company""]";4;522;;false;2025-10-16 10:09:51.42558+00;2025-10-16 10:09:51.42558+00;;(888) 557-6431;false;false;;
040d127b-adf6-42c6-9958-40ca5597e235;CoServ Solar Station;Solar Installation;Imported;;CoServ Solar Station;https://www.coserv.com/Energy-Solutions/Solar;Aubrey;Texas;;;;US;false;"[""Solar energy company""]";2.3;3;;false;2025-10-16 10:09:51.899206+00;2025-10-16 10:09:51.899206+00;;(940) 321-7800;false;false;;
a6c64df9-b680-4360-b014-dc046bc40ebe;Solio Solar;Solar Installation;Imported;;Solio Solar;;Irving;Texas;;;;US;false;"[""Solar energy company""]";3.7;33;;false;2025-10-16 10:09:52.355187+00;2025-10-16 10:09:52.355187+00;;(972) 636-5033;false;false;;
4a38bc9e-e709-4771-be97-4cc449c0d10d;Power Werx Energy;Solar Installation;Imported;;Power Werx Energy;;Irving;Texas;;;;US;false;"[""Solar energy company""]";4.5;73;;false;2025-10-16 10:09:52.809024+00;2025-10-16 10:09:52.809024+00;;(682) 718-1428;false;false;;
6172f2d7-a5ba-43d2-a90b-40be5a707718;Solarugreen;Solar Installation;Imported;;Solarugreen;https://solarugreen.com/;Hurst;Texas;;;;US;false;"[""Solar energy equipment supplier""]";5;5;;false;2025-10-16 10:09:53.248+00;2025-10-16 10:09:53.248+00;;(682) 718-4741;false;false;;
eea8c692-aa3d-4cbd-b2b0-4439c6eba2fb;Charles Solar Panels Fort Worth TX;Solar Installation;Imported;;Charles Solar Panels Fort Worth TX;;Fort Worth;Texas;;;;US;false;"[""Solar energy equipment supplier""]";5;1;;false;2025-10-16 10:09:53.684957+00;2025-10-16 10:09:53.684957+00;;(682) 290-3192;false;false;;
7dd0bb9a-c904-44cd-a3c3-575c439d35e1;Proclaim Solar LLC;Solar Installation;Imported;;Proclaim Solar LLC;http://www.proclaimsolar.com/;Dallas;Texas;;;;US;false;"[""Solar energy company""]";4.5;144;;false;2025-10-16 10:09:54.129885+00;2025-10-16 10:09:54.129885+00;;(972) 984-7663;false;false;;
1ce14216-9e7b-4279-adee-37b4b0de064b;Epicpwr Solar Energy Farmers Branch TX;Solar Installation;Imported;;Epicpwr Solar Energy Farmers Branch TX;;Farmers Branch;Texas;;;;US;false;"[""Solar energy company""]";5;28;;false;2025-10-16 10:09:54.62533+00;2025-10-16 10:09:54.62533+00;;(945) 221-7100;false;false;;
3bbb26cb-7824-4cd5-a7d0-0c8fa6b67f01;O3 Energy Solutions;Solar Installation;Imported;;O3 Energy Solutions;https://o3energy.com/?utm_source=google&utm_medium=organic&utm_campaign=gmb-listing&y_source=1_MTQ3NzQ3MjItNzE1LWxvY2F0aW9uLmdvb2dsZV93ZWJzaXRlX292ZXJyaWRl;Dallas;Texas;;;;US;false;"[""Solar energy company""]";3.8;35;;false;2025-10-16 10:09:55.103344+00;2025-10-16 10:09:55.103344+00;;(888) 999-2902;false;false;;
8dc23a77-d805-4486-9c09-4eeec61ccef4;V3 Electric;Solar Installation;Imported;;V3 Electric;https://www.v3electric.com/;Grand Prairie;Texas;;;;US;false;"[""Solar energy company""]";4.4;28;;false;2025-10-16 10:09:55.563908+00;2025-10-16 10:09:55.563908+00;;(844) 837-6937;false;false;;
11c5919e-de63-41e8-adcd-4d55769340dc;SolarLife Technology;Solar Installation;Imported;;SolarLife Technology;http://solarlifetech.com/;Arlington;Texas;;;;US;false;"[""Solar energy company""]";4.6;10;;false;2025-10-16 10:09:56.055194+00;2025-10-16 10:09:56.055194+00;;(817) 677-9100;false;false;;
44a1cb13-cd6c-404b-87e2-71f93e28f7f9;Alba Energy of Dallas;Solar Installation;Imported;;Alba Energy of Dallas;http://albaenergy.com/solar-installer/dallas-texas/;Dallas;Texas;;;;US;false;"[""Solar energy company""]";5;2;;false;2025-10-16 10:09:56.500228+00;2025-10-16 10:09:56.500228+00;;(214) 320-4968;false;false;;
228ec7ca-6758-490f-9004-9e93c1a2b2de;SLE Green Energy, LLC;Solar Installation;Imported;;SLE Green Energy, LLC;https://www.slegreenenergy.com/;Dallas;Texas;;;;US;false;"[""Solar energy company""]";3.8;10;;false;2025-10-16 10:09:56.95205+00;2025-10-16 10:09:56.95205+00;;(469) 776-9200;false;false;;
ed937423-7fe6-4727-97a1-5cf4824d9439;Remington Solar, Inc.;Solar Installation;Imported;;Remington Solar, Inc.;https://remingtonsolar.com/;Garland;Texas;;;;US;false;"[""Solar energy equipment supplier""]";4.6;33;;false;2025-10-16 10:09:57.393819+00;2025-10-16 10:09:57.393819+00;;(214) 257-8300;false;false;;
fd550851-071b-4961-8ced-f20f4eca54ae;Texas Best Solar;Solar Installation;Imported;;Texas Best Solar;http://www.texasbestsolar.com/;Richardson;Texas;;;;US;false;"[""Solar energy company""]";3.7;3;;false;2025-10-16 10:09:57.82809+00;2025-10-16 10:09:57.82809+00;;(940) 242-1285;false;false;;
747b702c-1b51-4216-9215-ecd8c1b82879;Best Way Solar - Solar Installation & Maintenance Services;Solar Installation;Imported;;Best Way Solar - Solar Installation & Maintenance Services;https://bestwaysolar.org/;Arlington;Texas;;;;US;false;"[""Solar energy company""]";5;12;;false;2025-10-16 10:09:58.283275+00;2025-10-16 10:09:58.283275+00;;(844) 766-3929;false;false;;
b8e5f111-7781-430d-986c-c33d3cc9cafb;Clean Power Store;Solar Installation;Imported;;Clean Power Store;https://cleanpowerstore.com/;Dallas;Texas;;;;US;false;"[""Solar energy equipment supplier""]";4.7;14;;false;2025-10-16 10:09:58.731209+00;2025-10-16 10:09:58.731209+00;;(214) 915-8802;false;false;;
12fcd97f-b2af-4fdb-a5d0-39a046e240a0;Rankin Roofing & Solar LLC;Solar Installation;Imported;;Rankin Roofing & Solar LLC;https://www.rankinroofingandsolar.com/;Southlake;Texas;;;;US;false;"[""Roofing contractor""]";4.9;63;;false;2025-10-16 10:09:47.653345+00;2025-10-16 10:09:47.653345+00;;(817) 554-2064;false;false;;
7db8c20d-456b-4985-8947-a4d5db53e6db;Loanstar Solar Power;Solar Installation;Imported;;Loanstar Solar Power;;Fort Worth;Texas;;;;US;false;"[""Solar energy system service""]";;0;;false;2025-10-16 10:09:48.109809+00;2025-10-16 10:09:48.109809+00;;(682) 459-1939;false;false;;
19db3bda-9ca1-43a8-a0af-c6154a978f36;Solar Smart TX;Solar Installation;Imported;;Solar Smart TX;;DeSoto;Texas;;;;US;false;"[""Solar energy equipment supplier""]";5;2;;false;2025-10-16 10:09:48.587862+00;2025-10-16 10:09:48.587862+00;;(469) 558-1701;false;false;;
578a4252-028f-4cbd-a53f-d3dd9462e62a;Solar Pro Windows;Solar Installation;Imported;;Solar Pro Windows;https://ntwindow.com/product/solar-pro/;Fort Worth;Texas;;;;US;false;"[""Contractor""]";5;3;;false;2025-10-16 10:09:49.068601+00;2025-10-16 10:09:49.068601+00;;(817) 572-4994;false;false;;
12b9704f-a565-487e-97e6-a3a14a39c4b2;Zen Solar US;Solar Installation;Imported;;Zen Solar US;;Fort Worth;Texas;;;;US;false;"[""Solar energy company""]";5;1;;false;2025-10-16 10:09:50.226461+00;2025-10-16 10:09:50.226461+00;;(817) 482-6215;false;false;;
53b15724-b08d-44fe-8c28-8a2bc63b87cc;Green Energy Specialties;Solar Installation;Imported;;Green Energy Specialties;;Argyle;Texas;;;;US;false;"[""Solar energy equipment supplier""]";5;1;;false;2025-10-16 10:09:50.735711+00;2025-10-16 10:09:50.735711+00;;(940) 464-4219;false;false;;
f0f283ea-29f7-432a-ac9c-fe9e27a3a94b;IES Texas Solar - Dallas;Solar Installation;Imported;;IES Texas Solar - Dallas;https://iestxsolar.com/;Rowlett;Texas;;;;US;false;"[""Solar energy system service""]";5;1;;false;2025-10-16 10:09:51.191808+00;2025-10-16 10:09:51.191808+00;;(512) 766-4276;false;false;;
b4a4338e-e3d0-432b-9a41-ce1a30942732;COREnerG;Solar Installation;Imported;;COREnerG;https://www.corenerg.solar/;Dallas;Texas;;;;US;false;"[""Solar energy company""]";4.1;13;;false;2025-10-16 10:09:51.670405+00;2025-10-16 10:09:51.670405+00;;(817) 821-6504;false;false;;
49d1e825-da87-49d2-97de-3f663fa4a8d4;Sunsolar Solutions;Solar Installation;Imported;;Sunsolar Solutions;https://sunsolarsolutions.com/;Grapevine;Texas;;;;US;false;"[""Solar energy company""]";5;8;;false;2025-10-16 10:09:52.13397+00;2025-10-16 10:09:52.13397+00;;(817) 591-8228;false;false;;
d8898996-3740-4068-ac5c-5994718977ba;Greentech Renewables Dallas;Solar Installation;Imported;;Greentech Renewables Dallas;https://www.cedgreentech.com/;Arlington;Texas;;;;US;false;"[""Solar energy equipment supplier""]";4.3;26;;false;2025-10-16 10:09:52.578993+00;2025-10-16 10:09:52.578993+00;;(972) 972-4510;false;false;;
ffb985ba-fc3d-4490-ad41-5f3d9addb015;Sunrun Solar;Solar Installation;Imported;;Sunrun Solar;https://www.sunrun.com/?utm_source=google&utm_medium=web&utm_campaign=gbp&utm_term=local;Grand Prairie;Texas;;;;US;false;"[""Solar energy company""]";4;351;;false;2025-10-16 10:09:53.03202+00;2025-10-16 10:09:53.03202+00;;(833) 324-5886;false;false;;
45080e90-f7a5-43c8-90ed-f8e2d5adf050;Solar Panel Installation Systems of Weatherford;Solar Installation;Imported;;Solar Panel Installation Systems of Weatherford;;Weatherford;Texas;;;;US;false;"[""Solar energy equipment supplier""]";5;7;;false;2025-10-16 10:09:53.470777+00;2025-10-16 10:09:53.470777+00;;(817) 904-4394;false;false;;
b1dfe009-b661-4dd5-8414-08b2967a2c37;Nivo Solar;Solar Installation;Imported;;Nivo Solar;https://mynivohome.com/;Abilene;Texas;;;;US;false;"[""Solar energy company""]";3.9;14;;false;2025-10-16 10:09:53.902663+00;2025-10-16 10:09:53.902663+00;;(718) 810-8817;false;false;;
4a72a52f-24b8-4ba1-b215-4ff490b625f5;Solar Avenue;Solar Installation;Imported;;Solar Avenue;https://www.txsolaravenue.com/;Fort Worth;Texas;;;;US;false;"[""Solar energy company""]";3.9;41;;false;2025-10-16 10:09:54.385924+00;2025-10-16 10:09:54.385924+00;;(469) 842-7128;false;false;;
ad0c7ea4-bf2a-4b2d-a4e0-be92e4b28bd0;AB Solar and Roofing;Solar Installation;Imported;;AB Solar and Roofing;https://absolarandroofing.com/?utm_source=AdPages_GMB_Home&utm_medium=AdPages_GMB_Home&utm_campaign=AdPages_GMB_Home;Fort Worth;Texas;;;;US;false;"[""Roofing contractor""]";5;25;;false;2025-10-16 10:09:54.854466+00;2025-10-16 10:09:54.854466+00;;(469) 608-0311;false;false;;
f3a1fd60-974f-41fe-b525-6038bf84c379;Tesla Energy - Dallas | Fort Worth;Solar Installation;Imported;;Tesla Energy - Dallas | Fort Worth;https://www.tesla.com/solarpanels?utm_source=gmb_listing&utm_medium=organic&utm_content=dallastx_solar&utm_campaign=te_dallastx;Dallas;Texas;;;;US;false;"[""Solar energy equipment supplier""]";2.5;25;;false;2025-10-16 10:09:55.332296+00;2025-10-16 10:09:55.332296+00;;(877) 373-7652;false;false;;
2ffa671c-36fb-497a-b2f4-0ed3a2079b24;KA Solar;Solar Installation;Imported;;KA Solar;http://ka.solar/;Flower Mound;Texas;;;;US;false;"[""Solar energy company""]";4.5;111;;false;2025-10-16 10:09:55.787439+00;2025-10-16 10:09:55.787439+00;;(214) 856-8222;false;false;;
393ef912-231a-406d-9072-30ac1840ef91;Proxima Solar Energy;Solar Installation;Imported;;Proxima Solar Energy;https://proximasolar.com/;Dallas;Texas;;;;US;false;"[""Solar energy company""]";5;2;;false;2025-10-16 10:09:56.286607+00;2025-10-16 10:09:56.286607+00;;(214) 271-9171;false;false;;
7b29e832-0746-4ca8-9404-0b8835c04faf;StarVolt Solar;Solar Installation;Imported;;StarVolt Solar;https://starvoltsolar.com/;Fort Worth;Texas;;;;US;false;"[""Solar energy company""]";4.3;6;;false;2025-10-16 10:09:56.719259+00;2025-10-16 10:09:56.719259+00;;(844) 782-7865;false;false;;
ec3ecb9d-ec72-44e8-8992-b42263158b8a;Home Xperts;Solar Installation;Imported;;Home Xperts;http://www.gohomexperts.org/;Dallas;Texas;;;;US;false;"[""Solar energy company""]";4.3;29;;false;2025-10-16 10:09:57.178233+00;2025-10-16 10:09:57.178233+00;;(469) 226-9042;false;false;;
a968a179-89d0-4951-8b8c-c5153a6c2c24;Renewables Hub;Solar Installation;Imported;;Renewables Hub;;Plano;Texas;;;;US;false;"[""Solar energy company""]";4;46;;false;2025-10-16 10:09:57.601586+00;2025-10-16 10:09:57.601586+00;;(469) 833-2716;false;false;;
b422ede7-3c32-4b1a-8d7a-5f866061ffb8;Efficient Home Services;Solar Installation;Imported;;Efficient Home Services;https://www.goehs.com/fort-worth-solar-panel-installation/;Aledo;Texas;;;;US;false;"[""Solar energy company""]";4.2;88;;false;2025-10-16 10:09:58.053149+00;2025-10-16 10:09:58.053149+00;;(844) 778-8810;false;false;;
5a18591b-abc6-4f01-9a51-2e6981909b2c;Champion Solar;Solar Installation;Imported;;Champion Solar;http://www.championsolar.net/;Frisco;Texas;;;;US;false;"[""Solar energy company""]";4.7;14;;false;2025-10-16 10:09:58.506798+00;2025-10-16 10:09:58.506798+00;;(972) 801-8662;false;false;;
c6b10bd4-5e83-458a-b659-6975b1f1506b;Infinity Energy;Solar Installation;Imported;;Infinity Energy;;Garland;Texas;;;;US;false;"[""Solar energy company""]";3.8;77;;false;2025-10-16 10:09:58.936394+00;2025-10-16 10:09:58.936394+00;;(469) 485-5207;false;false;;
eabf8895-20ea-4137-b957-0e9ddbee437a;Inspire Solar;Solar Installation;Imported;;Inspire Solar;http://inspiresolar.com/;Plano;Texas;;;;US;false;"[""Solar energy company""]";3.8;74;;false;2025-10-16 10:09:59.362907+00;2025-10-16 10:09:59.362907+00;;(866) 939-0089;false;false;;
0b7a4e4e-bb6a-4310-bed7-9b588f6c8058;Universal Solar System;Solar Installation;Imported;;Universal Solar System;https://www.universalsolarsystem.net/;Plano;Texas;;;;US;false;"[""Solar energy company""]";3;6;;false;2025-10-16 10:09:59.832488+00;2025-10-16 10:09:59.832488+00;;(512) 772-1422;false;false;;
6da8e627-5602-4516-a50f-493911ad3ab4;1 Solar Solution, LLC;Solar Installation;Imported;;1 Solar Solution, LLC;;Frisco;Texas;;;;US;false;"[""Solar energy company""]";3.4;40;;false;2025-10-16 10:10:00.28138+00;2025-10-16 10:10:00.28138+00;;(855) 601-7652;false;false;;
c3118c8b-8459-4cde-89eb-806e28742030;Prime SLR;Solar Installation;Imported;;Prime SLR;https://www.primeslr.com/;Richardson;Texas;;;;US;false;"[""Solar energy company""]";3.7;59;;false;2025-10-16 10:10:00.7396+00;2025-10-16 10:10:00.7396+00;;(469) 980-0351;false;false;;
ae627fe8-f36f-49bf-b668-019505d59135;Arvo Solar Dallas-Fort Worth;Solar Installation;Imported;;Arvo Solar Dallas-Fort Worth;https://goarvo.com/dallas-fort-worth;Rockwall;Texas;;;;US;false;"[""Solar energy company""]";5;22;;false;2025-10-16 10:10:08.909682+00;2025-10-16 10:10:08.909682+00;;(817) 242-2786;false;false;;
e3cc4a77-a835-478b-871a-437622d80584;Sunton Solutions LLC | Solar Panel Cleaning;Solar Installation;Imported;;Sunton Solutions LLC | Solar Panel Cleaning;https://suntonsolutions.com/;Fort Worth;Texas;;;;US;false;"[""Solar energy company""]";5;93;;false;2025-10-16 10:09:59.140829+00;2025-10-16 10:09:59.140829+00;;(817) 353-5479;false;false;;
47299914-ed4d-4f9d-b5d7-76af5e45fc56;Fort Worth Solar Installation Consulting;Solar Installation;Imported;;Fort Worth Solar Installation Consulting;;Fort Worth;Texas;;;;US;false;"[""Solar energy system service""]";5;5;;false;2025-10-16 10:09:59.600141+00;2025-10-16 10:09:59.600141+00;;(817) 440-3343;false;false;;
223c4fa4-a1e6-4bbc-bc72-50eb3d5892ab;Delta Power Group;Solar Installation;Imported;;Delta Power Group;https://www.deltapowergroup.co/;Dallas;Texas;;;;US;false;"[""Solar energy company""]";4.8;129;;false;2025-10-16 10:10:00.048186+00;2025-10-16 10:10:00.048186+00;;(877) 913-3582;false;false;;
61790144-7910-4384-95d4-37ee6d97d43c;NOVOS Energy Solar;Solar Installation;Imported;;NOVOS Energy Solar;;Rowlett;Texas;;;;US;false;"[""Solar energy company""]";4.4;7;;false;2025-10-16 10:10:00.513928+00;2025-10-16 10:10:00.513928+00;;(800) 990-4598;false;false;;
96b093f5-dc98-4637-a396-7b7fa9c1de71;ProLight Solar-PV Installer;Solar Installation;Imported;;ProLight Solar-PV Installer;http://prolightsolar.com/;Southlake;Texas;;;;US;false;"[""Solar energy company""]";5;3;;false;2025-10-16 10:10:00.968094+00;2025-10-16 10:10:00.968094+00;;(817) 431-5674;false;false;;
1c49d3bd-6a44-4d94-9135-4f4740f7ffa4;Diamond Solar USA;Solar Installation;Imported;;Diamond Solar USA;https://www.diamondsolarusa.com/;Dallas;Texas;;;;US;false;"[""Solar energy company""]";5;8;;false;2025-10-16 10:10:01.436029+00;2025-10-16 10:10:01.436029+00;;(214) 214-5496;false;false;;
652546c6-0ded-4295-84ce-8706793d64ba;LGCY Power;Solar Installation;Imported;;LGCY Power;https://www.lgcypower.com/state/tx/dallas/;Hurst;Texas;;;;US;false;"[""Solar energy company""]";3.7;471;;false;2025-10-16 10:10:01.905588+00;2025-10-16 10:10:01.905588+00;;(817) 616-5344;false;false;;
1d5e60dd-d8cb-4452-b077-07723243383c;Axium Solar;Solar Installation;Imported;;Axium Solar;https://www.axiumsolar.com/;McKinney;Texas;;;;US;false;"[""Solar energy company""]";4.1;15;;false;2025-10-16 10:10:02.369432+00;2025-10-16 10:10:02.369432+00;;(972) 633-8680;false;false;;
0e427de0-1521-41d9-925c-c9d071c97886;Quicken Solar;Solar Installation;Imported;;Quicken Solar;http://quickensolar.com/;Carrollton;Texas;;;;US;false;"[""Solar energy company""]";4.6;11;;false;2025-10-16 10:10:02.855173+00;2025-10-16 10:10:02.855173+00;;(432) 967-8618;false;false;;
f77732aa-8891-49c4-af35-a9e71a89a4ec;Solar Power Systems Denton;Solar Installation;Imported;;Solar Power Systems Denton;http://www.solarpowersystemstexas.com/location/Denton;Denton;Texas;;;;US;false;"[""Solar energy company""]";5;7;;false;2025-10-16 10:10:01.20659+00;2025-10-16 10:10:01.20659+00;;(940) 353-6214;false;false;;
58a27f85-00e0-4dc7-8847-db9f8f96b46f;Sunergy;Solar Installation;Imported;;Sunergy;;Dallas;Texas;;;;US;false;"[""Solar energy company""]";4.1;58;;false;2025-10-16 10:10:01.673363+00;2025-10-16 10:10:01.673363+00;;(727) 375-9375;false;false;;
3e45572e-1062-4734-a632-00035928f317;Solar Power Systems Arlington;Solar Installation;Imported;;Solar Power Systems Arlington;http://www.solarpowersystemstexas.com/location/Arlington;Arlington;Texas;;;;US;false;"[""Solar energy company""]";5;6;;false;2025-10-16 10:10:02.139247+00;2025-10-16 10:10:02.139247+00;;(817) 774-4819;false;false;;
e99a8d41-0f64-4508-b649-b8633cd81013;Green Balance Energy;Solar Installation;Imported;;Green Balance Energy;;Dallas;Texas;;;;US;false;"[""Solar energy company""]";4.7;13;;false;2025-10-16 10:10:02.611789+00;2025-10-16 10:10:02.611789+00;;(817) 274-0223;false;false;;
0808927b-4f75-4ebe-974f-093739bbde28;ION Solar - Dallas;Solar Installation;Imported;;ION Solar - Dallas;https://www.ionsolar.com/;Dallas;Texas;;;;US;false;"[""Solar energy company""]";4.5;33;;false;2025-10-16 10:10:03.104894+00;2025-10-16 10:10:03.104894+00;;(877) 579-5053;false;false;;
208ae0c8-2a2c-4271-90ca-ed918fc84d82;Solar Panels Dallas;Solar Installation;Imported;;Solar Panels Dallas;https://solarpanelsdallas.org/;Dallas;Texas;;;;US;false;"[""Solar energy company""]";5;2;;false;2025-10-16 10:10:03.312529+00;2025-10-16 10:10:03.312529+00;;(469) 947-9481;false;false;;
f5508f49-8b32-45a7-8441-68d2e1d9a170;Infinity Solar USA - Texas;Solar Installation;Imported;;Infinity Solar USA - Texas;https://infinitysolarusa.com/;Farmers Branch;Texas;;;;US;false;"[""Solar energy company""]";3.8;62;;false;2025-10-16 10:10:03.5401+00;2025-10-16 10:10:03.5401+00;;(469) 945-6290;false;false;;
e15a6623-c42f-4297-94b3-62358cc79d09;SunStar Solutions;Solar Installation;Imported;;SunStar Solutions;http://sunstarsolutions.us/;Mesquite;Texas;;;;US;false;"[""Solar energy company""]";4.3;119;;false;2025-10-16 10:10:03.775993+00;2025-10-16 10:10:03.775993+00;;(469) 423-8088;false;false;;
6d7adbce-59c5-4b3f-8656-4533eda3a49b;Pure Energy Solar Systems;Solar Installation;Imported;;Pure Energy Solar Systems;;Arlington;Texas;;;;US;false;"[""Solar energy company""]";4;118;;false;2025-10-16 10:10:03.991096+00;2025-10-16 10:10:03.991096+00;;(817) 512-1710;false;false;;
1ca28298-8e1a-482f-9493-817c3724ad10;Solar Power Systems Fort Worth;Solar Installation;Imported;;Solar Power Systems Fort Worth;http://www.solarpowersystemstexas.com/location/Fort-Worth;Fort Worth;Texas;;;;US;false;"[""Solar energy company""]";5;5;;false;2025-10-16 10:10:04.215317+00;2025-10-16 10:10:04.215317+00;;(817) 330-6766;false;false;;
6d80ea40-5957-4958-9e13-6dacbc3327dd;Solar World LLC;Solar Installation;Imported;;Solar World LLC;;Kemp;Texas;;;;US;false;"[""Solar energy company""]";4.6;11;;false;2025-10-16 10:10:04.440892+00;2025-10-16 10:10:04.440892+00;;(903) 910-5497;false;false;;
e5d175c1-5392-4b1d-883d-714bc140ac3c;Epic Solar Pro's;Solar Installation;Imported;;Epic Solar Pro's;https://epicsolarpros.com/;Denton;Texas;;;;US;false;"[""Solar energy equipment supplier""]";5;5;;false;2025-10-16 10:10:04.661263+00;2025-10-16 10:10:04.661263+00;;(940) 368-3744;false;false;;
9bebf42f-9cd3-4710-b7c7-64b2de552e18;TriSMART Solar;Solar Installation;Imported;;TriSMART Solar;https://www.trismartsolar.com/;Fort Worth;Texas;;;;US;false;"[""Solar energy company""]";4;297;;false;2025-10-16 10:10:04.887671+00;2025-10-16 10:10:04.887671+00;;(888) 485-5551;false;false;;
29cef89f-4d81-4830-a9ca-1b10597a588d;The Solar Maintenance Guys;Solar Installation;Imported;;The Solar Maintenance Guys;http://solarmaintenanceguys.com/;Bedford;Texas;;;;US;false;"[""Solar energy company""]";4.9;69;;false;2025-10-16 10:10:05.099972+00;2025-10-16 10:10:05.099972+00;;(682) 346-2225;false;false;;
32e0258b-70b0-4320-b02b-0c180a117078;Tech Solar Industries (TSI);Solar Installation;Imported;;Tech Solar Industries (TSI);https://tsi.solar/;Farmers Branch;Texas;;;;US;false;"[""Solar energy company""]";5;12;;false;2025-10-16 10:10:05.321082+00;2025-10-16 10:10:05.321082+00;;(469) 991-5000;false;false;;
8e47c8bd-bede-409e-91d6-41f4a11956a1;Shneyder Solar Frisco;Solar Installation;Imported;;Shneyder Solar Frisco;https://shneydersolar.com/frisco-tx/;Frisco;Texas;;;;US;false;"[""Solar energy company""]";5;10;;false;2025-10-16 10:10:05.546289+00;2025-10-16 10:10:05.546289+00;;(469) 916-7105;false;false;;
b7613a85-30ce-4c0c-89fd-aebcd837bd7b;FutureCore Energy;Solar Installation;Imported;;FutureCore Energy;https://www.futurecore.io/;Dallas;Texas;;;;US;false;"[""Solar energy company""]";5;10;;false;2025-10-16 10:10:05.762771+00;2025-10-16 10:10:05.762771+00;;;false;false;;
bd405c72-d91b-4fb2-9285-6b7f7d482527;Solnova;Solar Installation;Imported;;Solnova;http://www.gosolnova.com/;Fort Worth;Texas;;;;US;false;"[""Solar energy company""]";4.2;60;;false;2025-10-16 10:10:05.978724+00;2025-10-16 10:10:05.978724+00;;(833) 765-6682;false;false;;
0ae5a530-0d4e-4521-a264-db8d60d0d3c4;Shneyder Solar INC;Solar Installation;Imported;;Shneyder Solar INC;https://shneydersolar.com/;Garland;Texas;;;;US;false;"[""Solar energy company""]";5;26;;false;2025-10-16 10:10:06.201962+00;2025-10-16 10:10:06.201962+00;;(945) 215-7283;false;false;;
20e4187d-73af-47cd-aff4-49a37a20f6a5;Longhorn Solar - Plano;Solar Installation;Imported;;Longhorn Solar - Plano;https://longhornsolar.com/;Plano;Texas;;;;US;false;"[""Solar energy company""]";4.4;48;;false;2025-10-16 10:10:06.423953+00;2025-10-16 10:10:06.423953+00;;(972) 850-7764;false;false;;
5534e5c5-4ee0-421b-9982-8d606f53b541;Semper Solaris;Solar Installation;Imported;;Semper Solaris;https://texas.sempersolaris.com/locations/dallas/?utm_content=LOCAL%20SEO%20GMB%20DAL;McKinney;Texas;;;;US;false;"[""Solar energy company""]";4.7;34;;false;2025-10-16 10:10:06.64129+00;2025-10-16 10:10:06.64129+00;;(972) 716-2998;false;false;;
63de8f34-0434-48e3-8856-00c2ea16860c;RISE Power LLC;Solar Installation;Imported;;RISE Power LLC;https://risepower.energy/;Richardson;Texas;;;;US;false;"[""Solar energy company""]";4.3;129;;false;2025-10-16 10:10:06.852052+00;2025-10-16 10:10:06.852052+00;;(855) 747-3769;false;false;;
63dd8f13-f712-41d2-8be8-03dd65c473f6;Enova Electrification;Solar Installation;Imported;;Enova Electrification;https://enovaelectrification.com/;Plano;Texas;;;;US;false;"[""Solar energy company""]";5;21;;false;2025-10-16 10:10:07.069279+00;2025-10-16 10:10:07.069279+00;;(281) 713-4858;false;false;;
62f6d8ae-7d50-4c34-a3ac-23b09e62548d;Sonovus Energy;Solar Installation;Imported;;Sonovus Energy;https://www.sonovusenergy.com/;Grand Prairie;Texas;;;;US;false;"[""Solar energy company""]";4;86;;false;2025-10-16 10:10:07.287442+00;2025-10-16 10:10:07.287442+00;;(833) 766-6887;false;false;;
c4b98325-eb4f-4843-b430-5a65feae605b;Integrity Solar USA;Solar Installation;Imported;;Integrity Solar USA;http://www.integritysolarusa.net/;Sunset;Texas;;;;US;false;"[""Solar energy equipment supplier""]";5;13;;false;2025-10-16 10:10:07.513673+00;2025-10-16 10:10:07.513673+00;;(940) 841-4103;false;false;;
ab84cba4-77a2-4bdd-8747-f8826c77b74b;Smooth Solar Power;Solar Installation;Imported;;Smooth Solar Power;https://smoothsolarpower.com/;Dallas;Texas;;;;US;false;"[""Solar energy company""]";5;10;;false;2025-10-16 10:10:07.740862+00;2025-10-16 10:10:07.740862+00;;(866) 210-6654;false;false;;
986b1e97-ab53-4ccb-91d3-b22abeabf104;Arvo Solar DFW Rockwall-Fate;Solar Installation;Imported;;Arvo Solar DFW Rockwall-Fate;https://goarvo.com/dallas-fort-worth;Fate;Texas;;;;US;false;"[""Solar energy company""]";5;15;;false;2025-10-16 10:10:07.981512+00;2025-10-16 10:10:07.981512+00;;(469) 264-8383;false;false;;
6a42216d-1e9f-493e-ab6e-cd82dd86bb58;Sunbox Pros;Solar Installation;Imported;;Sunbox Pros;;Grapevine;Texas;;;;US;false;"[""Solar energy company""]";5;19;;false;2025-10-16 10:10:08.194693+00;2025-10-16 10:10:08.194693+00;;(214) 600-8270;false;false;;
6f87513b-c8eb-469e-81bd-d55d1ed6e1bd;Electric Distribution and Design Systems;Solar Installation;Imported;;Electric Distribution and Design Systems;https://www.eddssolar.com/;Dallas;Texas;;;;US;false;"[""Solar energy company""]";4.9;82;;false;2025-10-16 10:10:08.431683+00;2025-10-16 10:10:08.431683+00;;(214) 679-5458;false;false;;
ee91cb27-6eb8-46b4-8529-5f9576d4f6cb;Now Energy LLC;Solar Installation;Imported;;Now Energy LLC;https://www.nowenergyllc.com/;Austin;Texas;;;;US;false;"[""Solar energy company""]";3.8;13;;false;2025-10-16 10:10:24.375809+00;2025-10-16 10:10:24.375809+00;;(866) 227-1352;false;false;;
4a33f576-1d5c-4ba6-b8a4-9fc032ba2362;Affordable Solar Roof & Air - Dallas;Solar Installation;Imported;;Affordable Solar Roof & Air - Dallas;http://solarroofair.com/;Southlake;Texas;;;;US;false;"[""Solar energy company""]";4.4;32;;false;2025-10-16 10:10:08.659004+00;2025-10-16 10:10:08.659004+00;;(800) 515-1254;false;false;;
20c48c27-98be-4489-9b09-a81fe525b3d9;Current Solar;Solar Installation;Imported;;Current Solar;https://www.currentsolar.com/;Dallas;Texas;;;;US;false;"[""Solar energy company""]";5;16;;false;2025-10-16 10:10:09.142345+00;2025-10-16 10:10:09.142345+00;;(972) 904-8988;false;false;;
cdf8a28f-72e5-4267-888e-c66c9ce9031a;Destined Energy;Solar Installation;Imported;;Destined Energy;https://www.destinednrg.com/;Lewisville;Texas;;;;US;false;"[""Solar energy company""]";5;15;;false;2025-10-16 10:10:09.57639+00;2025-10-16 10:10:09.57639+00;;(469) 277-9628;false;false;;
aadf2c56-9073-488f-9a65-280613604b0e;Suntria | Texas Solar Panel Installers;Solar Installation;Imported;;Suntria | Texas Solar Panel Installers;https://www.suntria.com/;Fort Worth;Texas;;;;US;false;"[""Solar energy company""]";4.8;15;;false;2025-10-16 10:10:10.016207+00;2025-10-16 10:10:10.016207+00;;(469) 277-9918;false;false;;
735798bb-20a1-43ed-b12f-163a559229f3;DFW Solar Electric;Solar Installation;Imported;;DFW Solar Electric;https://www.dfwsolarelectric.com/;Flower Mound;Texas;;;;US;false;"[""Solar energy company""]";4.9;16;;false;2025-10-16 10:10:10.456347+00;2025-10-16 10:10:10.456347+00;;(972) 827-7651;false;false;;
1aafe700-d226-4495-a080-ce3431fc6860;MINT Solar;Solar Installation;Imported;;MINT Solar;https://mintsolar.com/;Waxahachie;Texas;;;;US;false;"[""Solar energy company""]";5;15;;false;2025-10-16 10:10:10.938832+00;2025-10-16 10:10:10.938832+00;;(469) 570-6468;false;false;;
d9e509b0-bfed-4460-b739-7b4b0c6eeef4;Circle L Solar;Solar Installation;Imported;;Circle L Solar;https://www.circlelsolar.com/;Fort Worth;Texas;;;;US;false;"[""Solar energy company""]";4.5;168;;false;2025-10-16 10:10:11.378005+00;2025-10-16 10:10:11.378005+00;;(817) 945-2011;false;false;;
41a40bbe-28b7-436d-9d12-e3f39b91abd7;Blue Hammer Solar;Solar Installation;Imported;;Blue Hammer Solar;http://www.bluehammersolar.com/;Dallas;Texas;;;;US;false;"[""Solar energy company""]";4.8;41;;false;2025-10-16 10:10:11.805959+00;2025-10-16 10:10:11.805959+00;;(844) 426-6375;false;false;;
c98d0f33-dae9-4a4a-a863-010f66ba2195;EWS Solar & Construction;Solar Installation;Imported;;EWS Solar & Construction;https://www.energizewithsunrise.com/;Burleson;Texas;;;;US;false;"[""Solar energy company""]";4.6;31;;false;2025-10-16 10:10:12.292711+00;2025-10-16 10:10:12.292711+00;;(817) 657-0465;false;false;;
16c0cdf6-76a5-4676-8500-75f96e3f9db9;Simplicity power;Solar Installation;Imported;;Simplicity power;https://www.simplicitysolar.io/;North Richland Hills;Texas;;;;US;false;"[""Solar energy company""]";4.6;102;;false;2025-10-16 10:10:12.778904+00;2025-10-16 10:10:12.778904+00;;(817) 646-7174;false;false;;
5f596339-825a-4b83-b4b2-e225fe48dfb3;North Texas Solar;Solar Installation;Imported;;North Texas Solar;https://northtexassolar.com/;Grapevine;Texas;;;;US;false;"[""Solar energy company""]";4.4;38;;false;2025-10-16 10:10:13.309982+00;2025-10-16 10:10:13.309982+00;;(940) 387-2716;false;false;;
d84b4d27-b5ba-4017-919e-8246004cdcfe;Credible Solar;Solar Installation;Imported;;Credible Solar;https://crediblesolar.com/;Irving;Texas;;;;US;false;"[""Solar energy company""]";5;44;;false;2025-10-16 10:10:13.89132+00;2025-10-16 10:10:13.89132+00;;(972) 513-5293;false;false;;
2fda225e-2691-49b3-b2d5-8979a6d8762d;Immediate Solar LLC;Solar Installation;Imported;;Immediate Solar LLC;http://immediatesolar.com/;Richardson;Texas;;;;US;false;"[""Solar energy company""]";4.8;32;;false;2025-10-16 10:10:14.495883+00;2025-10-16 10:10:14.495883+00;;(469) 349-7955;false;false;;
1ff8b1eb-f628-47a7-ab0f-0b405904f0a4;Solar Electrical & Retrofit Solutions Inc;Solar Installation;Imported;;Solar Electrical & Retrofit Solutions Inc;https://serdallas.com/;Alvarado;TX;;;;US;false;"[""Solar energy company""]";4.8;51;;false;2025-10-16 10:10:15.127325+00;2025-10-16 10:10:15.127325+00;;(817) 313-4571;false;false;;
b03f0369-0b4d-4d80-807d-e85220a8c438;Trojan Solar;Solar Installation;Imported;;Trojan Solar;http://www.trojansolarpower.com/;Frisco;Texas;;;;US;false;"[""Solar energy company""]";4.7;63;;false;2025-10-16 10:10:15.709917+00;2025-10-16 10:10:15.709917+00;;(469) 299-9980;false;false;;
5f406136-eca6-4873-a705-bf719e53c9db;Vantage Point Solar;Solar Installation;Imported;;Vantage Point Solar;http://www.vantagepointsolar.com/;Dallas;Texas;;;;US;false;"[""Solar energy company""]";4.8;442;;false;2025-10-16 10:10:16.195878+00;2025-10-16 10:10:16.195878+00;;(844) 507-6527;false;false;;
2775ec91-4291-41dc-8110-eb6577b1c831;Atlas Solar Power;Solar Installation;Imported;;Atlas Solar Power;https://www.atlasenergy.org/;Richland Hills;Texas;;;;US;false;"[""Solar energy system service""]";5;34;;false;2025-10-16 10:10:16.750786+00;2025-10-16 10:10:16.750786+00;;(214) 256-3799;false;false;;
a80d73a1-02a8-48a4-a748-5469db5212da;Pulse Turnkey- Formerly Texas Solar Solutions LLC;Solar Installation;Imported;;Pulse Turnkey- Formerly Texas Solar Solutions LLC;http://pulseturnkey.com/;Fort Worth;Texas;;;;US;false;"[""Solar energy company""]";4.7;180;;false;2025-10-16 10:10:17.315618+00;2025-10-16 10:10:17.315618+00;;(817) 903-2295;false;false;;
f1fc886e-6496-415b-b56b-222c7e852f45;Solartime USA;Solar Installation;Imported;;Solartime USA;https://www.solartime.us/;Richardson;Texas;;;;US;false;"[""Solar energy company""]";5;307;;false;2025-10-16 10:10:17.999044+00;2025-10-16 10:10:17.999044+00;;(972) 675-7725;false;false;;
edea8a15-bdfb-465d-8a45-2eea02036482;Solar SME, INC.;Solar Installation;Imported;;Solar SME, INC.;https://solarsme.com/;Grand Prairie;Texas;;;;US;false;"[""Solar energy company""]";4.5;291;;false;2025-10-16 10:10:18.518696+00;2025-10-16 10:10:18.518696+00;;(214) 227-9736;false;false;;
c5f6404e-5da8-44ed-85a9-0de43825b42b;THS Home Solar;Solar Installation;Imported;;THS Home Solar;https://thshomesolar.com/;Lewisville;Texas;;;;US;false;"[""Solar energy system service""]";5;163;;false;2025-10-16 10:10:19.016979+00;2025-10-16 10:10:19.016979+00;;(888) 617-5289;false;false;;
c7d02d8f-7cf9-43fe-a1c2-1bcb1d4fe66a;Willis Construction;Solar Installation;Imported;;Willis Construction;http://www.willisconstructiondumas.com/;Dumas;Texas;;;;US;false;"[""Construction company""]";4;8;;false;2025-10-16 10:10:19.503144+00;2025-10-16 10:10:19.503144+00;;(806) 935-6951;false;false;;
896b4a18-06a1-4370-8a4d-93227d9954da;My Roof Solar;Solar Installation;Imported;;My Roof Solar;https://myroofus.com/solar/;Plano;Texas;;;;US;false;"[""Solar energy company""]";3.8;58;;false;2025-10-16 10:10:20.032542+00;2025-10-16 10:10:20.032542+00;;(469) 461-1996;false;false;;
97e6a264-5efd-4ead-84bc-54051a5598f4;Limitless Energy Pros;Solar Installation;Imported;;Limitless Energy Pros;http://limitlessenergypros.com/;San Antonio;Texas;;;;US;false;"[""Solar energy company""]";4.9;39;;false;2025-10-16 10:10:20.48366+00;2025-10-16 10:10:20.48366+00;;(210) 951-9786;false;false;;
82096c02-9379-4df9-bf41-95f1e4504a84;CMS RENEWABLE ENERGY;Solar Installation;Imported;;CMS RENEWABLE ENERGY;https://www.cmsnrg.com/?utm_source=google&utm_medium=wix_google_business_profile&utm_campaign=4644666292073989109;Grand Prairie;Texas;;;;US;false;"[""Solar energy company""]";5;52;;false;2025-10-16 10:10:21.05428+00;2025-10-16 10:10:21.05428+00;;(940) 220-9971;false;false;;
efe4c72d-c075-4f2a-a5ec-62c02066821f;Texas Solar Screens;Solar Installation;Imported;;Texas Solar Screens;https://texassolarscreensllc.com/?utm_source=gbp&utm_medium=webclick;San Antonio;Texas;;;;US;false;"[""Solar energy system service""]";5;438;;false;2025-10-16 10:10:21.593904+00;2025-10-16 10:10:21.593904+00;;(210) 777-3003;false;false;;
70b7f795-d265-4281-92fb-40a9cc5619c7;Micro Grid Energy LLC;Solar Installation;Imported;;Micro Grid Energy LLC;https://microestx.com/;Hollywood Park;Texas;;;;US;false;"[""Solar energy company""]";5;11;;false;2025-10-16 10:10:22.10095+00;2025-10-16 10:10:22.10095+00;;(210) 987-3429;false;false;;
a419f6ed-52dd-4e39-8cdf-0a20a117bed2;ARP Roofing & Remodeling;Solar Installation;Imported;;ARP Roofing & Remodeling;https://arproofing.com/san-antonio-roofing-contractor/?utm_source=GBP;San Antonio;Texas;;;;US;false;"[""Roofing contractor""]";4.9;224;;false;2025-10-16 10:10:22.630291+00;2025-10-16 10:10:22.630291+00;;(210) 714-0040;false;false;;
7c4e8cbc-e44f-4e44-bbdb-e3c34cb779c4;Charger Roofing LLC;Solar Installation;Imported;;Charger Roofing LLC;http://www.charger-roofing.com/;San Antonio;Texas;;;;US;false;"[""Roofing contractor""]";4.8;17;;false;2025-10-16 10:10:23.135799+00;2025-10-16 10:10:23.135799+00;;(210) 305-7663;false;false;;
afab5fc9-22c7-45f1-9c9c-b3e917e68105;Energy Renovation Center - TX;Solar Installation;Imported;;Energy Renovation Center - TX;https://energyrenovationcenter.com/;Arlington;Texas;;;;US;false;"[""Solar energy company""]";4.5;52;;false;2025-10-16 10:10:09.360738+00;2025-10-16 10:10:09.360738+00;;(682) 222-1490;false;false;;
5968eeb1-1eff-4e9f-9f0f-b2c407c0d18b;Xclusive Solar;Solar Installation;Imported;;Xclusive Solar;;Irving;Texas;;;;US;false;"[""Solar energy company""]";4.8;25;;false;2025-10-16 10:10:09.800426+00;2025-10-16 10:10:09.800426+00;;(720) 656-3647;false;false;;
91363ab7-eef1-4680-af6e-bd621514e9d2;Sunshine Renewable Solutions;Solar Installation;Imported;;Sunshine Renewable Solutions;https://sunshinerenewable.com/;Dallas;Texas;;;;US;false;"[""Solar energy company""]";5;60;;false;2025-10-16 10:10:10.238315+00;2025-10-16 10:10:10.238315+00;;(832) 280-8838;false;false;;
ebc7ab1b-dde6-432b-84e5-f97b0c66160e;Harvest Solar Inc.;Solar Installation;Imported;;Harvest Solar Inc.;https://www.harvestsolarinc.com/;Garland;Texas;;;;US;false;"[""Solar energy company""]";5;24;;false;2025-10-16 10:10:10.691508+00;2025-10-16 10:10:10.691508+00;;(888) 719-4787;false;false;;
9b5ba93c-63f1-4725-a649-513c853c5aea;Solar eTribe;Solar Installation;Imported;;Solar eTribe;http://solaretribe.com/;Plano;Texas;;;;US;false;"[""Solar energy company""]";4.8;29;;false;2025-10-16 10:10:11.159833+00;2025-10-16 10:10:11.159833+00;;(972) 400-6422;false;false;;
b90cb86c-b5e1-4bcd-bddf-e19ed7c45364;STR Solar;Solar Installation;Imported;;STR Solar;;McKinney;Texas;;;;US;false;"[""Solar energy company""]";5;23;;false;2025-10-16 10:10:11.597907+00;2025-10-16 10:10:11.597907+00;;(469) 552-5576;false;false;;
58132f99-ac30-4e6d-a9c9-fc66de027e07;Bright Earth Solar;Solar Installation;Imported;;Bright Earth Solar;https://www.brightearth.solar/;Irving;Texas;;;;US;false;"[""Solar energy company""]";4.6;34;;false;2025-10-16 10:10:12.03565+00;2025-10-16 10:10:12.03565+00;;(817) 682-6463;false;false;;
fa27a819-1dd2-40e3-92e8-7aa12734cc98;Eagle Solar Power;Solar Installation;Imported;;Eagle Solar Power;https://eaglesolarpower.com/;Mansfield;Texas;;;;US;false;"[""Solar energy company""]";4.9;75;;false;2025-10-16 10:10:12.515038+00;2025-10-16 10:10:12.515038+00;;(817) 917-9965;false;false;;
04af646a-2bcb-492c-9692-d4516dbab9ff;Sunaura Solar;Solar Installation;Imported;;Sunaura Solar;https://www.gosunaura.com/;Addison;Texas;;;;US;false;"[""Solar energy company""]";5;170;;false;2025-10-16 10:10:13.050854+00;2025-10-16 10:10:13.050854+00;;(469) 895-9450;false;false;;
4cde7b9e-c557-42ab-9047-54bc698cf7d4;Solarize;Solar Installation;Imported;;Solarize;http://mysolarize.com/;Farmers Branch;Texas;;;;US;false;"[""Solar energy company""]";4.9;186;;false;2025-10-16 10:10:13.58832+00;2025-10-16 10:10:13.58832+00;;(817) 527-1482;false;false;;
93e0c126-9c54-4499-a557-b65f36ada7c5;Freedom Solar Power - Dallas Solar Panel Company & Installers;Solar Installation;Imported;;Freedom Solar Power - Dallas Solar Panel Company & Installers;https://freedomsolarpower.com/locations/dallas-fort-worth-arlington?utm_source=GMBlisting&utm_medium=organic;Grapevine;Texas;;;;US;false;"[""Solar energy company""]";4.5;554;;false;2025-10-16 10:10:14.21691+00;2025-10-16 10:10:14.21691+00;;(972) 441-8230;false;false;;
891212f8-7a6f-48db-a034-4a78078fcacc;Our World Energy, LLC;Solar Installation;Imported;;Our World Energy, LLC;http://ourworldenergy.com/;Grand Prairie;Texas;;;;US;false;"[""Solar energy company""]";4.7;255;;false;2025-10-16 10:10:14.895511+00;2025-10-16 10:10:14.895511+00;;(623) 850-5700;false;false;;
b6a35009-09b6-449a-8217-475304a7cf75;The Solar Cowboys;Solar Installation;Imported;;The Solar Cowboys;http://www.thesolarcowboys.com/;DeSoto;Texas;;;;US;false;"[""Solar energy company""]";4.6;79;;false;2025-10-16 10:10:15.457189+00;2025-10-16 10:10:15.457189+00;;(469) 654-1041;false;false;;
baede231-513d-4b29-9856-3cdcd6572bef;Monument Solar;Solar Installation;Imported;;Monument Solar;http://www.gomonumentsolar.com/;Saginaw;Texas;;;;US;false;"[""Solar energy company""]";4.8;63;;false;2025-10-16 10:10:15.944462+00;2025-10-16 10:10:15.944462+00;;(682) 707-5224;false;false;;
5fbab0a1-b1ad-435e-af77-1208dccc6d70;SolarCo. Texas;Solar Installation;Imported;;SolarCo. Texas;http://gosouthernsolar.com/;Fort Worth;Texas;;;;US;false;"[""Solar energy company""]";4.9;666;;false;2025-10-16 10:10:16.459065+00;2025-10-16 10:10:16.459065+00;;(817) 751-8911;false;false;;
bc5d30de-dbde-400d-b50d-1e04ef45fa87;Eclipse Solar;Solar Installation;Imported;;Eclipse Solar;http://www.eclipsesolarinfo.com/;Fort Worth;Texas;;;;US;false;"[""Solar energy company""]";5;20;;false;2025-10-16 10:10:17.058286+00;2025-10-16 10:10:17.058286+00;;(214) 973-6417;false;false;;
3f517127-fdf9-438f-832e-bb3da63af3ff;Dawn to Dusk Solar Texas;Solar Installation;Imported;;Dawn to Dusk Solar Texas;http://solardawntodusk.com/;Carrollton;Texas;;;;US;false;"[""Solar energy company""]";4.6;138;;false;2025-10-16 10:10:17.666228+00;2025-10-16 10:10:17.666228+00;;(214) 945-3529;false;false;;
66737b1a-85d9-47ac-9892-d45a9e6091ab;Elios Solar;Solar Installation;Imported;;Elios Solar;https://www.eliossolar.com/;Irving;Texas;;;;US;false;"[""Solar energy system service""]";4.8;79;;false;2025-10-16 10:10:18.260024+00;2025-10-16 10:10:18.260024+00;;(214) 865-7519;false;false;;
d78068a5-1dfa-4dc5-a9fb-b31b3f444800;Texas Best Solar;Solar Installation;Imported;;Texas Best Solar;http://www.texasbestsolar.com/?utm_source=google&utm_medium=wix_google_business_profile&utm_campaign=6322427046039916090;Lewisville;Texas;;;;US;false;"[""Solar energy company""]";5;144;;false;2025-10-16 10:10:18.778433+00;2025-10-16 10:10:18.778433+00;;(940) 242-1285;false;false;;
39af98db-ee6a-4c37-8ad6-5f00c6b6255a;Texas Solar Professional;Solar Installation;Imported;;Texas Solar Professional;https://www.texassolar.pro/;Cedar Hill;Texas;;;;US;false;"[""Solar energy company""]";4.9;124;;false;2025-10-16 10:10:19.257162+00;2025-10-16 10:10:19.257162+00;;(469) 581-0008;false;false;;
4e2f7cc1-ea4c-47db-b4fa-da5c9cf1384b;GNRG, Inc.;Solar Installation;Imported;;GNRG, Inc.;https://gnrg.co/;Dallas;Texas;;;;US;false;"[""Solar energy company""]";4.9;532;;false;2025-10-16 10:10:19.743223+00;2025-10-16 10:10:19.743223+00;;(833) 464-4674;false;false;;
341cb34d-57e4-4a05-8f06-00f3149eafe0;ALPHA SOLAR SOLUTIONS, LLC;Solar Installation;Imported;;ALPHA SOLAR SOLUTIONS, LLC;http://www.alphasolarsa.com/;San Antonio;Texas;;;;US;false;"[""Solar energy system service""]";4.9;31;;false;2025-10-16 10:10:20.266775+00;2025-10-16 10:10:20.266775+00;;(210) 783-0507;false;false;;
2af70167-87ff-421f-90aa-64796124dbb1;Ecolectrics LLC;Solar Installation;Imported;;Ecolectrics LLC;http://www.ecolectricsusa.com/;San Antonio;Texas;;;;US;false;"[""Solar energy equipment supplier""]";4.5;53;;false;2025-10-16 10:10:20.788759+00;2025-10-16 10:10:20.788759+00;;(210) 987-2640;false;false;;
f9a6653c-5dfc-4dae-be83-0a1b0932e118;Smart Renewables of Texas LLC;Solar Installation;Imported;;Smart Renewables of Texas LLC;https://smartsolartx.com/;San Antonio;Texas;;;;US;false;"[""Solar energy company""]";5;45;;false;2025-10-16 10:10:21.376945+00;2025-10-16 10:10:21.376945+00;;(210) 465-1021;false;false;;
5a7f5855-0346-4eea-bd4f-22e0fc606342;Choose The Right Solar;Solar Installation;Imported;;Choose The Right Solar;;San Antonio;Texas;;;;US;false;"[""Solar energy company""]";4.2;10;;false;2025-10-16 10:10:21.858736+00;2025-10-16 10:10:21.858736+00;;(833) 510-2877;false;false;;
dc543505-42cd-4c13-aeb6-7bbad3b19d77;Alamo Smart Home;Solar Installation;Imported;;Alamo Smart Home;https://alamosmarthome.com/;San Antonio;Texas;;;;US;false;"[""Solar energy company""]";4.9;1185;;false;2025-10-16 10:10:22.346624+00;2025-10-16 10:10:22.346624+00;;(210) 625-6575;false;false;;
20bba9af-fa01-455f-ba89-9c893a7db2ad;White Label Solar & Lighting;Solar Installation;Imported;;White Label Solar & Lighting;https://whitelabel.solar/;New Braunfels;Texas;;;;US;false;"[""Solar energy company""]";4.7;22;;false;2025-10-16 10:10:22.883826+00;2025-10-16 10:10:22.883826+00;;(210) 325-1110;false;false;;
28d3c25f-e786-495d-832f-d996e4f8d321;Sustainable Roofing & Solar;Solar Installation;Imported;;Sustainable Roofing & Solar;https://www.sustainableroof.com/;Grapevine;Texas;;;;US;false;"[""Roofing contractor""]";5;3;;false;2025-10-16 10:10:23.405209+00;2025-10-16 10:10:23.405209+00;;(817) 900-9560;false;false;;
f05e432c-9051-4929-8a76-5f0d11d6dc70;Best Solar Homes;Solar Installation;Imported;;Best Solar Homes;https://www.bestsolarhomes.net/;Buda;Texas;;;;US;false;"[""Solar energy company""]";4;8;;false;2025-10-16 10:10:23.866755+00;2025-10-16 10:10:23.866755+00;;(866) 999-3974;false;false;;
46b24ac0-9ea6-432c-9ae6-806d7f646b7c;Divided Sky Roofing & Solar;Solar Installation;Imported;;Divided Sky Roofing & Solar;https://mydividedsky.com/;San Marcos;Texas;;;;US;false;"[""Roofing contractor""]";4.9;173;;false;2025-10-16 10:10:23.63144+00;2025-10-16 10:10:23.63144+00;;(512) 995-7663;false;false;;
b84e6c68-41a1-4e93-a887-17adc78ffe52;Sol-Ark HQ;Solar Installation;Imported;;Sol-Ark HQ;https://www.sol-ark.com/;Allen;Texas;;;;US;false;"[""Solar energy company""]";4.4;62;;false;2025-10-16 10:10:24.114357+00;2025-10-16 10:10:24.114357+00;;(972) 575-8875;false;false;;
d08687dd-1673-4ab2-8f12-1b57448150e3;Epik Solar of New Braunfels;Solar Installation;Imported;;Epik Solar of New Braunfels;https://epiksolar.com/locations/new-braunfels/;New Braunfels;Texas;;;;US;false;"[""Solar energy system service""]";;0;;false;2025-10-16 10:10:24.587143+00;2025-10-16 10:10:24.587143+00;;(830) 224-3347;false;false;;
0669e355-ffb6-4a89-b8d1-7b167a5b7719;Set apart solar;Solar Installation;Imported;;Set apart solar;http://setapartsolar.durablesites.com/;Austin;Texas;;;;US;false;"[""Solar energy company""]";5;8;;false;2025-10-16 10:10:25.141437+00;2025-10-16 10:10:25.141437+00;;(319) 333-4445;false;false;;
da8dfcab-999c-40c3-8d31-0ea9e3d8e6ff;GVEC Electric Cooperative;Solar Installation;Imported;;GVEC Electric Cooperative;http://www.gvec.org/;Schertz;Texas;;;;US;false;"[""Electric utility company""]";4.5;400;;false;2025-10-16 10:10:25.915321+00;2025-10-16 10:10:25.915321+00;;(800) 223-4832;false;false;;
9e711c88-2409-439d-8cd8-5cb4b0bae89b;Enova Electrification;Solar Installation;Imported;;Enova Electrification;https://enovaelectrification.com/;Bryan;Texas;;;;US;false;"[""Solar energy company""]";5;5;;false;2025-10-16 10:10:26.439182+00;2025-10-16 10:10:26.439182+00;;(281) 713-4858;false;false;;
c1e5d3e9-d5ea-4802-b8ed-a3e67a713214;In Full Light;Solar Installation;Imported;;In Full Light;http://iflcm.com/;Bulverde;Texas;;;;US;false;"[""Housing development""]";;0;;false;2025-10-16 10:10:27.044645+00;2025-10-16 10:10:27.044645+00;;(210) 260-5180;false;false;;
8ac2e245-982a-4bea-a8a1-4ac7bfc4c685;GVEC Solar Services;Solar Installation;Imported;;GVEC Solar Services;https://gvecsolarservice.com/;Gonzales;Texas;;;;US;false;"[""Solar energy equipment supplier""]";5;25;;false;2025-10-16 10:10:27.524193+00;2025-10-16 10:10:27.524193+00;;(855) 898-8807;false;false;;
0308c415-cd34-4dd7-9e12-5bda2d7b4256;GVEC Solar Services;Solar Installation;Imported;;GVEC Solar Services;http://gvecsolarservice.com/;Seguin;Texas;;;;US;false;"[""Solar energy equipment supplier""]";4.7;95;;false;2025-10-16 10:10:27.972358+00;2025-10-16 10:10:27.972358+00;;(855) 898-8807;false;false;;
f1fe4635-f451-4977-b6c9-75a850caad46;Epik Solar of San Marcos;Solar Installation;Imported;;Epik Solar of San Marcos;https://epiksolar.com/locations/san-marcos/;San Marcos;Texas;;;;US;false;"[""Solar energy system service""]";;0;;false;2025-10-16 10:10:28.404206+00;2025-10-16 10:10:28.404206+00;;(737) 283-3365;false;false;;
02321709-422a-43b9-a496-16d5b62e965e;Solstema;Solar Installation;Imported;;Solstema;https://www.solstema.com/;Kyle;Texas;;;;US;false;"[""Solar energy company""]";3.9;7;;false;2025-10-16 10:10:28.856604+00;2025-10-16 10:10:28.856604+00;;(512) 524-3504;false;false;;
b8e517db-7375-414e-8301-c3a460ffe634;Superb Roofing & Restoration;Solar Installation;Imported;;Superb Roofing & Restoration;https://www.superbroofingllc.com/service-areas/roofing-canyon-lake-tx/?utm_campaign=gmb;Canyon Lake;Texas;;;;US;false;"[""Roofing contractor""]";5;2;;false;2025-10-16 10:10:29.336331+00;2025-10-16 10:10:29.336331+00;;(830) 240-7318;false;false;;
1991905c-b3d2-4807-a291-b8a18518b65b;Engel Electric;Solar Installation;Imported;;Engel Electric;http://engelelectrictx.com/;San Antonio;Texas;;;;US;false;"[""Electrician""]";4.8;18;;false;2025-10-16 10:10:29.830444+00;2025-10-16 10:10:29.830444+00;;(210) 897-6527;false;false;;
16896f21-f2f1-42cc-909c-a085c141146a;All Points Roof & Solar;Solar Installation;Imported;;All Points Roof & Solar;;San Antonio;Texas;;;;US;false;"[""Roofing contractor""]";;0;;false;2025-10-16 10:10:30.290196+00;2025-10-16 10:10:30.290196+00;;(210) 507-2225;false;false;;
79d017c8-772c-4def-8551-59c5eed3b0b1;Ibergreen;Solar Installation;Imported;;Ibergreen;;Castle Hills;Texas;;;;US;false;"[""Solar energy company""]";2.7;23;;false;2025-10-16 10:10:30.738337+00;2025-10-16 10:10:30.738337+00;;(832) 410-1118;false;false;;
8671d9fc-5e96-465c-a0e1-ec2e5200443b;PEP Solar llc;Solar Installation;Imported;;PEP Solar llc;https://www.pepsolar.com/about-us;Austin;Texas;;;;US;false;"[""Solar energy company""]";5;1;;false;2025-10-16 10:10:31.206039+00;2025-10-16 10:10:31.206039+00;;(512) 535-7676;false;false;;
d89bfac0-d139-4b9e-968d-49fc07fd3f08;Axis Solar;Solar Installation;Imported;;Axis Solar;http://axis-solar.com/;Austin;Texas;;;;US;false;"[""Solar energy company""]";4.2;20;;false;2025-10-16 10:10:31.661143+00;2025-10-16 10:10:31.661143+00;;(512) 501-4084;false;false;;
3fbd9fa1-f45c-4071-ae8f-e56616526c4a;OCI Solar Power Alamo 2 Solar Farm;Solar Installation;Imported;;OCI Solar Power Alamo 2 Solar Farm;http://ocisolarpower.com/;Converse;Texas;;;;US;false;"[""Power station""]";5;2;;false;2025-10-16 10:10:32.149208+00;2025-10-16 10:10:32.149208+00;;(210) 453-3100;false;false;;
18f3a71a-908f-40f5-b005-5103c6dba2c7;Lighthouse Solar;Solar Installation;Imported;;Lighthouse Solar;http://www.lighthousesolar.com/;San Antonio;Texas;;;;US;false;"[""Solar energy equipment supplier""]";;0;;false;2025-10-16 10:10:32.632156+00;2025-10-16 10:10:32.632156+00;;(210) 280-8509;false;false;;
13f787d4-3068-411f-8073-7b32a33c304b;Go Solar Power;Solar Installation;Imported;;Go Solar Power;https://www.gosolarpower.com/locations/san-antonio-tx/?utm_source=google&utm_medium=gbp&utm_campaign=san_antonio;San Antonio;Texas;;;;US;false;"[""Solar energy company""]";;0;;false;2025-10-16 10:10:33.070077+00;2025-10-16 10:10:33.070077+00;;(800) 530-9597;false;false;;
87ede1de-4026-4442-a01b-55f40da70397;StarPoint Group;Solar Installation;Imported;;StarPoint Group;https://www.starpointgroup.us/;San Antonio;Texas;;;;US;false;"[""Solar energy company""]";5;4;;false;2025-10-16 10:10:33.520186+00;2025-10-16 10:10:33.520186+00;;(888) 831-9690;false;false;;
bce21095-fe3e-415e-8705-ae8e8f623823;LOA Roofing and Construction;Solar Installation;Imported;;LOA Roofing and Construction;https://www.loaconstruction.com/san-antonio/?utm_source=GMBlisting&utm_medium=organic&utm_campaign=gmb-sanantonio;San Antonio;Texas;;;;US;false;"[""Solar energy equipment supplier""]";4.8;18;;false;2025-10-16 10:10:33.996795+00;2025-10-16 10:10:33.996795+00;;(713) 396-3951;false;false;;
f71eb803-c4c6-49ef-ae13-cf3bc386801c;Green Era Solar;Solar Installation;Imported;;Green Era Solar;https://greenerasolar.energy/;Pleasanton;Texas;;;;US;false;"[""Solar energy company""]";;0;;false;2025-10-16 10:10:34.451422+00;2025-10-16 10:10:34.451422+00;;(210) 934-4414;false;false;;
39dd0755-460d-4cd5-b001-1431ba988fd6;IES Residential;Solar Installation;Imported;;IES Residential;https://www.iesresidential.com/;Converse;Texas;;;;US;false;"[""Contractor""]";4.6;84;;false;2025-10-16 10:10:35.439285+00;2025-10-16 10:10:35.439285+00;;(210) 651-8294;false;false;;
98303e03-c3fd-44dd-873a-a84ad228ea7a;Impact Renewable Energy;Solar Installation;Imported;;Impact Renewable Energy;;Poteet;Texas;;;;US;false;"[""Solar energy equipment supplier""]";;0;;false;2025-10-16 10:10:36.009143+00;2025-10-16 10:10:36.009143+00;;(210) 409-4646;false;false;;
f8cedaf7-d810-451e-897a-25e435d605ff;Go Solar San Antonio;Solar Installation;Imported;;Go Solar San Antonio;https://gosolarsanantonio.co/;San Antonio;Texas;;;;US;false;"[""Solar energy company""]";;0;;false;2025-10-16 10:10:36.467137+00;2025-10-16 10:10:36.467137+00;;(210) 718-5658;false;false;;
09c40d7e-4ac9-47b2-a3e8-76b8340c6a58;Greenlight energy;Solar Installation;Imported;;Greenlight energy;http://gl.solar/;San Antonio;Texas;;;;US;false;"[""Solar energy company""]";3.5;11;;false;2025-10-16 10:10:36.935909+00;2025-10-16 10:10:36.935909+00;;(210) 790-1261;false;false;;
1c1cd782-2592-40d5-95a0-587dd01f167d;One80 Solar;Solar Installation;Imported;;One80 Solar;http://one80solar.com/;San Antonio;Texas;;;;US;false;"[""Solar energy company""]";5;6;;false;2025-10-16 10:10:37.394715+00;2025-10-16 10:10:37.394715+00;;(210) 802-7428;false;false;;
0d670a0a-b9d8-4f06-8652-9d799fbed3c4;Sunlit Solar San Antonio;Solar Installation;Imported;;Sunlit Solar San Antonio;;San Antonio;Texas;;;;US;false;"[""Solar energy company""]";5;1;;false;2025-10-16 10:10:37.837643+00;2025-10-16 10:10:37.837643+00;;(833) 435-3745;false;false;;
6b2af5d8-0004-4a56-8867-ed65a2c12be0;Texas Powered by Solar;Solar Installation;Imported;;Texas Powered by Solar;;New Braunfels;Texas;;;;US;false;"[""Solar energy company""]";3;2;;false;2025-10-16 10:10:24.846453+00;2025-10-16 10:10:24.846453+00;;(830) 832-3332;false;false;;
426ecf4e-28ac-4758-b647-25a8e8628b51;San Antonio Roof Royale;Solar Installation;Imported;;San Antonio Roof Royale;https://austinroofroyale.com/san-antonio-roofing-contractors/;San Antonio;Texas;;;;US;false;"[""Roofing contractor""]";5;1;;false;2025-10-16 10:10:25.678751+00;2025-10-16 10:10:25.678751+00;;(512) 400-3113;false;false;;
b4439f86-a858-49b5-b275-7af9c3bc4c4b;Rhino Roofers: San Antonio Roofing Company;Solar Installation;Imported;;Rhino Roofers: San Antonio Roofing Company;https://rhinoroofers.com/;San Antonio;Texas;;;;US;false;"[""Solar energy equipment supplier""]";4.9;1229;;false;2025-10-16 10:10:26.189908+00;2025-10-16 10:10:26.189908+00;;(210) 756-2834;false;false;;
3cd83dbb-3dfb-4430-b512-ad299a90843b;SolarOn Services;Solar Installation;Imported;;SolarOn Services;https://www.solaronservices.com/;Austin;Texas;;;;US;false;"[""Solar energy company""]";5;5;;false;2025-10-16 10:10:26.702191+00;2025-10-16 10:10:26.702191+00;;(512) 299-6000;false;false;;
477cbd5e-5427-4e3b-b6ca-732c69c9beed;The American Power Company;Solar Installation;Imported;;The American Power Company;http://www.powerbacktothepeople.com/;Austin;Texas;;;;US;false;"[""Solar energy equipment supplier""]";4.1;48;;false;2025-10-16 10:10:27.302679+00;2025-10-16 10:10:27.302679+00;;(737) 900-1980;false;false;;
1659b869-eaac-4257-b9cf-22ca6fa266e7;GVEC Solar Services;Solar Installation;Imported;;GVEC Solar Services;http://gvecsolarservice.com/;La Vernia;Texas;;;;US;false;"[""Solar energy equipment supplier""]";4.5;36;;false;2025-10-16 10:10:27.750693+00;2025-10-16 10:10:27.750693+00;;(855) 898-8807;false;false;;
92b92d01-83a3-4691-8713-178188b6a6c7;GVEC Solar Services;Solar Installation;Imported;;GVEC Solar Services;http://gvecsolarservice.com/;Cuero;Texas;;;;US;false;"[""Solar energy equipment supplier""]";5;66;;false;2025-10-16 10:10:28.18626+00;2025-10-16 10:10:28.18626+00;;(855) 898-8807;false;false;;
f15968f3-2246-49fa-a6ae-c849453612ce;ION Solar - Texas;Solar Installation;Imported;;ION Solar - Texas;https://www.ionsolar.com/texas;Kyle;Texas;;;;US;false;"[""Solar energy company""]";4.2;955;;false;2025-10-16 10:10:28.634426+00;2025-10-16 10:10:28.634426+00;;(888) 781-7074;false;false;;
44b82067-ceac-42f8-8ca0-129a00a493fe;Mammoth Roofing and Solar Of Boerne;Solar Installation;Imported;;Mammoth Roofing and Solar Of Boerne;https://www.mammothroofs.com/locations/san-antonio-tx/?utm_source=google&utm_medium=organic&utm_campaign=gmb&utm_content=boerne;Boerne;Texas;;;;US;false;"[""Roofing contractor""]";4.9;362;;false;2025-10-16 10:10:29.102019+00;2025-10-16 10:10:29.102019+00;;(210) 569-0398;false;false;;
124050b8-7eb4-4097-a2d3-8ed8a3789729;APEX Smart Home;Solar Installation;Imported;;APEX Smart Home;http://getapexsmart.com/;San Antonio;Texas;;;;US;false;"[""Solar energy company""]";4.9;370;;false;2025-10-16 10:10:29.593113+00;2025-10-16 10:10:29.593113+00;;(210) 301-0032;false;false;;
d5695e7e-7f61-4840-9845-2916dec48840;Critter Shield;Solar Installation;Imported;;Critter Shield;;San Antonio;Texas;;;;US;false;"[""Solar energy system service""]";3.7;3;;false;2025-10-16 10:10:30.055389+00;2025-10-16 10:10:30.055389+00;;(210) 314-1177;false;false;;
e4e5507b-b225-4548-bdbd-25687fdc16bd;Solar Electric Texas;Solar Installation;Imported;;Solar Electric Texas;http://www.solarelectrictexas.com/;San Antonio;Texas;;;;US;false;"[""Solar energy equipment supplier""]";;0;;false;2025-10-16 10:10:30.511711+00;2025-10-16 10:10:30.511711+00;;(737) 379-9295;false;false;;
16603954-7e80-4a5f-9675-69b9f9b5f39f;Green Energy of San Antonio;Solar Installation;Imported;;Green Energy of San Antonio;https://www.greenenergyofsanantonio.com/;San Antonio;Texas;;;;US;false;"[""Insulation contractor""]";4.5;94;;false;2025-10-16 10:10:30.976419+00;2025-10-16 10:10:30.976419+00;;(210) 310-3371;false;false;;
930c4b38-d0b6-4bfe-8b8b-abd2e4cd998f;Green Planet Solutions;Solar Installation;Imported;;Green Planet Solutions;;Austin;Texas;;;;US;false;"[""Solar energy company""]";5;18;;false;2025-10-16 10:10:31.434255+00;2025-10-16 10:10:31.434255+00;;(512) 866-6968;false;false;;
d2e48dfe-939d-4242-a50d-14c48bf4bf3c;Alba Energy;Solar Installation;Imported;;Alba Energy;http://albaenergy.com/;Austin;Texas;;;;US;false;"[""Solar energy company""]";4.6;52;;false;2025-10-16 10:10:31.895603+00;2025-10-16 10:10:31.895603+00;;(800) 238-3112;false;false;;
5134bc9e-81dd-4587-b0d1-fb5c18d511b3;A to Z Solar Maintenance;Solar Installation;Imported;;A to Z Solar Maintenance;http://atozsolarmaintenance.com/;San Antonio;Texas;;;;US;false;"[""Solar energy system service""]";;0;;false;2025-10-16 10:10:32.380185+00;2025-10-16 10:10:32.380185+00;;(469) 866-5525;false;false;;
41d3a49c-c673-4f58-bceb-fd82b5e01630;San Antonio Solar Systems;Solar Installation;Imported;;San Antonio Solar Systems;;San Antonio;Texas;;;;US;false;"[""Solar energy company""]";;0;;false;2025-10-16 10:10:32.860276+00;2025-10-16 10:10:32.860276+00;;(726) 256-6202;false;false;;
9031df28-3637-46d0-8a4e-0da83dd5afb1;Solar Energy House TX;Solar Installation;Imported;;Solar Energy House TX;;San Antonio;Texas;;;;US;false;"[""Solar energy company""]";;0;;false;2025-10-16 10:10:33.295379+00;2025-10-16 10:10:33.295379+00;;(726) 256-7177;false;false;;
1864c4bc-d7d4-48fd-a258-cfd39423ec53;ETW Energy, LLC;Solar Installation;Imported;;ETW Energy, LLC;;San Antonio;Texas;;;;US;false;"[""Solar energy company""]";;0;;false;2025-10-16 10:10:33.749911+00;2025-10-16 10:10:33.749911+00;;(210) 201-4453;false;false;;
8bb49cb8-27bf-4671-bb6b-e541a69299e0;M&M Roofing, Siding & Windows;Solar Installation;Imported;;M&M Roofing, Siding & Windows;https://mmroofsiding.com/locations/san-antonio/roofing/;San Antonio;Texas;;;;US;false;"[""Solar energy equipment supplier""]";4.8;230;;false;2025-10-16 10:10:34.229997+00;2025-10-16 10:10:34.229997+00;;(210) 822-6070;false;false;;
9b6fd5a7-9b01-42ea-981e-d05d10115565;POM Solar Energy;Solar Installation;Imported;;POM Solar Energy;;San Antonio;Texas;;;;US;false;"[""Solar energy system service""]";;0;;false;2025-10-16 10:10:34.709246+00;2025-10-16 10:10:34.709246+00;;(210) 782-0291;false;false;;
2a40e354-dc5a-4650-b83f-49af61ab761d;Now Energy LLC;Solar Installation;Imported;;Now Energy LLC;http://www.nowenergyllc.com/;Live Oak;Texas;;;;US;false;"[""Solar energy company""]";1;1;;false;2025-10-16 10:10:35.204595+00;2025-10-16 10:10:35.204595+00;;(512) 614-0498;false;false;;
3bf2a49a-3f9c-428b-ae36-c2ad8346e0c4;OCI Solar Power Alamo 1 Solar Farm;Solar Installation;Imported;;OCI Solar Power Alamo 1 Solar Farm;http://ocisolarpower.com/;San Antonio;Texas;;;;US;false;"[""Power station""]";5;2;;false;2025-10-16 10:10:35.708591+00;2025-10-16 10:10:35.708591+00;;(210) 453-3100;false;false;;
a05814ca-d6ad-4953-a102-c1bb5d8a8392;EcoGen America;Solar Installation;Imported;;EcoGen America;https://ecogenamerica.com/residential/tx/san-antonio/;San Antonio;Texas;;;;US;false;"[""Solar energy company""]";;0;;false;2025-10-16 10:10:36.25326+00;2025-10-16 10:10:36.25326+00;;(888) 294-5764;false;false;;
5f9f7582-ae0e-42a2-86bf-d8ea0c24cb54;Fonroche Lighting America;Solar Installation;Imported;;Fonroche Lighting America;https://www.fonrochesolarlighting.com/;San Antonio;Texas;;;;US;false;"[""Solar energy equipment supplier""]";5;4;;false;2025-10-16 10:10:36.699774+00;2025-10-16 10:10:36.699774+00;;(339) 225-4530;false;false;;
eb28b996-539c-49ad-89dc-9e12501a1bfa;DKD Energy;Solar Installation;Imported;;DKD Energy;http://www.dkdenergy.com/;San Antonio;Texas;;;;US;false;"[""Solar energy company""]";5;1;;false;2025-10-16 10:10:37.170604+00;2025-10-16 10:10:37.170604+00;;(800) 844-0569;false;false;;
33804ea8-a266-4bed-8a0a-6db4aa09631f;Lighthouse Solar;Solar Installation;Imported;;Lighthouse Solar;http://lighthousesolartx.com/;San Antonio;Texas;;;;US;false;"[""Solar energy company""]";5;3;;false;2025-10-16 10:10:37.612017+00;2025-10-16 10:10:37.612017+00;;(512) 710-7538;false;false;;
a7250b27-1799-48ce-a7e4-9e8bda5413f6;Power Up Sol;Solar Installation;Imported;;Power Up Sol;;Boerne;Texas;;;;US;false;"[""Solar energy company""]";5;7;;false;2025-10-16 10:10:38.065728+00;2025-10-16 10:10:38.065728+00;;(210) 469-9649;false;false;;
176233f0-5f18-4010-8ea7-ed67869e8e90;Strategic Solar Installation San Antonio;Solar Installation;Imported;;Strategic Solar Installation San Antonio;;San Antonio;Texas;;;;US;false;"[""Solar energy company""]";1;1;;false;2025-10-16 10:10:38.499696+00;2025-10-16 10:10:38.499696+00;;(833) 435-4213;false;false;;
68d2a814-f0a8-43b8-b6a4-2d1d008763de;Texas Solar Energy;Solar Installation;Imported;;Texas Solar Energy;;San Antonio;Texas;;;;US;false;"[""Solar energy company""]";;0;;false;2025-10-16 10:10:38.275797+00;2025-10-16 10:10:38.275797+00;;(210) 573-3418;false;false;;
4b8cd18b-d1aa-49d8-92d4-a0b29564ff6d;Guided Path Solar;Solar Installation;Imported;;Guided Path Solar;https://www.guidedpathsolar.com/;Dripping Springs;Texas;;;;US;false;"[""Solar energy equipment supplier""]";5;2;;false;2025-10-16 10:10:38.7229+00;2025-10-16 10:10:38.7229+00;;(512) 200-3344;false;false;;
7f7457a4-ff85-4e89-bae1-3373c96d00ab;Profesional Solar Installation;Solar Installation;Imported;;Profesional Solar Installation;;San Antonio;Texas;;;;US;false;"[""Solar energy system service""]";;0;;false;2025-10-16 10:10:39.1545+00;2025-10-16 10:10:39.1545+00;;(726) 238-7889;false;false;;
66e633d1-d62f-4c64-872b-109ce0f65baa;Cool Solar - Austin Texas Solar Panel Power;Solar Installation;Imported;;Cool Solar - Austin Texas Solar Panel Power;https://coolsolarpower.co/;Austin;Texas;;;;US;false;"[""Solar energy company""]";5;67;;false;2025-10-16 10:10:39.593747+00;2025-10-16 10:10:39.593747+00;;(512) 883-4407;false;false;;
a9ba1a9d-642c-46e6-991b-3ae16bcbd1ed;NATiVE Solar;Solar Installation;Imported;;NATiVE Solar;https://nativesolar.com/;Dripping Springs;Texas;;;;US;false;"[""Solar energy company""]";4.6;84;;false;2025-10-16 10:10:40.057204+00;2025-10-16 10:10:40.057204+00;;(855) 234-3131;false;false;;
0cf08728-0385-49fa-9383-c04cb4849ad1;Erus Energy;Solar Installation;Imported;;Erus Energy;;San Antonio;Texas;;;;US;false;"[""Solar energy company""]";3;3;;false;2025-10-16 10:10:40.500824+00;2025-10-16 10:10:40.500824+00;;(844) 272-8336;false;false;;
4babcbc8-165c-4dec-8b62-cc185af8d434;Argus Solar and Construction;Solar Installation;Imported;;Argus Solar and Construction;http://www.argussolarandconstruction.com/;Universal City;Texas;;;;US;false;"[""Solar energy equipment supplier""]";5;1;;false;2025-10-16 10:10:40.932244+00;2025-10-16 10:10:40.932244+00;;(210) 548-8071;false;false;;
4f3014e9-beb3-4b25-a11f-7afb36876b51;SolarWind Panel Installation San Antonio LLC;Solar Installation;Imported;;SolarWind Panel Installation San Antonio LLC;;San Antonio;Texas;;;;US;false;"[""Solar energy equipment supplier""]";5;4;;false;2025-10-16 10:10:41.379429+00;2025-10-16 10:10:41.379429+00;;(726) 762-3214;false;false;;
bffee839-42b2-478c-9036-33c19230fc3a;Erco Energy;Solar Installation;Imported;;Erco Energy;https://erco.energy/us;San Antonio;Texas;;;;US;false;"[""Solar energy company""]";4.8;55;;false;2025-10-16 10:10:41.813722+00;2025-10-16 10:10:41.813722+00;;(210) 639-3818;false;false;;
9ccbe618-120e-44ad-a5dc-5082737e9d00;Ecopro Solar Supply;Solar Installation;Imported;;Ecopro Solar Supply;http://www.ecoprosolar.com/;San Antonio;Texas;;;;US;false;"[""Solar energy equipment supplier""]";5;18;;false;2025-10-16 10:10:42.25688+00;2025-10-16 10:10:42.25688+00;;(210) 251-4059;false;false;;
297dec6d-65e2-4a7f-89f4-87e2a9ce3dd4;SolWel;Solar Installation;Imported;;SolWel;https://solwel.com/;San Antonio;Texas;;;;US;false;"[""Solar energy equipment supplier""]";5;17;;false;2025-10-16 10:10:43.103043+00;2025-10-16 10:10:43.103043+00;;(210) 462-9950;false;false;;
1ccfef37-60e1-4dca-b627-bc0560ff9326;National Renewable Energy Partners;Solar Installation;Imported;;National Renewable Energy Partners;https://nrep.solar/;San Antonio;Texas;;;;US;false;"[""Solar energy system service""]";5;1;;false;2025-10-16 10:10:43.528772+00;2025-10-16 10:10:43.528772+00;;(855) 858-6737;false;false;;
af21e735-21ee-40dc-8e36-31f51218f9a8;Olympus Electric & Solar LLC.;Solar Installation;Imported;;Olympus Electric & Solar LLC.;http://www.olympuselectric210.com/?utm_source=google&utm_medium=wix_google_business_profile&utm_campaign=17496412437298676530;San Antonio;Texas;;;;US;false;"[""Solar energy system service""]";5;11;;false;2025-10-16 10:10:43.964325+00;2025-10-16 10:10:43.964325+00;;(210) 236-8314;false;false;;
6297b7e4-ab2a-49dd-b64b-2dfb93a915d1;Solar Sunny-Side UP;Solar Installation;Imported;;Solar Sunny-Side UP;http://solarsunnysideup.com/;San Antonio;Texas;;;;US;false;"[""Solar energy company""]";5;27;;false;2025-10-16 10:10:44.826987+00;2025-10-16 10:10:44.826987+00;;(855) 887-8669;false;false;;
da565fc1-cbb2-475c-ae0c-d930cf02ee99;Mission Solar Energy LLC;Solar Installation;Imported;;Mission Solar Energy LLC;http://www.missionsolar.com/;San Antonio;Texas;;;;US;false;"[""Solar energy equipment supplier""]";3.9;34;;false;2025-10-16 10:10:45.243458+00;2025-10-16 10:10:45.243458+00;;(210) 531-8600;false;false;;
a2463012-3343-437d-a748-ee1f46e35da9;GVEC Solar Services;Solar Installation;Imported;;GVEC Solar Services;http://gvecsolarservice.com/;Schertz;Texas;;;;US;false;"[""Solar energy equipment supplier""]";4.7;140;;false;2025-10-16 10:10:45.690155+00;2025-10-16 10:10:45.690155+00;;(855) 898-8807;false;false;;
c21dd4a5-dc41-4bcd-b6c0-50202d182c18;RGV Electric;Solar Installation;Imported;;RGV Electric;;Harlingen;Texas;;;;US;false;"[""Electrician""]";3;2;;false;2025-10-16 10:10:46.118964+00;2025-10-16 10:10:46.118964+00;;(956) 443-3004;false;false;;
fc390c56-8d95-462b-851d-32a434924b36;SAT Energy;Solar Installation;Imported;;SAT Energy;https://www.sat-energy.biz/;San Antonio;Texas;;;;US;false;"[""Solar energy company""]";3.2;9;;false;2025-10-16 10:10:46.555872+00;2025-10-16 10:10:46.555872+00;;(210) 688-4301;false;false;;
a9a84ebb-9bfd-4ded-ad38-a5fc18ba4305;Sun Action Trackers LLC;Solar Installation;Imported;;Sun Action Trackers LLC;http://www.sat-energy.com/;San Antonio;Texas;;;;US;false;"[""Solar energy equipment supplier""]";5;2;;false;2025-10-16 10:10:46.992126+00;2025-10-16 10:10:46.992126+00;;(210) 503-6101;false;false;;
9fed5457-7d8c-41ef-be51-d89f871d5aa6;Advanced Solar & Electric;Solar Installation;Imported;;Advanced Solar & Electric;http://www.advancedsolar.com/;Cibolo;Texas;;;;US;false;"[""Solar energy equipment supplier""]";4.3;84;;false;2025-10-16 10:10:47.422711+00;2025-10-16 10:10:47.422711+00;;(210) 556-1399;false;false;;
08863752-4dc2-4138-8bd7-e00c0d27fd47;Pure Energy;Solar Installation;Imported;;Pure Energy;http://pure.solar/;San Antonio;Texas;;;;US;false;"[""Solar energy company""]";4.1;455;;false;2025-10-16 10:10:47.851711+00;2025-10-16 10:10:47.851711+00;;(833) 937-7873;false;false;;
9434ab07-c4f6-472b-b019-edcda061dcf9;HESOLAR;Solar Installation;Imported;;HESOLAR;https://www.hesolarllc.com/;Buda;Texas;;;;US;false;"[""Solar energy company""]";5;108;;false;2025-10-16 10:10:48.258696+00;2025-10-16 10:10:48.258696+00;;(512) 921-6763;false;false;;
cd8b7ba4-79a4-4334-a132-ee29b9b95346;Atma Energy;Solar Installation;Imported;;Atma Energy;https://atma-energy.com/;San Antonio;Texas;;;;US;false;"[""Solar energy company""]";4.9;88;;false;2025-10-16 10:10:48.706493+00;2025-10-16 10:10:48.706493+00;;(210) 247-2862;false;false;;
f99e100a-e291-456d-b6d0-ab43e646c203;Big Sun Solar;Solar Installation;Imported;;Big Sun Solar;https://www.bigsunsolar.com/;San Antonio;Texas;;;;US;false;"[""Solar energy company""]";4.7;33;;false;2025-10-16 10:10:49.406273+00;2025-10-16 10:10:49.406273+00;;(210) 960-2303;false;false;;
c68aa105-4011-441d-8641-34fb67dd9426;Earth Smart Solar TX;Solar Installation;Imported;;Earth Smart Solar TX;https://info.earthsmartsolar.com/main-tx;San Antonio;Texas;;;;US;false;"[""Solar energy company""]";5;77;;false;2025-10-16 10:10:49.849847+00;2025-10-16 10:10:49.849847+00;;(210) 421-5526;false;false;;
44dd34b8-f4e1-42b2-838f-97a5ba16e5e8;Texas Engineered Solar;Solar Installation;Imported;;Texas Engineered Solar;http://www.txensolar.com/;San Antonio;Texas;;;;US;false;"[""Solar energy company""]";5;34;;false;2025-10-16 10:10:50.330715+00;2025-10-16 10:10:50.330715+00;;;false;false;;
d8a1b474-2465-4be8-bf86-741931be60b5;Delta Solar Power;Solar Installation;Imported;;Delta Solar Power;;San Antonio;Texas;;;;US;false;"[""Solar energy company""]";4.9;232;;false;2025-10-16 10:10:50.764859+00;2025-10-16 10:10:50.764859+00;;(210) 687-7675;false;false;;
61b0785f-acce-4999-bf81-0a278f47afdd;Central Texas Solar;Solar Installation;Imported;;Central Texas Solar;https://centraltexas.solar/;San Antonio;Texas;;;;US;false;"[""Solar energy system service""]";5;32;;false;2025-10-16 10:10:51.189378+00;2025-10-16 10:10:51.189378+00;;(210) 635-0007;false;false;;
8f3ec633-9ab7-48ae-b662-d62b5f169c62;Urban Solar;Solar Installation;Imported;;Urban Solar;;San Antonio;Texas;;;;US;false;"[""Solar energy company""]";5;1;;false;2025-10-16 10:10:38.938185+00;2025-10-16 10:10:38.938185+00;;(210) 415-8440;false;false;;
1aff8290-3154-4edf-bd49-b36e4143681a;Trident Renewables;Solar Installation;Imported;;Trident Renewables;http://tridentrenewables.co/;Austin;Texas;;;;US;false;"[""Solar energy company""]";5;14;;false;2025-10-16 10:10:39.381338+00;2025-10-16 10:10:39.381338+00;;(512) 781-8156;false;false;;
3b3a7d86-9c9f-49dd-a752-38b6a7edaffc;Texas Solar Guys;Solar Installation;Imported;;Texas Solar Guys;https://texassolarguys.com/;Buda;Texas;;;;US;false;"[""Solar energy company""]";5;16;;false;2025-10-16 10:10:39.827646+00;2025-10-16 10:10:39.827646+00;;(512) 565-4767;false;false;;
feaee5f6-dbc3-4b54-989f-f459f98a1a3e;Energy Solutions Llc;Solar Installation;Imported;;Energy Solutions Llc;https://www.energysolutions.com/;San Antonio;Texas;;;;US;false;"[""Solar energy equipment supplier""]";4;1;;false;2025-10-16 10:10:40.282746+00;2025-10-16 10:10:40.282746+00;;(210) 405-7796;false;false;;
88aae0e1-ad82-44d3-abf5-64902f073ff1;roofio;Solar Installation;Imported;;roofio;https://roofio.com/;San Antonio;Texas;;;;US;false;"[""Solar energy company""]";5;9;;false;2025-10-16 10:10:40.717835+00;2025-10-16 10:10:40.717835+00;;(833) 674-7663;false;false;;
a4fa848f-b2e3-44c8-9e92-c67c8d34a7a3;Power Home Remodeling;Solar Installation;Imported;;Power Home Remodeling;https://powerhrg.com/;San Antonio;Texas;;;;US;false;"[""Window installation service""]";4.5;524;;false;2025-10-16 10:10:41.162895+00;2025-10-16 10:10:41.162895+00;;(210) 585-3398;false;false;;
64b85623-c97f-4f86-bec7-71a0de1cf0fd;Texas Energy Experts;Solar Installation;Imported;;Texas Energy Experts;;San Antonio;Texas;;;;US;false;"[""Solar energy system service""]";5;1;;false;2025-10-16 10:10:41.593605+00;2025-10-16 10:10:41.593605+00;;(210) 982-0812;false;false;;
789bca03-80d0-469e-b0d4-a1a7a7b08422;Greentech Renewables San Antonio;Solar Installation;Imported;;Greentech Renewables San Antonio;https://www.greentechrenewables.com/location/san-antonio-tx;San Antonio;Texas;;;;US;false;"[""Solar energy equipment supplier""]";4.4;9;;false;2025-10-16 10:10:42.047844+00;2025-10-16 10:10:42.047844+00;;(210) 988-2045;false;false;;
098b1ee9-338e-4e95-9888-c0dc6c04fe50;Five Star Solar;Solar Installation;Imported;;Five Star Solar;https://gurrbrothersenergy.com/san-antonio;San Antonio;Texas;;;;US;false;"[""Solar energy company""]";4.2;5;;false;2025-10-16 10:10:42.468829+00;2025-10-16 10:10:42.468829+00;;(214) 551-4648;false;false;;
379aa27e-916b-4ff5-8db3-2fdb36cada52;Green Star EV and Solar Solutions;Solar Installation;Imported;;Green Star EV and Solar Solutions;https://www.greenstarsolarsolutions.com/;San Antonio;Texas;;;;US;false;"[""Solar energy company""]";3.4;17;;false;2025-10-16 10:10:42.889541+00;2025-10-16 10:10:42.889541+00;;(830) 438-3396;false;false;;
bca2f7c4-bcce-49cd-aef7-75e8689c8168;Aptos Solar Technology;Solar Installation;Imported;;Aptos Solar Technology;http://www.aptossolar.com/;San Antonio;Texas;;;;US;false;"[""Solar energy equipment supplier""]";4;16;;false;2025-10-16 10:10:43.315809+00;2025-10-16 10:10:43.315809+00;;(949) 932-0733;false;false;;
091f483e-6e29-4c67-bd49-e7ea01deb624;Freedom Forever;Solar Installation;Imported;;Freedom Forever;https://www.freedomforever.com/;San Antonio;Texas;;;;US;false;"[""Solar energy company""]";4.2;289;;false;2025-10-16 10:10:43.744825+00;2025-10-16 10:10:43.744825+00;;(888) 557-6431;false;false;;
fda427a5-f444-42ea-a92f-f47be841ecdb;Longhorn Solar - San Antonio;Solar Installation;Imported;;Longhorn Solar - San Antonio;https://longhornsolar.com/;San Antonio;Texas;;;;US;false;"[""Solar energy company""]";3.4;10;;false;2025-10-16 10:10:44.177006+00;2025-10-16 10:10:44.177006+00;;(210) 566-8000;false;false;;
d52abe0a-431c-419a-934c-ed801db5a9eb;Lux Energy;Solar Installation;Imported;;Lux Energy;http://luxsolarenergy.com/;San Antonio;Texas;;;;US;false;"[""Solar energy company""]";4;68;;false;2025-10-16 10:10:44.611808+00;2025-10-16 10:10:44.611808+00;;(830) 308-7475;false;false;;
346f1fe0-3080-4e98-9195-2ff73d28d0de;TriSMART Solar;Solar Installation;Imported;;TriSMART Solar;https://www.trismartsolar.com/;San Antonio;Texas;;;;US;false;"[""Solar energy company""]";4.1;216;;false;2025-10-16 10:10:45.033627+00;2025-10-16 10:10:45.033627+00;;(888) 485-5551;false;false;;
26406019-8afc-432d-9d0a-a7ddaf8e0f24;Solur Power;Solar Installation;Imported;;Solur Power;https://solurpower.com/location/san-antonio;San Antonio;Texas;;;;US;false;"[""Solar energy company""]";5;9;;false;2025-10-16 10:10:45.467916+00;2025-10-16 10:10:45.467916+00;;(210) 791-0340;false;false;;
79f2a729-810d-485f-b415-f087c5176dee;Soleil Energy Solutions LLC;Solar Installation;Imported;;Soleil Energy Solutions LLC;https://soleilenergies.com/;San Antonio;Texas;;;;US;false;"[""Solar energy company""]";4.7;25;;false;2025-10-16 10:10:45.902207+00;2025-10-16 10:10:45.902207+00;;(726) 800-4301;false;false;;
f90bd931-e24d-47df-b583-754e2ab2c564;Greenbelt Solar;Solar Installation;Imported;;Greenbelt Solar;http://www.greenbeltsolar.com/;Austin;Texas;;;;US;false;"[""Solar energy system service""]";4.9;120;;false;2025-10-16 10:10:46.33597+00;2025-10-16 10:10:46.33597+00;;(512) 750-1478;false;false;;
a49c8d5f-94ce-4bb6-ad67-05cc5147e6eb;Alba Energy;Solar Installation;Imported;;Alba Energy;http://albaenergy.com/;San Antonio;Texas;;;;US;false;"[""Solar energy company""]";4.7;37;;false;2025-10-16 10:10:46.775508+00;2025-10-16 10:10:46.775508+00;;(210) 571-0311;false;false;;
27445f8f-6e87-4e88-9915-0aadb0c7c7ab;Life Solar Panels;Solar Installation;Imported;;Life Solar Panels;http://lifesolarpanels.com/;San Antonio;Texas;;;;US;false;"[""Solar energy company""]";5;11;;false;2025-10-16 10:10:47.210059+00;2025-10-16 10:10:47.210059+00;;(210) 608-2508;false;false;;
6216c219-856f-4838-8dea-828914428c7d;CAM Solar;Solar Installation;Imported;;CAM Solar;https://www.gocamsolar.com/;San Antonio;Texas;;;;US;false;"[""Solar energy company""]";3.5;291;;false;2025-10-16 10:10:47.643608+00;2025-10-16 10:10:47.643608+00;;(210) 227-3456;false;false;;
054a23e3-ce30-443a-9462-580ef56a147b;Jiles Solar Power and Jiles Roofing;Solar Installation;Imported;;Jiles Solar Power and Jiles Roofing;http://www.gojiles.com/;New Braunfels;Texas;;;;US;false;"[""Roofing contractor""]";4.9;58;;false;2025-10-16 10:10:48.058525+00;2025-10-16 10:10:48.058525+00;;(830) 401-9972;false;false;;
99116838-f6bb-42b6-bd4c-ab46052ae6e3;Freedom Solar Power - Austin Solar Panel Company & Installers;Solar Installation;Imported;;Freedom Solar Power - Austin Solar Panel Company & Installers;https://freedomsolarpower.com/locations/austin-solar-company?utm_source=gmb&utm_medium=organic;Austin;Texas;;;;US;false;"[""Solar energy company""]";4.5;905;;false;2025-10-16 10:10:48.479114+00;2025-10-16 10:10:48.479114+00;;(512) 759-8313;false;false;;
cf896519-5a70-406f-adc1-8d7d05b9343f;Orius Solar Care+;Solar Installation;Imported;;Orius Solar Care+;http://oriusolar.com/;San Antonio;Texas;;;;US;false;"[""Solar energy company""]";5;121;;false;2025-10-16 10:10:49.195938+00;2025-10-16 10:10:49.195938+00;;(210) 384-1014;false;false;;
447875cb-a1b8-40a5-ac86-360ae7877a64;South Texas Solar Systems;Solar Installation;Imported;;South Texas Solar Systems;https://txsolarsystems.com/;San Antonio;Texas;;;;US;false;"[""Solar energy company""]";3.2;145;;false;2025-10-16 10:10:49.634501+00;2025-10-16 10:10:49.634501+00;;(210) 829-5420;false;false;;
dae9142b-61e3-410a-8279-eda45817721f;Freedom Solar Power - San Antonio Solar Panel Company & Installers;Solar Installation;Imported;;Freedom Solar Power - San Antonio Solar Panel Company & Installers;https://freedomsolarpower.com/locations/san-antonio-solar-company?utm_source=gmb&utm_medium=organic;Schertz;Texas;;;;US;false;"[""Solar energy company""]";4.4;434;;false;2025-10-16 10:10:50.105955+00;2025-10-16 10:10:50.105955+00;;(726) 210-0159;false;false;;
f394e091-5058-4a1f-b24d-5c7ef25c5a2d;Lighthouse Solar;Solar Installation;Imported;;Lighthouse Solar;https://lighthousesolartx.com/?utm_source=GMB&utm_medium=organic&utm_campaign=austin;Austin;Texas;;;;US;false;"[""Solar energy company""]";4.9;221;;false;2025-10-16 10:10:50.545059+00;2025-10-16 10:10:50.545059+00;;(512) 476-5555;false;false;;
a46cfb1d-4151-4304-93ae-dc738fea8e9a;Solar Service;Solar Installation;Imported;;Solar Service;https://solarservice-tx.com/san-antonio/;San Antonio;Texas;;;;US;false;"[""Solar energy company""]";5;421;;false;2025-10-16 10:10:50.979485+00;2025-10-16 10:10:50.979485+00;;(210) 343-2822;false;false;;
a8a3ed46-4c82-43cd-9fd0-3f5d6d15e386;Solar Edge Pros;Solar Installation;Imported;;Solar Edge Pros;https://solaredgepros.com/;San Antonio;Texas;;;;US;false;"[""Solar energy company""]";4.8;356;;false;2025-10-16 10:10:51.411041+00;2025-10-16 10:10:51.411041+00;;(210) 401-9030;false;false;;
c3941e83-cfab-4935-856e-6d7a4ccccd76;NUR Green Living Solutions;Solar Installation;Imported;;NUR Green Living Solutions;;Mercedes;Texas;;;;US;false;"[""Roofing contractor""]";5;7;;false;2025-10-16 10:10:51.828958+00;2025-10-16 10:10:51.828958+00;;(956) 800-9498;false;false;;
dbe1a884-31c3-423f-82dd-98216f2a6f4f;Solar 360;Solar Installation;Imported;;Solar 360;;South Padre Island;Texas;;;;US;false;"[""Solar energy company""]";;0;;false;2025-10-16 10:10:52.269895+00;2025-10-16 10:10:52.269895+00;;(956) 230-6833;false;false;;
2e3aae03-0414-4c29-a3c6-37f1cbe61857;Solar Panel Company;Solar Installation;Imported;;Solar Panel Company;;Weslaco;Texas;;;;US;false;"[""Solar energy equipment supplier""]";;0;;false;2025-10-16 10:10:52.703543+00;2025-10-16 10:10:52.703543+00;;(956) 357-9751;false;false;;
efc0ae3e-dce6-417d-9af2-6c14c3dc42d6;IES Texas Solar;Solar Installation;Imported;;IES Texas Solar;https://www.iestxsolar.com/;La Feria;Texas;;;;US;false;"[""Solar energy system service""]";;0;;false;2025-10-16 10:10:53.119192+00;2025-10-16 10:10:53.119192+00;;(956) 797-3148;false;false;;
d4cff278-acd4-4dcd-9434-bfa89bed4b1e;Solar Power Home Systems;Solar Installation;Imported;;Solar Power Home Systems;;Harlingen;Texas;;;;US;false;"[""Solar energy system service""]";;0;;false;2025-10-16 10:10:53.540552+00;2025-10-16 10:10:53.540552+00;;(956) 422-3033;false;false;;
71d84ffb-94b1-417f-b696-8946a757c2bc;Pure Energy;Solar Installation;Imported;;Pure Energy;https://pureenergyvalley.com/;Weslaco;Texas;;;;US;false;"[""Solar energy company""]";5;9;;false;2025-10-16 10:10:53.955199+00;2025-10-16 10:10:53.955199+00;;(956) 317-9380;false;false;;
0caa1d63-8c0e-4a90-9645-f0d9619bee3e;Elevate Electrical Solutions;Solar Installation;Imported;;Elevate Electrical Solutions;https://goelevateelectrical.com/;San Antonio;Texas;;;;US;false;"[""Electrician""]";4.9;56;;false;2025-10-16 10:10:54.369583+00;2025-10-16 10:10:54.369583+00;;(210) 913-1115;false;false;;
aa0eb947-c22e-43a6-b37d-27dcac393e50;View Crystal Solar Contractor;Solar Installation;Imported;;View Crystal Solar Contractor;https://viewcrystalsolarcontractor.com/;Crystal City;Texas;;;;US;false;"[""Solar energy equipment supplier""]";;0;;false;2025-10-16 10:10:54.777946+00;2025-10-16 10:10:54.777946+00;;(830) 850-1006;false;false;;
c57a1c1b-e190-4171-9e19-8cebb3979110;Solar Innovation Experts San Antonio;Solar Installation;Imported;;Solar Innovation Experts San Antonio;;San Antonio;Texas;;;;US;false;"[""Solar energy company""]";5;1;;false;2025-10-16 10:10:55.223177+00;2025-10-16 10:10:55.223177+00;;(726) 204-0230;false;false;;
46581802-30e3-41ae-b852-499a69b924f6;SunSmart Solar Helotes;Solar Installation;Imported;;SunSmart Solar Helotes;;Helotes;Texas;;;;US;false;"[""Solar energy company""]";5;2;;false;2025-10-16 10:10:55.651275+00;2025-10-16 10:10:55.651275+00;;(210) 898-4890;false;false;;
a5fea9c7-6da1-4005-85e9-cdbd48d6ddec;Epik Solar of Kerrville;Solar Installation;Imported;;Epik Solar of Kerrville;https://epiksolar.com/locations/Kerrville/;Kerrville;Texas;;;;US;false;"[""Solar energy system service""]";;0;;false;2025-10-16 10:10:56.084268+00;2025-10-16 10:10:56.084268+00;;(830) 224-3342;false;false;;
97dd6df7-86a5-468d-80f3-5b71509b4c16;Smart Energy Solution;Solar Installation;Imported;;Smart Energy Solution;;Eagle Pass;Texas;;;;US;false;"[""Solar energy company""]";4.3;12;;false;2025-10-16 10:10:56.517736+00;2025-10-16 10:10:56.517736+00;;(830) 968-0784;false;false;;
cb5013ea-3517-476d-9d7f-a5ccda0479df;RENERGY;Solar Installation;Imported;;RENERGY;http://www.renergysolar.com/;Boerne;Texas;;;;US;false;"[""Solar energy company""]";5;69;;false;2025-10-16 10:10:56.937841+00;2025-10-16 10:10:56.937841+00;;(830) 755-8699;false;false;;
3bdab35c-afc8-4ac7-bcec-988a88bd7d93;Solergy;Solar Installation;Imported;;Solergy;https://solergytexas.com/?utm_source=google-gmb-maps&utm_medium=gmb-website-button&utm_campaign=locl.io&utm_content=9f67244f-9627-4f30-b288-5b9fe75796d7;McAllen;Texas;;;;US;false;"[""Solar energy company""]";4.7;39;;false;2025-10-16 10:10:57.393406+00;2025-10-16 10:10:57.393406+00;;;false;false;;
74ccd365-dc7a-498d-8395-930da161d33d;SunBear;Solar Installation;Imported;;SunBear;https://www.sunbear.solar/;Boerne;Texas;;;;US;false;"[""Solar energy company""]";;0;;false;2025-10-16 10:10:57.840289+00;2025-10-16 10:10:57.840289+00;;(830) 321-4488;false;false;;
62f03fe7-d993-458d-9444-08c7b9bc040e;Silva Roofing & Construction;Solar Installation;Imported;;Silva Roofing & Construction;https://roofcontractorservice.com/;Brownsville;Texas;;;;US;false;"[""Roofing contractor""]";5;9;;false;2025-10-16 10:10:58.260745+00;2025-10-16 10:10:58.260745+00;;(956) 336-2816;false;false;;
80ad6cef-8f7f-4863-9d72-237b7d2cf7e4;Xactman Services LLC;Solar Installation;Imported;;Xactman Services LLC;;Brownsville;Texas;;;;US;false;"[""Roofing contractor""]";3.3;7;;false;2025-10-16 10:10:58.739778+00;2025-10-16 10:10:58.739778+00;;(956) 382-3985;false;false;;
183070c5-699c-4de0-bca9-97f894007b36;Solid Structures Inc;Solar Installation;Imported;;Solid Structures Inc;;Brownsville;Texas;;;;US;false;"[""General contractor""]";5;3;;false;2025-10-16 10:10:59.182955+00;2025-10-16 10:10:59.182955+00;;(956) 544-5459;false;false;;
121e4749-e232-4acd-930d-378fecc55e35;Bahia Mar & Solare Tower;Solar Installation;Imported;;Bahia Mar & Solare Tower;http://www.bahiamarmanagement.com/;South Padre Island;Texas;;;;US;false;"[""Condominium complex""]";4.1;368;;false;2025-10-16 10:10:59.650004+00;2025-10-16 10:10:59.650004+00;;(956) 433-5480;false;false;;
cb155d80-1109-4dc8-b770-6c156459eb22;Black Diamond PPF & Tint - Olmito;Solar Installation;Imported;;Black Diamond PPF & Tint - Olmito;https://blackdiamondrgv.com/?utm_source=google&utm_medium=organic&utm_campaign=gmb-Olmito&utm_content=website_button;Olmito;Texas;;;;US;false;"[""Auto window tinting service""]";4.8;26;;false;2025-10-16 10:11:00.098698+00;2025-10-16 10:11:00.098698+00;;(956) 558-2263;false;false;;
c377bfde-fcc3-4c15-8415-e658b26cc4c3;McAllen Valley Roofing Co.;Solar Installation;Imported;;McAllen Valley Roofing Co.;https://www.brownsville-roofing.com/;Brownsville;Texas;;;;US;false;"[""Roofing contractor""]";5;42;;false;2025-10-16 10:11:00.559045+00;2025-10-16 10:11:00.559045+00;;(956) 431-0251;false;false;;
5af9a7fb-c3a9-40bd-9764-af276e35dfae;Texas Solar Energy Company;Solar Installation;Imported;;Texas Solar Energy Company;;Harlingen;Texas;;;;US;false;"[""Solar energy company""]";5;1;;false;2025-10-16 10:11:00.98994+00;2025-10-16 10:11:00.98994+00;;(956) 368-1818;false;false;;
4059b8f1-76d3-4c76-abb1-c2794d81fd26;SCS Sales Consultant Services;Solar Installation;Imported;;SCS Sales Consultant Services;http://scservicestexas.com/;Olmito;Texas;;;;US;false;"[""Insulation contractor""]";4.8;136;;false;2025-10-16 10:11:01.516741+00;2025-10-16 10:11:01.516741+00;;(956) 551-1420;false;false;;
64cd1cc6-a178-426b-95d2-90cab79f6995;ARC Solar & EV Solutions;Solar Installation;Imported;;ARC Solar & EV Solutions;http://www.arcsolarevsolutions.net/;Lytle;Texas;;;;US;false;"[""Solar energy company""]";5;3;;false;2025-10-16 10:11:02.049973+00;2025-10-16 10:11:02.049973+00;;(210) 461-8128;false;false;;
a6d65607-a170-4f3f-bf7a-e59f29e5c458;Logans Electric;Solar Installation;Imported;;Logans Electric;https://www.loganselectric.com/contact/;Brownsville;Texas;;;;US;false;"[""Contractor""]";;0;;false;2025-10-16 10:11:02.592492+00;2025-10-16 10:11:02.592492+00;;(956) 382-4651;false;false;;
6d56f90f-2259-4bfa-87f8-ea52fac96378;Amarillo Solar Shade Co.;Solar Installation;Imported;;Amarillo Solar Shade Co.;https://amarillosolarshades.com/?utm_source=google&utm_medium=organic&utm_campaign=gmbwebsite;Amarillo;Texas;;;;US;false;"[""Window installation service""]";5;157;;false;2025-10-16 10:11:03.022002+00;2025-10-16 10:11:03.022002+00;;(806) 214-2345;false;false;;
6975155d-d234-43fc-8c67-02d7a923713c;Aresa Home Solutions;Solar Installation;Imported;;Aresa Home Solutions;https://usmapet.org/details/aresa-home-solutions-ChIJ5cU;Harlingen;Texas;;;;US;false;"[""Construction company""]";5;10;;false;2025-10-16 10:10:51.618858+00;2025-10-16 10:10:51.618858+00;;(956) 509-7193;false;false;;
74a2daa1-d642-461b-a990-4d4550a013a3;Prodigy Solar;Solar Installation;Imported;;Prodigy Solar;https://prodigysolartx.com/;San Antonio;Texas;;;;US;false;"[""Solar energy company""]";5;17;;false;2025-10-16 10:10:52.060008+00;2025-10-16 10:10:52.060008+00;;(210) 905-4445;false;false;;
8ad20791-748b-4033-906b-0e7c178095a1;South Texas Roofing;Solar Installation;Imported;;South Texas Roofing;https://mysouthtexasroofing.com/;Weslaco;Texas;;;;US;false;"[""Roofing contractor""]";5;88;;false;2025-10-16 10:10:52.488495+00;2025-10-16 10:10:52.488495+00;;(956) 309-1307;false;false;;
b11a1118-47cb-428b-b01f-34115ea1c2a0;TMD SOLAR ENERGY;Solar Installation;Imported;;TMD SOLAR ENERGY;;Brownsville;Texas;;;;US;false;"[""Solar energy company""]";2.3;3;;false;2025-10-16 10:10:52.909779+00;2025-10-16 10:10:52.909779+00;;(956) 435-4991;false;false;;
e5dd4536-8208-4573-b028-51660234767a;Sunergy Services LLC;Solar Installation;Imported;;Sunergy Services LLC;https://sunergyservices.net/;Weslaco;Texas;;;;US;false;"[""Solar energy company""]";4.6;9;;false;2025-10-16 10:10:53.330554+00;2025-10-16 10:10:53.330554+00;;(800) 844-0372;false;false;;
459dace2-4a95-4250-8a2d-96636427d402;Evergreen Home Energy;Solar Installation;Imported;;Evergreen Home Energy;http://www.goevergreenhome.com/;Weslaco;Texas;;;;US;false;"[""Solar energy company""]";5;25;;false;2025-10-16 10:10:53.748858+00;2025-10-16 10:10:53.748858+00;;(956) 340-9697;false;false;;
7ae1f135-a2af-4715-8baa-72dc85508a0d;Solar Electrics Texas;Solar Installation;Imported;;Solar Electrics Texas;http://www.solarelectricstexas.com/;San Antonio;Texas;;;;US;false;"[""Solar energy company""]";1;1;;false;2025-10-16 10:10:54.155883+00;2025-10-16 10:10:54.155883+00;;(828) 515-1800;false;false;;
07ce3d7e-13a9-46b6-ab52-77a3264ab3bc;Ramirez Innovations LLC;Solar Installation;Imported;;Ramirez Innovations LLC;http://ramirezinnovationsllc.com/;San Benito;Texas;;;;US;false;"[""Construction company""]";4.8;68;;false;2025-10-16 10:10:54.566667+00;2025-10-16 10:10:54.566667+00;;(956) 626-1024;false;false;;
5401c24a-b145-484b-98fd-f97afb038d4a;Solar Electric Texas;Solar Installation;Imported;;Solar Electric Texas;https://solarelectrictexastx.hibuwebsites.com/;San Antonio;Texas;;;;US;false;"[""Solar energy system service""]";4.2;114;;false;2025-10-16 10:10:54.999716+00;2025-10-16 10:10:54.999716+00;;(210) 802-4222;false;false;;
0c33d2f1-d12c-4a95-8da8-6d6ae5ded5a6;Eagle SolarPanels Tiles Installs;Solar Installation;Imported;;Eagle SolarPanels Tiles Installs;;Eagle Pass;Texas;;;;US;false;"[""Solar energy company""]";4.7;15;;false;2025-10-16 10:10:55.435207+00;2025-10-16 10:10:55.435207+00;;(281) 533-6728;false;false;;
fd6ba4e3-4e74-4831-901e-8036195226e0;Hill Country Solar;Solar Installation;Imported;;Hill Country Solar;http://hillcountrysolar.com/;Fredericksburg;Texas;;;;US;false;"[""Solar energy company""]";5;1;;false;2025-10-16 10:10:55.869068+00;2025-10-16 10:10:55.869068+00;;(512) 924-5525;false;false;;
d1b05ec0-52d0-407e-97a7-95d5bac3071d;Tesla solar;Solar Installation;Imported;;Tesla solar;https://www.tesla.com/findus/location/store/fredericksburgremotedrive;Fredericksburg;TX;;;;US;false;"[""Solar energy company""]";5;5;;false;2025-10-16 10:10:56.301072+00;2025-10-16 10:10:56.301072+00;;(254) 318-4664;false;false;;
f4946e1b-a15b-47e2-a5d4-b15d541c1a7e;Will Power Solar;Solar Installation;Imported;;Will Power Solar;https://www.willpowersolarllc.com/;San Antonio;Texas;;;;US;false;"[""Solar energy company""]";3.9;34;;false;2025-10-16 10:10:56.726583+00;2025-10-16 10:10:56.726583+00;;(210) 446-9879;false;false;;
cb694d50-4941-4a30-9695-26cb6adb482f;Evolve Solar Installation;Solar Installation;Imported;;Evolve Solar Installation;https://solarinstallationdallascounty.com/;Duncanville;Texas;;;;US;false;"[""Solar energy company""]";5;44;;false;2025-10-16 10:10:57.160704+00;2025-10-16 10:10:57.160704+00;;(469) 297-9013;false;false;;
724f8aa3-3167-4589-b1ff-7ede03d7792e;American Made Solar and Wind Technologies;Solar Installation;Imported;;American Made Solar and Wind Technologies;https://amsolarandwind.com/;Weslaco;Texas;;;;US;false;"[""Solar energy company""]";4.3;24;;false;2025-10-16 10:10:57.63369+00;2025-10-16 10:10:57.63369+00;;(956) 832-3023;false;false;;
8a6e7eb1-a050-422f-bfb4-31b95c0a03df;RGV Solar;Solar Installation;Imported;;RGV Solar;http://www.rgvsolarsystems.com/;Mission;Texas;;;;US;false;"[""Solar energy company""]";4.6;153;;false;2025-10-16 10:10:58.051943+00;2025-10-16 10:10:58.051943+00;;(956) 507-0514;false;false;;
76041f1d-97c8-43e1-ac28-c663db43fa83;Roofing A-1 & Construction Corp;Solar Installation;Imported;;Roofing A-1 & Construction Corp;http://www.roofinga-1andconstructioncorp.com/;Brownsville;Texas;;;;US;false;"[""Roofing contractor""]";4.9;15;;false;2025-10-16 10:10:58.519323+00;2025-10-16 10:10:58.519323+00;;(956) 443-6621;false;false;;
3504e34a-69b3-48d4-a294-40e7d3ce91ce;EGO CLAIMS & CONSTRUCTION LLC;Solar Installation;Imported;;EGO CLAIMS & CONSTRUCTION LLC;https://egoclaimsconstruction.com/;Brownsville;Texas;;;;US;false;"[""Roofing contractor""]";5;1;;false;2025-10-16 10:10:58.972078+00;2025-10-16 10:10:58.972078+00;;(956) 465-0386;false;false;;
52568b04-927c-4db3-a0a4-a981ea7bc488;Owen Roofing Company;Solar Installation;Imported;;Owen Roofing Company;http://www.owenroofingco.com/;Brownsville;Texas;;;;US;false;"[""Roofing contractor""]";4.7;104;;false;2025-10-16 10:10:59.423213+00;2025-10-16 10:10:59.423213+00;;(956) 546-6638;false;false;;
e8d91802-a691-4f93-bee0-5caaac3a92e2;Stephens Solar Solutions;Solar Installation;Imported;;Stephens Solar Solutions;https://www.stephenssolar.net/;San Antonio;Texas;;;;US;false;"[""Solar energy company""]";5;14;;false;2025-10-16 10:10:59.865279+00;2025-10-16 10:10:59.865279+00;;(210) 785-0994;false;false;;
4ac6fd36-2822-47c4-a4f8-d01562594df1;Alpha Valley Roofing;Solar Installation;Imported;;Alpha Valley Roofing;https://www.alphavalleyroofing.com/;Weslaco;Texas;;;;US;false;"[""Roofing contractor""]";4.9;139;;false;2025-10-16 10:11:00.319431+00;2025-10-16 10:11:00.319431+00;;(956) 304-1403;false;false;;
688a45cc-65ba-429b-95ce-a8c82e96102c;Metro Electric, Inc.;Solar Installation;Imported;;Metro Electric, Inc.;http://www.metroelectric-rgv.com/;Brownsville;Texas;;;;US;false;"[""Electrician""]";3.9;7;;false;2025-10-16 10:11:00.781596+00;2025-10-16 10:11:00.781596+00;;(956) 831-7801;false;false;;
a44fdd0d-73ae-45c1-8d72-8eda43299da3;Magic Valley Elec Co-Op Inc;Solar Installation;Imported;;Magic Valley Elec Co-Op Inc;http://www.magicvalley.coop/;Mercedes;Texas;;;;US;false;"[""Electric utility company""]";4;238;;false;2025-10-16 10:11:01.250745+00;2025-10-16 10:11:01.250745+00;;(866) 225-5683;false;false;;
89c1cd63-1d8e-41f5-92a2-41915489551b;A7 Auto Pros | Tint | Coatings | Details - Brownsville;Solar Installation;Imported;;A7 Auto Pros | Tint | Coatings | Details - Brownsville;https://a7autopros.square.site/;Brownsville;Texas;;;;US;false;"[""Car detailing service""]";5;114;;false;2025-10-16 10:11:01.796727+00;2025-10-16 10:11:01.796727+00;;(956) 517-7498;false;false;;
2a24ae0c-6557-4b3d-abd4-084e2b3c2d00;Greenstar Power LLC;Solar Installation;Imported;;Greenstar Power LLC;https://www.greenstarpower.com/sanantonio-tx;San Antonio;Texas;;;;US;false;"[""Solar energy company""]";4.3;113;;false;2025-10-16 10:11:02.342431+00;2025-10-16 10:11:02.342431+00;;(512) 291-7571;false;false;;
2a41fb86-869b-40b0-8573-d72d076fbbe4;Synergy Electric;Solar Installation;Imported;;Synergy Electric;https://synergy-electric.net/;San Antonio;Texas;;;;US;false;"[""Electrician""]";5;4;;false;2025-10-16 10:11:02.804601+00;2025-10-16 10:11:02.804601+00;;(210) 704-7610;false;false;;
4b4c172a-c76b-46ad-9360-df5b637f596b;The Professional Shutter Company;Solar Installation;Imported;;The Professional Shutter Company;https://theprofessionalshuttercompany.com/;Rio Hondo;Texas;;;;US;false;"[""Window treatment store""]";4.2;19;;false;2025-10-16 10:11:03.236905+00;2025-10-16 10:11:03.236905+00;;(956) 561-9664;false;false;;
380a1159-da3c-42a0-8276-63c8bcd9d391;Sunfinity Solar;Solar Installation;Imported;;Sunfinity Solar;https://sunfinity.com/;Dallas;Texas;;;;US;false;"[""Solar energy company""]";3.4;54;;false;2025-10-16 10:11:03.481023+00;2025-10-16 10:11:03.481023+00;;(844) 786-3461;false;false;;
bb144972-4de6-4ad8-b6f4-797e96aa958d;Sustainable Roofing & Solar;Solar Installation;Imported;;Sustainable Roofing & Solar;https://sustainableroof.com/;San Antonio;Texas;;;;US;false;"[""Roofing contractor""]";4.8;159;;false;2025-10-16 10:11:03.729774+00;2025-10-16 10:11:03.729774+00;;(210) 900-1999;false;false;;
8a786d3e-13c2-43af-8abe-686d78345720;Skyler Merry;PV System Inspector (PVSI);PVSI-082124-013716;2027-08-19;Freedom Solar Power;;Sulphur Springs;TX;75482;;;USA;false;[];;0;;false;2025-10-14 05:31:50.315464+00;2025-10-16 10:11:25.209014+00;;	+1 512-759-8313;false;false;;
118734eb-2b93-47a4-9a53-b8b4fad304dc;Ankitha Buduma;PV Installation Professional (PVIP);PV-011120-028980;2026-08-11;Pure Energy;https://pure.solar;San Antonio;TX;78216;;;USA;false;[];;0;;false;2025-10-14 05:31:50.315464+00;2025-10-16 10:11:35.585824+00;;	+1 833-937-7873;false;false;;
3be091a6-927c-4153-88de-de6e6b38f978;Cristian Valerio;PV Installation Professional (PVIP);PV-110823-013932;2026-11-07;Harvest Solar Inc;https://www.harvestsolarinc.com/;Carrollton;TX;75042;;;USA;false;[];;0;;false;2025-10-14 05:31:50.315464+00;2025-10-16 10:11:50.533179+00;;	+1 888-719-4787;false;false;;
cba7ee62-bd31-4f2e-9956-4dcc5ab2bec4;Derrick Reddell;PV System Inspector (PVSI);PVSI-102423-013663;2026-10-20;;;Sulphur Springs;TX;75482;;;USA;false;[];;0;;false;2025-10-14 05:35:11.831222+00;2025-10-16 10:12:08.54694+00;;	+1 903-885-7571;false;false;;
615aa547-ece1-4bdf-90e7-a3714eae964c;Brandon Fisher;PV Installation Professional (PVIP);PV-IP/02211/12-16-20/1;2025-12-16;E2S Renewables;;Houston;TX;77429;;;USA;false;[];;0;;false;2025-10-14 06:03:38.119954+00;2025-10-16 10:13:29.784771+00;;	+1 713-393-7659;false;false;;
4939ce53-2b44-441e-b44c-e444e9de2dc8;Gary Goinalka;PV Installation Professional (PVIP);PV-IP/04217/9-16123;2025-09-16;Texas Solar Energy;https://texsolarenergy.com;Boerne;TX;78006;;;USA;false;[];;0;;false;2025-10-14 06:03:38.119954+00;2025-10-16 10:13:43.473983+00;;	+1 210-802-4222;false;false;;
6d50d059-ebbe-4103-9f93-f55edb88a3c1;Dustin Haschel;PV Installation Professional (PVIP);PV-IP/132206/2/17/14;2026-02-17;Sunlane Electric;https://sunlaneelectric.com;Boerne;TX;78006;;;USA;false;[];;0;;false;2025-10-14 06:03:38.119954+00;2025-10-16 10:13:56.857035+00;;	+1 210-414-8695;false;false;;
4ff9997c-ba5c-4897-9549-53ffcc2a6361;Evolve Solar Installation;Solar Installation;Imported;;Evolve Solar Installation;https://friscosolarinstallation.com/;Frisco;Texas;;;;US;false;"[""Solar energy company""]";5;41;;false;2025-10-16 10:11:03.962688+00;2025-10-16 10:11:03.962688+00;;(469) 224-5039;false;false;;
82dabdf0-3462-4259-9a18-75e78c20deb7;Joe Murillo;PV System Inspector (PVSI);PVSI-042924-013735;;;;Sulphur Springs;TX;75481;;;USA;false;[];;0;;false;2025-10-14 05:38:44.5254+00;2025-10-16 10:12:19.693047+00;;	+1 903-885-0787;false;false;;
bbc819e8-98dd-4ca5-9dd6-a72647c2bc03;Craig Dowdall;PV Installation Professional (PVIP);012115-29;;Solar Alliance;SolarAlliance17.com;San Antonio;TX;78201;;;USA;false;[];;0;;false;2025-10-14 05:38:44.5254+00;2025-10-16 10:12:28.978906+00;;	+1 865-309-4674;false;false;;
20a516bc-8fe4-45d6-b5cf-a24164c46b0e;Weijun Luo;PV Installation Professional (PVIP);PV-082423-013892;;Texas Solar Professional;www.texassolarpro.com;Monterey;TX;77514;;;USA;false;[];;0;;false;2025-10-14 05:38:44.5254+00;2025-10-16 10:12:40.110149+00;;	+1 469-581-0008;false;false;;
8041004f-a439-4470-b49c-870a49afcb73;Ben Kalkstein;PV Installation Professional (PVIP);;;Texas Power Inspections;www.texaspowerinspections.com;Houston;TX;77433;;;USA;false;[];;0;;false;2025-10-14 05:38:44.5254+00;2025-10-16 10:12:55.418151+00;;	+1 281-342-5762;false;false;;
5d9b0946-faa7-4a51-a00c-94fce1fadcf2;Mike Lamar;PV System Inspector (PVSI);PVSI-032824-013708;;Signature Solar;;Sulphur Springs;TX;75482;;;USA;false;[];;0;;false;2025-10-14 05:38:44.5254+00;2025-10-16 10:13:05.92851+00;;	+1 903-441-2090;false;false;;
19c7d510-9781-4686-914b-e04e5825292d;Francisco Ledesma;PV System Inspector (PVSI);PVSI-101621-01464;;Signature Solar;;Sulphur Springs;TX;75482;;;USA;false;[];;0;;false;2025-10-14 05:38:44.5254+00;2025-10-16 10:13:06.831801+00;;	+1 903-441-2090;false;false;;
23220ade-0df5-40b5-8cd5-f8dd2fae989b;Matthew Dunaway;PV Installation Professional (PVIP);PV-IP/02523/10/8/15;2025-10-08;HAR Renewables;https://harrenewables.com;Austin;TX;78746;;;USA;false;[];;0;;false;2025-10-14 06:03:38.119954+00;2025-10-16 10:13:12.254747+00;;	+1 512-921-6763;false;false;;
09c5ebdc-ce32-4a60-88ce-9e2c5252e2c7;Jeffrey Ellis;PV Installation Professional (PVIP);PV-IP/103278/11/8/22;2025-11-08;Luminaz Energy;https://luminazenergy.com;Houston;TX;77044;;;USA;false;[];;0;;false;2025-10-14 06:03:38.119954+00;2025-10-16 10:13:18.741808+00;;	+1 713-783-7056;false;false;;
87230b1e-319c-4856-a016-774941174f63;Terence Hooper;PV Installation Professional (PVIP);PV-IP/128381;2026-07-13;Tesla;https://thenehues.com;Austin;TX;78759;;;USA;false;[];;0;;false;2025-10-14 06:03:38.119954+00;2025-10-16 10:14:00.522084+00;;	+1 512-516-8177;false;false;;
b994f3a7-d448-44f3-b4bd-8fb61c531958;Dylan Reil;PV Installation Professional (PVIP);PV-IP/128348;2026-05-12;Texas Solar;http://etcsolar.com;Austin;TX;78701;;;USA;false;[];;0;;false;2025-10-14 06:03:38.119954+00;2025-10-16 10:14:03.175598+00;;	+1 512-803-9652;false;false;;
59691903-0417-4b6a-81b8-bef850a00b3d;Dallas Solar;Solar Installation;Imported;;Dallas Solar;http://dallassolar.com/;Dallas;Texas;;;;US;false;"[""Solar energy company""]";;0;;false;2025-10-16 10:09:49.501407+00;2025-10-16 10:14:16.485583+00;;	+1 972-441-8230;false;false;;
d7795b3c-be79-4367-92b1-900b0ac6512f;Standard;Solar Installation;Imported;;Standard;http://standard.com/;San Antonio;Texas;;;;US;false;"[""Solar energy equipment supplier""]";2.3;75;;false;2025-10-16 10:10:44.400298+00;2025-10-16 10:14:18.932063+00;;	+1 726-444-5163;false;false;;